Workbook

Sheet Audit Info
A1: Audit Info
A3: Client Name | B3: Cushman & Wakefield
A4: Site Name | B4: 730 Third Ave
A5: Site Address | B5: 730 Third Ave, New York, NY 10017
A6: Hauler
A7: Tenant/Area Breakouts | B7: Cafeteria, Base Building
A8: Auditors | B8: Great Forest — Inga Guliyeva, Emilie Fuchs
A9: Audit Date | B9: 2025-07-15
A10: Site Occupancy
A11: Source | B11: Collected via tablet field form

Sheet Materials Master
A1: material_id | B1: material_name | C1: material_category | D1: currently_divertible | E1: accepted_in_program | F1: target: Trash | G1: target: GMPC Recycling | H1: target: Organics Recycling | I1: target: Cardboard Recycling | J1: target: Paper Recycling | K1: target: Terracycle
A2: FIB01 | B2: Corrugated Cardboard | C2: Fibers | D2: Yes | E2: Yes | F2: No | G2: Yes | H2: No | I2: Yes | J2: No | K2: No
A3: FIB02 | B3: Waxed Cardboard | C3: Fibers | D3: No | E3: No | F3: Yes | G3: No | H3: No | I3: No | J3: No | K3: No
A4: FIB03 | B4: Mixed Paper | C4: Fibers | D4: Yes | E4: Yes | F4: No | G4: Yes | H4: Yes | I4: No | J4: No | K4: No
A5: FIB04 | B5: Gable-top & Aseptic Cartons | C5: Fibers | D5: Yes | E5: Yes | F5: No | G5: Yes | H5: No | I5: No | J5: No | K5: No
A6: FIB05 | B6: Other Coated Paper Containers | C6: Fibers | D6: No | E6: No | F6: Yes | G6: No | H6: No | I6: No | J6: No | K6: No
A7: GLA01 | B7: Glass Bottles & Jars | C7: Glass | D7: Yes | E7: Yes | F7: No | G7: Yes | H7: No | I7: No | J7: No | K7: No
A8: GLA02 | B8: Broken Glass | C8: Glass | D8: No | E8: No | F8: Yes | G8: No | H8: No | I8: No | J8: No | K8: No
A9: MET01 | B9: Aluminum & Bi-metal Containers | C9: Metals | D9: Yes | E9: Yes | F9: No | G9: Yes | H9: No | I9: No | J9: No | K9: No
A10: MET02 | B10: Metal Hangers | C10: Metals | D10: No | E10: No | F10: Yes | G10: No | H10: No | I10: No | J10: No | K10: No
A11: PLA01 | B11: Rigid Plastics (1-6) | C11: Plastics | D11: Yes | E11: Yes | F11: No | G11: Yes | H11: No | I11: No | J11: No | K11: No
A12: PLA02 | B12: Soiled Rigid Plastics | C12: Plastics | D12: No | E12: No | F12: Yes | G12: No | H12: No | I12: No | J12: No | K12: No
... A20: OTH01 | B20: Residual Materials | C20: Other | D20: No | E20: No | F20: Yes | G20: No | H20: No | I20: No | J20: No | K20: No

Sheet Areas
A1: area_id | B1: area_name | C1: rollup_group
A2: CAFETERIA | B2: Cafeteria | C2: Cafeteria
A3: BASE_BLDG | B3: Base Building | C3: Base Building

Sheet Streams
A1: stream_name
A2: Trash
A3: GMPC Recycling
A4: Organics Recycling
A5: Cardboard Recycling
A6: Paper Recycling
A7: Terracycle

Sheet Fact_SortedWeights
A1: audit_id | B1: stream | C1: area | D1: material_id | E1: weight_lbs | F1: material_name | G1: material_category | H1: currently_divertible | I1: accepted_in_program | J1: belongs_here | K1: rollup_group | L1: notes
A2: 120PARK-2025 | B2: Trash | C2: Cafeteria | D2: FIB03 | E2: 4.69 | F2: =IFERROR(INDEX('Materials Master'!$B$2:$B$20,MATCH(D2,'Materials Master'!$A$2:$A$20,0)),"") -> Mixed Paper | G2: =IFERROR(INDEX('Materials Master'!$C$2:$C$20,MATCH(D2,'Materials Master'!$A$2:$A$20,0)),"") -> Fibers | H2: =IFERROR(INDEX('Materials Master'!$D$2:$D$20,MATCH(D2,'Materials Master'!$A$2:$A$20,0)),"") -> Yes | I2: =IFERROR(INDEX('Materials Master'!$E$2:$E$20,MATCH(D2,'Materials Master'!$A$2:$A$20,0)),"") -> Yes | J2: =IFERROR(IF(B2="Trash",INDEX('Materials Master'!$F$2:$F$20,MATCH(D2,'Materials Master'!$A$2:$A$20,0)),IF(B2="GMPC Recycling",INDEX('Materials Master'!$G$2:$G$20,MATCH(D2,'Materials Master'!$A$2:$A$20,0)),IF(B2="Organics Recycling",INDEX('Materials Master'!$H$2:$H$20,MATCH(D2,'Materials Master'!$A$2:$A$20,0)),IF(B2="Cardboard Recycling",INDEX('Materials Master'!$I$2:$I$20,MATCH(D2,'Materials Master'!$A$2:$A$20,0)),IF(B2="Paper Recycling",INDEX('Materials Master'!$J$2:$J$20,MATCH(D2,'Materials Master'!$A$2:$A$20,0)),IF(B2="Terracycle",INDEX('Materials Master'!$K$2:$K$20,MATCH(D2,'Materials Master'!$A$2:$A$20,0)),"No")))))),"") -> No | K2: =IFERROR(INDEX(Areas!$C$2:$C$3,MATCH(C2,Areas!$B$2:$B$3,0)),"") -> Cafeteria
A3: 120PARK-2025 | B3: Trash | C3: Cafeteria | D3: FIB04 | E3: 4.02 | F3: =IFERROR(INDEX('Materials Master'!$B$2:$B$20,MATCH(D3,'Materials Master'!$A$2:$A$20,0)),"") -> Gable-top & Aseptic Cartons | G3: =IFERROR(INDEX('Materials Master'!$C$2:$C$20,MATCH(D3,'Materials Master'!$A$2:$A$20,0)),"") -> Fibers | H3: =IFERROR(INDEX('Materials Master'!$D$2:$D$20,MATCH(D3,'Materials Master'!$A$2:$A$20,0)),"") -> Yes | I3: =IFERROR(INDEX('Materials Master'!$E$2:$E$20,MATCH(D3,'Materials Master'!$A$2:$A$20,0)),"") -> Yes | J3: =IFERROR(IF(B3="Trash",INDEX('Materials Master'!$F$2:$F$20,MATCH(D3,'Materials Master'!$A$2:$A$20,0)),IF(B3="GMPC Recycling",INDEX('Materials Master'!$G$2:$G$20,MATCH(D3,'Materials Master'!$A$2:$A$20,0)),IF(B3="Organics Recycling",INDEX('Materials Master'!$H$2:$H$20,MATCH(D3,'Materials Master'!$A$2:$A$20,0)),IF(B3="Cardboard Recycling",INDEX('Materials Master'!$I$2:$I$20,MATCH(D3,'Materials Master'!$A$2:$A$20,0)),IF(B3="Paper Recycling",INDEX('Materials Master'!$J$2:$J$20,MATCH(D3,'Materials Master'!$A$2:$A$20,0)),IF(B3="Terracycle",INDEX('Materials Master'!$K$2:$K$20,MATCH(D3,'Materials Master'!$A$2:$A$20,0)),"No")))))),"") -> No | K3: =IFERROR(INDEX(Areas!$C$2:$C$3,MATCH(C3,Areas!$B$2:$B$3,0)),"") -> Cafeteria
A4: 120PARK-2025 | B4: Trash | C4: Cafeteria | D4: FIB05 | E4: 1 | F4: =IFERROR(INDEX('Materials Master'!$B$2:$B$20,MATCH(D4,'Materials Master'!$A$2:$A$20,0)),"") -> Other Coated Paper Containers | G4: =IFERROR(INDEX('Materials Master'!$C$2:$C$20,MATCH(D4,'Materials Master'!$A$2:$A$20,0)),"") -> Fibers | H4: =IFERROR(INDEX('Materials Master'!$D$2:$D$20,MATCH(D4,'Materials Master'!$A$2:$A$20,0)),"") -> No | I4: =IFERROR(INDEX('Materials Master'!$E$2:$E$20,MATCH(D4,'Materials Master'!$A$2:$A$20,0)),"") -> No | J4: =IFERROR(IF(B4="Trash",INDEX('Materials Master'!$F$2:$F$20,MATCH(D4,'Materials Master'!$A$2:$A$20,0)),IF(B4="GMPC Recycling",INDEX('Materials Master'!$G$2:$G$20,MATCH(D4,'Materials Master'!$A$2:$A$20,0)),IF(B4="Organics Recycling",INDEX('Materials Master'!$H$2:$H$20,MATCH(D4,'Materials Master'!$A$2:$A$20,0)),IF(B4="Cardboard Recycling",INDEX('Materials Master'!$I$2:$I$20,MATCH(D4,'Materials Master'!$A$2:$A$20,0)),IF(B4="Paper Recycling",INDEX('Materials Master'!$J$2:$J$20,MATCH(D4,'Materials Master'!$A$2:$A$20,0)),IF(B4="Terracycle",INDEX('Materials Master'!$K$2:$K$20,MATCH(D4,'Materials Master'!$A$2:$A$20,0)),"No")))))),"") -> Yes | K4: =IFERROR(INDEX(Areas!$C$2:$C$3,MATCH(C4,Areas!$B$2:$B$3,0)),"") -> Cafeteria
A5: 120PARK-2025 | B5: Trash | C5: Cafeteria | D5: GLA01 | E5: 4.35 | F5: =IFERROR(INDEX('Materials Master'!$B$2:$B$20,MATCH(D5,'Materials Master'!$A$2:$A$20,0)),"") -> Glass Bottles & Jars | G5: =IFERROR(INDEX('Materials Master'!$C$2:$C$20,MATCH(D5,'Materials Master'!$A$2:$A$20,0)),"") -> Glass | H5: =IFERROR(INDEX('Materials Master'!$D$2:$D$20,MATCH(D5,'Materials Master'!$A$2:$A$20,0)),"") -> Yes | I5: =IFERROR(INDEX('Materials Master'!$E$2:$E$20,MATCH(D5,'Materials Master'!$A$2:$A$20,0)),"") -> Yes | J5: =IFERROR(IF(B5="Trash",INDEX('Materials Master'!$F$2:$F$20,MATCH(D5,'Materials Master'!$A$2:$A$20,0)),IF(B5="GMPC Recycling",INDEX('Materials Master'!$G$2:$G$20,MATCH(D5,'Materials Master'!$A$2:$A$20,0)),IF(B5="Organics Recycling",INDEX('Materials Master'!$H$2:$H$20,MATCH(D5,'Materials Master'!$A$2:$A$20,0)),IF(B5="Cardboard Recycling",INDEX('Materials Master'!$I$2:$I$20,MATCH(D5,'Materials Master'!$A$2:$A$20,0)),IF(B5="Paper Recycling",INDEX('Materials Master'!$J$2:$J$20,MATCH(D5,'Materials Master'!$A$2:$A$20,0)),IF(B5="Terracycle",INDEX('Materials Master'!$K$2:$K$20,MATCH(D5,'Materials Master'!$A$2:$A$20,0)),"No")))))),"") -> No | K5: =IFERROR(INDEX(Areas!$C$2:$C$3,MATCH(C5,Areas!$B$2:$B$3,0)),"") -> Cafeteria
A6: 120PARK-2025 | B6: Trash | C6: Cafeteria | D6: MET01 | E6: 1 | F6: =IFERROR(INDEX('Materials Master'!$B$2:$B$20,MATCH(D6,'Materials Master'!$A$2:$A$20,0)),"") -> Aluminum & Bi-metal Containers | G6: =IFERROR(INDEX('Materials Master'!$C$2:$C$20,MATCH(D6,'Materials Master'!$A$2:$A$20,0)),"") -> Metals | H6: =IFERROR(INDEX('Materials Master'!$D$2:$D$20,MATCH(D6,'Materials Master'!$A$2:$A$20,0)),"") -> Yes | I6: =IFERROR(INDEX('Materials Master'!$E$2:$E$20,MATCH(D6,'Materials Master'!$A$2:$A$20,0)),"") -> Yes | J6: =IFERROR(IF(B6="Trash",INDEX('Materials Master'!$F$2:$F$20,MATCH(D6,'Materials Master'!$A$2:$A$20,0)),IF(B6="GMPC Recycling",INDEX('Materials Master'!$G$2:$G$20,MATCH(D6,'Materials Master'!$A$2:$A$20,0)),IF(B6="Organics Recycling",INDEX('Materials Master'!$H$2:$H$20,MATCH(D6,'Materials Master'!$A$2:$A$20,0)),IF(B6="Cardboard Recycling",INDEX('Materials Master'!$I$2:$I$20,MATCH(D6,'Materials Master'!$A$2:$A$20,0)),IF(B6="Paper Recycling",INDEX('Materials Master'!$J$2:$J$20,MATCH(D6,'Materials Master'!$A$2:$A$20,0)),IF(B6="Terracycle",INDEX('Materials Master'!$K$2:$K$20,MATCH(D6,'Materials Master'!$A$2:$A$20,0)),"No")))))),"") -> No | K6: =IFERROR(INDEX(Areas!$C$2:$C$3,MATCH(C6,Areas!$B$2:$B$3,0)),"") -> Cafeteria
A7: 120PARK-2025 | B7: Trash | C7: Cafeteria | D7: PLA01 | E7: 21.1 | F7: =IFERROR(INDEX('Materials Master'!$B$2:$B$20,MATCH(D7,'Materials Master'!$A$2:$A$20,0)),"") -> Rigid Plastics (1-6) | G7: =IFERROR(INDEX('Materials Master'!$C$2:$C$20,MATCH(D7,'Materials Master'!$A$2:$A$20,0)),"") -> Plastics | H7: =IFERROR(INDEX('Materials Master'!$D$2:$D$20,MATCH(D7,'Materials Master'!$A$2:$A$20,0)),"") -> Yes | I7: =IFERROR(INDEX('Materials Master'!$E$2:$E$20,MATCH(D7,'Materials Master'!$A$2:$A$20,0)),"") -> Yes | J7: =IFERROR(IF(B7="Trash",INDEX('Materials Master'!$F$2:$F$20,MATCH(D7,'Materials Master'!$A$2:$A$20,0)),IF(B7="GMPC Recycling",INDEX('Materials Master'!$G$2:$G$20,MATCH(D7,'Materials Master'!$A$2:$A$20,0)),IF(B7="Organics Recycling",INDEX('Materials Master'!$H$2:$H$20,MATCH(D7,'Materials Master'!$A$2:$A$20,0)),IF(B7="Cardboard Recycling",INDEX('Materials Master'!$I$2:$I$20,MATCH(D7,'Materials Master'!$A$2:$A$20,0)),IF(B7="Paper Recycling",INDEX('Materials Master'!$J$2:$J$20,MATCH(D7,'Materials Master'!$A$2:$A$20,0)),IF(B7="Terracycle",INDEX('Materials Master'!$K$2:$K$20,MATCH(D7,'Materials Master'!$A$2:$A$20,0)),"No")))))),"") -> No | K7: =IFERROR(INDEX(Areas!$C$2:$C$3,MATCH(C7,Areas!$B$2:$B$3,0)),"") -> Cafeteria
A8: 120PARK-2025 | B8: Trash | C8: Cafeteria | D8: PLA04 | E8: 8.71 | F8: =IFERROR(INDEX('Materials Master'!$B$2:$B$20,MATCH(D8,'Materials Master'!$A$2:$A$20,0)),"") -> Waste Disposal Bags | G8: =IFERROR(INDEX('Materials Master'!$C$2:$C$20,MATCH(D8,'Materials Master'!$A$2:$A$20,0)),"") -> Plastics | H8: =IFERROR(INDEX('Materials Master'!$D$2:$D$20,MATCH(D8,'Materials Master'!$A$2:$A$20,0)),"") -> No | I8: =IFERROR(INDEX('Materials Master'!$E$2:$E$20,MATCH(D8,'Materials Master'!$A$2:$A$20,0)),"") -> No | J8: =IFERROR(IF(B8="Trash",INDEX('Materials Master'!$F$2:$F$20,MATCH(D8,'Materials Master'!$A$2:$A$20,0)),IF(B8="GMPC Recycling",INDEX('Materials Master'!$G$2:$G$20,MATCH(D8,'Materials Master'!$A$2:$A$20,0)),IF(B8="Organics Recycling",INDEX('Materials Master'!$H$2:$H$20,MATCH(D8,'Materials Master'!$A$2:$A$20,0)),IF(B8="Cardboard Recycling",INDEX('Materials Master'!$I$2:$I$20,MATCH(D8,'Materials Master'!$A$2:$A$20,0)),IF(B8="Paper Recycling",INDEX('Materials Master'!$J$2:$J$20,MATCH(D8,'Materials Master'!$A$2:$A$20,0)),IF(B8="Terracycle",INDEX('Materials Master'!$K$2:$K$20,MATCH(D8,'Materials Master'!$A$2:$A$20,0)),"No")))))),"") -> Yes | K8: =IFERROR(INDEX(Areas!$C$2:$C$3,MATCH(C8,Areas!$B$2:$B$3,0)),"") -> Cafeteria
A9: 120PARK-2025 | B9: Trash | C9: Cafeteria | D9: ORG01 | E9: 79.02 | F9: =IFERROR(INDEX('Materials Master'!$B$2:$B$20,MATCH(D9,'Materials Master'!$A$2:$A$20,0)),"") -> Food Waste | G9: =IFERROR(INDEX('Materials Master'!$C$2:$C$20,MATCH(D9,'Materials Master'!$A$2:$A$20,0)),"") -> Organics | H9: =IFERROR(INDEX('Materials Master'!$D$2:$D$20,MATCH(D9,'Materials Master'!$A$2:$A$20,0)),"") -> No | I9: =IFERROR(INDEX('Materials Master'!$E$2:$E$20,MATCH(D9,'Materials Master'!$A$2:$A$20,0)),"") -> Yes | J9: =IFERROR(IF(B9="Trash",INDEX('Materials Master'!$F$2:$F$20,MATCH(D9,'Materials Master'!$A$2:$A$20,0)),IF(B9="GMPC Recycling",INDEX('Materials Master'!$G$2:$G$20,MATCH(D9,'Materials Master'!$A$2:$A$20,0)),IF(B9="Organics Recycling",INDEX('Materials Master'!$H$2:$H$20,MATCH(D9,'Materials Master'!$A$2:$A$20,0)),IF(B9="Cardboard Recycling",INDEX('Materials Master'!$I$2:$I$20,MATCH(D9,'Materials Master'!$A$2:$A$20,0)),IF(B9="Paper Recycling",INDEX('Materials Master'!$J$2:$J$20,MATCH(D9,'Materials Master'!$A$2:$A$20,0)),IF(B9="Terracycle",INDEX('Materials Master'!$K$2:$K$20,MATCH(D9,'Materials Master'!$A$2:$A$20,0)),"No")))))),"") -> No | K9: =IFERROR(INDEX(Areas!$C$2:$C$3,MATCH(C9,Areas!$B$2:$B$3,0)),"") -> Cafeteria
A10: 120PARK-2025 | B10: Trash | C10: Cafeteria | D10: ORG02 | E10: 20.09 | F10: =IFERROR(INDEX('Materials Master'!$B$2:$B$20,MATCH(D10,'Materials Master'!$A$2:$A$20,0)),"") -> Paper Fibers and FSP | G10: =IFERROR(INDEX('Materials Master'!$C$2:$C$20,MATCH(D10,'Materials Master'!$A$2:$A$20,0)),"") -> Organics | H10: =IFERROR(INDEX('Materials Master'!$D$2:$D$20,MATCH(D10,'Materials Master'!$A$2:$A$20,0)),"") -> No | I10: =IFERROR(INDEX('Materials Master'!$E$2:$E$20,MATCH(D10,'Materials Master'!$A$2:$A$20,0)),"") -> No | J10: =IFERROR(IF(B10="Trash",INDEX('Materials Master'!$F$2:$F$20,MATCH(D10,'Materials Master'!$A$2:$A$20,0)),IF(B10="GMPC Recycling",INDEX('Materials Master'!$G$2:$G$20,MATCH(D10,'Materials Master'!$A$2:$A$20,0)),IF(B10="Organics Recycling",INDEX('Materials Master'!$H$2:$H$20,MATCH(D10,'Materials Master'!$A$2:$A$20,0)),IF(B10="Cardboard Recycling",INDEX('Materials Master'!$I$2:$I$20,MATCH(D10,'Materials Master'!$A$2:$A$20,0)),IF(B10="Paper Recycling",INDEX('Materials Master'!$J$2:$J$20,MATCH(D10,'Materials Master'!$A$2:$A$20,0)),IF(B10="Terracycle",INDEX('Materials Master'!$K$2:$K$20,MATCH(D10,'Materials Master'!$A$2:$A$20,0)),"No")))))),"") -> Yes | K10: =IFERROR(INDEX(Areas!$C$2:$C$3,MATCH(C10,Areas!$B$2:$B$3,0)),"") -> Cafeteria
A11: 120PARK-2025 | B11: Trash | C11: Cafeteria | D11: ORG03 | E11: 15.74 | F11: =IFERROR(INDEX('Materials Master'!$B$2:$B$20,MATCH(D11,'Materials Master'!$A$2:$A$20,0)),"") -> Certified Compostables | G11: =IFERROR(INDEX('Materials Master'!$C$2:$C$20,MATCH(D11,'Materials Master'!$A$2:$A$20,0)),"") -> Organics | H11: =IFERROR(INDEX('Materials Master'!$D$2:$D$20,MATCH(D11,'Materials Master'!$A$2:$A$20,0)),"") -> No | I11: =IFERROR(INDEX('Materials Master'!$E$2:$E$20,MATCH(D11,'Materials Master'!$A$2:$A$20,0)),"") -> No | J11: =IFERROR(IF(B11="Trash",INDEX('Materials Master'!$F$2:$F$20,MATCH(D11,'Materials Master'!$A$2:$A$20,0)),IF(B11="GMPC Recycling",INDEX('Materials Master'!$G$2:$G$20,MATCH(D11,'Materials Master'!$A$2:$A$20,0)),IF(B11="Organics Recycling",INDEX('Materials Master'!$H$2:$H$20,MATCH(D11,'Materials Master'!$A$2:$A$20,0)),IF(B11="Cardboard Recycling",INDEX('Materials Master'!$I$2:$I$20,MATCH(D11,'Materials Master'!$A$2:$A$20,0)),IF(B11="Paper Recycling",INDEX('Materials Master'!$J$2:$J$20,MATCH(D11,'Materials Master'!$A$2:$A$20,0)),IF(B11="Terracycle",INDEX('Materials Master'!$K$2:$K$20,MATCH(D11,'Materials Master'!$A$2:$A$20,0)),"No")))))),"") -> Yes | K11: =IFERROR(INDEX(Areas!$C$2:$C$3,MATCH(C11,Areas!$B$2:$B$3,0)),"") -> Cafeteria
A12: 120PARK-2025 | B12: Trash | C12: Cafeteria | D12: UNA02 | E12: 3.35 | F12: =IFERROR(INDEX('Materials Master'!$B$2:$B$20,MATCH(D12,'Materials Master'!$A$2:$A$20,0)),"") -> Liquids | G12: =IFERROR(INDEX('Materials Master'!$C$2:$C$20,MATCH(D12,'Materials Master'!$A$2:$A$20,0)),"") -> Unacceptable | H12: =IFERROR(INDEX('Materials Master'!$D$2:$D$20,MATCH(D12,'Materials Master'!$A$2:$A$20,0)),"") -> Unacceptable | I12: =IFERROR(INDEX('Materials Master'!$E$2:$E$20,MATCH(D12,'Materials Master'!$A$2:$A$20,0)),"") -> No | J12: =IFERROR(IF(B12="Trash",INDEX('Materials Master'!$F$2:$F$20,MATCH(D12,'Materials Master'!$A$2:$A$20,0)),IF(B12="GMPC Recycling",INDEX('Materials Master'!$G$2:$G$20,MATCH(D12,'Materials Master'!$A$2:$A$20,0)),IF(B12="Organics Recycling",INDEX('Materials Master'!$H$2:$H$20,MATCH(D12,'Materials Master'!$A$2:$A$20,0)),IF(B12="Cardboard Recycling",INDEX('Materials Master'!$I$2:$I$20,MATCH(D12,'Materials Master'!$A$2:$A$20,0)),IF(B12="Paper Recycling",INDEX('Materials Master'!$J$2:$J$20,MATCH(D12,'Materials Master'!$A$2:$A$20,0)),IF(B12="Terracycle",INDEX('Materials Master'!$K$2:$K$20,MATCH(D12,'Materials Master'!$A$2:$A$20,0)),"No")))))),"") -> Yes | K12: =IFERROR(INDEX(Areas!$C$2:$C$3,MATCH(C12,Areas!$B$2:$B$3,0)),"") -> Cafeteria
A13: 120PARK-2025 | B13: Trash | C13: Cafeteria | D13: OTH01 | E13: 35.83 | F13: =IFERROR(INDEX('Materials Master'!$B$2:$B$20,MATCH(D13,'Materials Master'!$A$2:$A$20,0)),"") -> Residual Materials | G13: =IFERROR(INDEX('Materials Master'!$C$2:$C$20,MATCH(D13,'Materials Master'!$A$2:$A$20,0)),"") -> Other | H13: =IFERROR(INDEX('Materials Master'!$D$2:$D$20,MATCH(D13,'Materials Master'!$A$2:$A$20,0)),"") -> No | I13: =IFERROR(INDEX('Materials Master'!$E$2:$E$20,MATCH(D13,'Materials Master'!$A$2:$A$20,0)),"") -> No | J13: =IFERROR(IF(B13="Trash",INDEX('Materials Master'!$F$2:$F$20,MATCH(D13,'Materials Master'!$A$2:$A$20,0)),IF(B13="GMPC Recycling",INDEX('Materials Master'!$G$2:$G$20,MATCH(D13,'Materials Master'!$A$2:$A$20,0)),IF(B13="Organics Recycling",INDEX('Materials Master'!$H$2:$H$20,MATCH(D13,'Materials Master'!$A$2:$A$20,0)),IF(B13="Cardboard Recycling",INDEX('Materials Master'!$I$2:$I$20,MATCH(D13,'Materials Master'!$A$2:$A$20,0)),IF(B13="Paper Recycling",INDEX('Materials Master'!$J$2:$J$20,MATCH(D13,'Materials Master'!$A$2:$A$20,0)),IF(B13="Terracycle",INDEX('Materials Master'!$K$2:$K$20,MATCH(D13,'Materials Master'!$A$2:$A$20,0)),"No")))))),"") -> Yes | K13: =IFERROR(INDEX(Areas!$C$2:$C$3,MATCH(C13,Areas!$B$2:$B$3,0)),"") -> Cafeteria
... A67: 120PARK-2025 | B67: Cardboard Recycling | C67: Base Building | D67: FIB01 | E67: 84.6 | F67: =IFERROR(INDEX('Materials Master'!$B$2:$B$20,MATCH(D67,'Materials Master'!$A$2:$A$20,0)),"") -> Corrugated Cardboard | G67: =IFERROR(INDEX('Materials Master'!$C$2:$C$20,MATCH(D67,'Materials Master'!$A$2:$A$20,0)),"") -> Fibers | H67: =IFERROR(INDEX('Materials Master'!$D$2:$D$20,MATCH(D67,'Materials Master'!$A$2:$A$20,0)),"") -> Yes | I67: =IFERROR(INDEX('Materials Master'!$E$2:$E$20,MATCH(D67,'Materials Master'!$A$2:$A$20,0)),"") -> Yes | J67: =IFERROR(IF(B67="Trash",INDEX('Materials Master'!$F$2:$F$20,MATCH(D67,'Materials Master'!$A$2:$A$20,0)),IF(B67="GMPC Recycling",INDEX('Materials Master'!$G$2:$G$20,MATCH(D67,'Materials Master'!$A$2:$A$20,0)),IF(B67="Organics Recycling",INDEX('Materials Master'!$H$2:$H$20,MATCH(D67,'Materials Master'!$A$2:$A$20,0)),IF(B67="Cardboard Recycling",INDEX('Materials Master'!$I$2:$I$20,MATCH(D67,'Materials Master'!$A$2:$A$20,0)),IF(B67="Paper Recycling",INDEX('Materials Master'!$J$2:$J$20,MATCH(D67,'Materials Master'!$A$2:$A$20,0)),IF(B67="Terracycle",INDEX('Materials Master'!$K$2:$K$20,MATCH(D67,'Materials Master'!$A$2:$A$20,0)),"No")))))),"") -> Yes | K67: =IFERROR(INDEX(Areas!$C$2:$C$3,MATCH(C67,Areas!$B$2:$B$3,0)),"") -> Base Building

Sheet Fact_PreSortWeights
A1: audit_id | B1: stream | C1: area | D1: bag_number | E1: weight_lbs | F1: notes
A2: 120PARK-2025 | B2: Trash | C2: Cafeteria | D2: 1 | E2: 198.9
A3: 120PARK-2025 | B3: GMPC Recycling | C3: Cafeteria | D3: 1 | E3: 17.79
A4: 120PARK-2025 | B4: Organics Recycling | C4: Cafeteria | D4: 1 | E4: 305.99
A5: 120PARK-2025 | B5: Trash | C5: Base Building | D5: 1 | E5: 507.98
A6: 120PARK-2025 | B6: GMPC Recycling | C6: Base Building | D6: 1 | E6: 143.8

Sheet Fact_Extrapolated
A1: area | B1: stream | C1: material_id | D1: material_name | E1: material_category | F1: extrapolated_weight_lbs | G1: correctly_placed | H1: accepted_in_program | I1: rollup_group | J1: belongs_here
A2: Cafeteria | B2: Trash | C2: FIB01 | D2: =IFERROR(INDEX('Materials Master'!$B$2:$B$20,MATCH($C2,'Materials Master'!$A$2:$A$20,0)),"") -> Corrugated Cardboard | E2: =IFERROR(INDEX('Materials Master'!$C$2:$C$20,MATCH($C2,'Materials Master'!$A$2:$A$20,0)),"") -> Fibers | F2: =IF(SUMIFS(Fact_SortedWeights!$E$2:$E$67,Fact_SortedWeights!$C$2:$C$67,$A2,Fact_SortedWeights!$B$2:$B$67,$B2)=0,0,SUMIFS(Fact_SortedWeights!$E$2:$E$67,Fact_SortedWeights!$C$2:$C$67,$A2,Fact_SortedWeights!$B$2:$B$67,$B2,Fact_SortedWeights!$D$2:$D$67,$C2)/SUMIFS(Fact_SortedWeights!$E$2:$E$67,Fact_SortedWeights!$C$2:$C$67,$A2,Fact_SortedWeights!$B$2:$B$67,$B2)*(IF($B2="Cardboard Recycling",SUMIFS(Fact_SortedWeights!$E$2:$E$67,Fact_SortedWeights!$C$2:$C$67,$A2,Fact_SortedWeights!$B$2:$B$67,$B2),SUMIFS(Fact_PreSortWeights!$E$2:$E$6,Fact_PreSortWeights!$C$2:$C$6,$A2,Fact_PreSortWeights!$B$2:$B$6,$B2)))) -> 0 | G2: =IF(AND(IF($B2="Trash",INDEX('Materials Master'!$F$2:$F$20,MATCH($C2,'Materials Master'!$A$2:$A$20,0)),IF($B2="GMPC Recycling",INDEX('Materials Master'!$G$2:$G$20,MATCH($C2,'Materials Master'!$A$2:$A$20,0)),IF($B2="Organics Recycling",INDEX('Materials Master'!$H$2:$H$20,MATCH($C2,'Materials Master'!$A$2:$A$20,0)),IF($B2="Cardboard Recycling",INDEX('Materials Master'!$I$2:$I$20,MATCH($C2,'Materials Master'!$A$2:$A$20,0)),IF($B2="Paper Recycling",INDEX('Materials Master'!$J$2:$J$20,MATCH($C2,'Materials Master'!$A$2:$A$20,0)),IF($B2="Terracycle",INDEX('Materials Master'!$K$2:$K$20,MATCH($C2,'Materials Master'!$A$2:$A$20,0)),"No"))))))="Yes",INDEX('Materials Master'!$E$2:$E$20,MATCH($C2,'Materials Master'!$A$2:$A$20,0))="Yes",$B2<>"Trash"),1,0) -> 0 | H2: =INDEX('Materials Master'!$E$2:$E$20,MATCH($C2,'Materials Master'!$A$2:$A$20,0)) -> Yes | I2: =IFERROR(INDEX(Areas!$C$2:$C$3,MATCH($A2,Areas!$B$2:$B$3,0)),"") -> Cafeteria | J2: =IF(IF($B2="Trash",INDEX('Materials Master'!$F$2:$F$20,MATCH($C2,'Materials Master'!$A$2:$A$20,0)),IF($B2="GMPC Recycling",INDEX('Materials Master'!$G$2:$G$20,MATCH($C2,'Materials Master'!$A$2:$A$20,0)),IF($B2="Organics Recycling",INDEX('Materials Master'!$H$2:$H$20,MATCH($C2,'Materials Master'!$A$2:$A$20,0)),IF($B2="Cardboard Recycling",INDEX('Materials Master'!$I$2:$I$20,MATCH($C2,'Materials Master'!$A$2:$A$20,0)),IF($B2="Paper Recycling",INDEX('Materials Master'!$J$2:$J$20,MATCH($C2,'Materials Master'!$A$2:$A$20,0)),IF($B2="Terracycle",INDEX('Materials Master'!$K$2:$K$20,MATCH($C2,'Materials Master'!$A$2:$A$20,0)),"No"))))))="Yes",1,0) -> 0
A3: Cafeteria | B3: Trash | C3: FIB02 | D3: =IFERROR(INDEX('Materials Master'!$B$2:$B$20,MATCH($C3,'Materials Master'!$A$2:$A$20,0)),"") -> Waxed Cardboard | E3: =IFERROR(INDEX('Materials Master'!$C$2:$C$20,MATCH($C3,'Materials Master'!$A$2:$A$20,0)),"") -> Fibers | F3: =IF(SUMIFS(Fact_SortedWeights!$E$2:$E$67,Fact_SortedWeights!$C$2:$C$67,$A3,Fact_SortedWeights!$B$2:$B$67,$B3)=0,0,SUMIFS(Fact_SortedWeights!$E$2:$E$67,Fact_SortedWeights!$C$2:$C$67,$A3,Fact_SortedWeights!$B$2:$B$67,$B3,Fact_SortedWeights!$D$2:$D$67,$C3)/SUMIFS(Fact_SortedWeights!$E$2:$E$67,Fact_SortedWeights!$C$2:$C$67,$A3,Fact_SortedWeights!$B$2:$B$67,$B3)*(IF($B3="Cardboard Recycling",SUMIFS(Fact_SortedWeights!$E$2:$E$67,Fact_SortedWeights!$C$2:$C$67,$A3,Fact_SortedWeights!$B$2:$B$67,$B3),SUMIFS(Fact_PreSortWeights!$E$2:$E$6,Fact_PreSortWeights!$C$2:$C$6,$A3,Fact_PreSortWeights!$B$2:$B$6,$B3)))) -> 0 | G3: =IF(AND(IF($B3="Trash",INDEX('Materials Master'!$F$2:$F$20,MATCH($C3,'Materials Master'!$A$2:$A$20,0)),IF($B3="GMPC Recycling",INDEX('Materials Master'!$G$2:$G$20,MATCH($C3,'Materials Master'!$A$2:$A$20,0)),IF($B3="Organics Recycling",INDEX('Materials Master'!$H$2:$H$20,MATCH($C3,'Materials Master'!$A$2:$A$20,0)),IF($B3="Cardboard Recycling",INDEX('Materials Master'!$I$2:$I$20,MATCH($C3,'Materials Master'!$A$2:$A$20,0)),IF($B3="Paper Recycling",INDEX('Materials Master'!$J$2:$J$20,MATCH($C3,'Materials Master'!$A$2:$A$20,0)),IF($B3="Terracycle",INDEX('Materials Master'!$K$2:$K$20,MATCH($C3,'Materials Master'!$A$2:$A$20,0)),"No"))))))="Yes",INDEX('Materials Master'!$E$2:$E$20,MATCH($C3,'Materials Master'!$A$2:$A$20,0))="Yes",$B3<>"Trash"),1,0) -> 0 | H3: =INDEX('Materials Master'!$E$2:$E$20,MATCH($C3,'Materials Master'!$A$2:$A$20,0)) -> No | I3: =IFERROR(INDEX(Areas!$C$2:$C$3,MATCH($A3,Areas!$B$2:$B$3,0)),"") -> Cafeteria | J3: =IF(IF($B3="Trash",INDEX('Materials Master'!$F$2:$F$20,MATCH($C3,'Materials Master'!$A$2:$A$20,0)),IF($B3="GMPC Recycling",INDEX('Materials Master'!$G$2:$G$20,MATCH($C3,'Materials Master'!$A$2:$A$20,0)),IF($B3="Organics Recycling",INDEX('Materials Master'!$H$2:$H$20,MATCH($C3,'Materials Master'!$A$2:$A$20,0)),IF($B3="Cardboard Recycling",INDEX('Materials Master'!$I$2:$I$20,MATCH($C3,'Materials Master'!$A$2:$A$20,0)),IF($B3="Paper Recycling",INDEX('Materials Master'!$J$2:$J$20,MATCH($C3,'Materials Master'!$A$2:$A$20,0)),IF($B3="Terracycle",INDEX('Materials Master'!$K$2:$K$20,MATCH($C3,'Materials Master'!$A$2:$A$20,0)),"No"))))))="Yes",1,0) -> 1
A4: Cafeteria | B4: Trash | C4: FIB03 | D4: =IFERROR(INDEX('Materials Master'!$B$2:$B$20,MATCH($C4,'Materials Master'!$A$2:$A$20,0)),"") -> Mixed Paper | E4: =IFERROR(INDEX('Materials Master'!$C$2:$C$20,MATCH($C4,'Materials Master'!$A$2:$A$20,0)),"") -> Fibers | F4: =IF(SUMIFS(Fact_SortedWeights!$E$2:$E$67,Fact_SortedWeights!$C$2:$C$67,$A4,Fact_SortedWeights!$B$2:$B$67,$B4)=0,0,SUMIFS(Fact_SortedWeights!$E$2:$E$67,Fact_SortedWeights!$C$2:$C$67,$A4,Fact_SortedWeights!$B$2:$B$67,$B4,Fact_SortedWeights!$D$2:$D$67,$C4)/SUMIFS(Fact_SortedWeights!$E$2:$E$67,Fact_SortedWeights!$C$2:$C$67,$A4,Fact_SortedWeights!$B$2:$B$67,$B4)*(IF($B4="Cardboard Recycling",SUMIFS(Fact_SortedWeights!$E$2:$E$67,Fact_SortedWeights!$C$2:$C$67,$A4,Fact_SortedWeights!$B$2:$B$67,$B4),SUMIFS(Fact_PreSortWeights!$E$2:$E$6,Fact_PreSortWeights!$C$2:$C$6,$A4,Fact_PreSortWeights!$B$2:$B$6,$B4)))) -> 4.69 | G4: =IF(AND(IF($B4="Trash",INDEX('Materials Master'!$F$2:$F$20,MATCH($C4,'Materials Master'!$A$2:$A$20,0)),IF($B4="GMPC Recycling",INDEX('Materials Master'!$G$2:$G$20,MATCH($C4,'Materials Master'!$A$2:$A$20,0)),IF($B4="Organics Recycling",INDEX('Materials Master'!$H$2:$H$20,MATCH($C4,'Materials Master'!$A$2:$A$20,0)),IF($B4="Cardboard Recycling",INDEX('Materials Master'!$I$2:$I$20,MATCH($C4,'Materials Master'!$A$2:$A$20,0)),IF($B4="Paper Recycling",INDEX('Materials Master'!$J$2:$J$20,MATCH($C4,'Materials Master'!$A$2:$A$20,0)),IF($B4="Terracycle",INDEX('Materials Master'!$K$2:$K$20,MATCH($C4,'Materials Master'!$A$2:$A$20,0)),"No"))))))="Yes",INDEX('Materials Master'!$E$2:$E$20,MATCH($C4,'Materials Master'!$A$2:$A$20,0))="Yes",$B4<>"Trash"),1,0) -> 0 | H4: =INDEX('Materials Master'!$E$2:$E$20,MATCH($C4,'Materials Master'!$A$2:$A$20,0)) -> Yes | I4: =IFERROR(INDEX(Areas!$C$2:$C$3,MATCH($A4,Areas!$B$2:$B$3,0)),"") -> Cafeteria | J4: =IF(IF($B4="Trash",INDEX('Materials Master'!$F$2:$F$20,MATCH($C4,'Materials Master'!$A$2:$A$20,0)),IF($B4="GMPC Recycling",INDEX('Materials Master'!$G$2:$G$20,MATCH($C4,'Materials Master'!$A$2:$A$20,0)),IF($B4="Organics Recycling",INDEX('Materials Master'!$H$2:$H$20,MATCH($C4,'Materials Master'!$A$2:$A$20,0)),IF($B4="Cardboard Recycling",INDEX('Materials Master'!$I$2:$I$20,MATCH($C4,'Materials Master'!$A$2:$A$20,0)),IF($B4="Paper Recycling",INDEX('Materials Master'!$J$2:$J$20,MATCH($C4,'Materials Master'!$A$2:$A$20,0)),IF($B4="Terracycle",INDEX('Materials Master'!$K$2:$K$20,MATCH($C4,'Materials Master'!$A$2:$A$20,0)),"No"))))))="Yes",1,0) -> 0
A5: Cafeteria | B5: Trash | C5: FIB04 | D5: =IFERROR(INDEX('Materials Master'!$B$2:$B$20,MATCH($C5,'Materials Master'!$A$2:$A$20,0)),"") -> Gable-top & Aseptic Cartons | E5: =IFERROR(INDEX('Materials Master'!$C$2:$C$20,MATCH($C5,'Materials Master'!$A$2:$A$20,0)),"") -> Fibers | F5: =IF(SUMIFS(Fact_SortedWeights!$E$2:$E$67,Fact_SortedWeights!$C$2:$C$67,$A5,Fact_SortedWeights!$B$2:$B$67,$B5)=0,0,SUMIFS(Fact_SortedWeights!$E$2:$E$67,Fact_SortedWeights!$C$2:$C$67,$A5,Fact_SortedWeights!$B$2:$B$67,$B5,Fact_SortedWeights!$D$2:$D$67,$C5)/SUMIFS(Fact_SortedWeights!$E$2:$E$67,Fact_SortedWeights!$C$2:$C$67,$A5,Fact_SortedWeights!$B$2:$B$67,$B5)*(IF($B5="Cardboard Recycling",SUMIFS(Fact_SortedWeights!$E$2:$E$67,Fact_SortedWeights!$C$2:$C$67,$A5,Fact_SortedWeights!$B$2:$B$67,$B5),SUMIFS(Fact_PreSortWeights!$E$2:$E$6,Fact_PreSortWeights!$C$2:$C$6,$A5,Fact_PreSortWeights!$B$2:$B$6,$B5)))) -> 4.02 | G5: =IF(AND(IF($B5="Trash",INDEX('Materials Master'!$F$2:$F$20,MATCH($C5,'Materials Master'!$A$2:$A$20,0)),IF($B5="GMPC Recycling",INDEX('Materials Master'!$G$2:$G$20,MATCH($C5,'Materials Master'!$A$2:$A$20,0)),IF($B5="Organics Recycling",INDEX('Materials Master'!$H$2:$H$20,MATCH($C5,'Materials Master'!$A$2:$A$20,0)),IF($B5="Cardboard Recycling",INDEX('Materials Master'!$I$2:$I$20,MATCH($C5,'Materials Master'!$A$2:$A$20,0)),IF($B5="Paper Recycling",INDEX('Materials Master'!$J$2:$J$20,MATCH($C5,'Materials Master'!$A$2:$A$20,0)),IF($B5="Terracycle",INDEX('Materials Master'!$K$2:$K$20,MATCH($C5,'Materials Master'!$A$2:$A$20,0)),"No"))))))="Yes",INDEX('Materials Master'!$E$2:$E$20,MATCH($C5,'Materials Master'!$A$2:$A$20,0))="Yes",$B5<>"Trash"),1,0) -> 0 | H5: =INDEX('Materials Master'!$E$2:$E$20,MATCH($C5,'Materials Master'!$A$2:$A$20,0)) -> Yes | I5: =IFERROR(INDEX(Areas!$C$2:$C$3,MATCH($A5,Areas!$B$2:$B$3,0)),"") -> Cafeteria | J5: =IF(IF($B5="Trash",INDEX('Materials Master'!$F$2:$F$20,MATCH($C5,'Materials Master'!$A$2:$A$20,0)),IF($B5="GMPC Recycling",INDEX('Materials Master'!$G$2:$G$20,MATCH($C5,'Materials Master'!$A$2:$A$20,0)),IF($B5="Organics Recycling",INDEX('Materials Master'!$H$2:$H$20,MATCH($C5,'Materials Master'!$A$2:$A$20,0)),IF($B5="Cardboard Recycling",INDEX('Materials Master'!$I$2:$I$20,MATCH($C5,'Materials Master'!$A$2:$A$20,0)),IF($B5="Paper Recycling",INDEX('Materials Master'!$J$2:$J$20,MATCH($C5,'Materials Master'!$A$2:$A$20,0)),IF($B5="Terracycle",INDEX('Materials Master'!$K$2:$K$20,MATCH($C5,'Materials Master'!$A$2:$A$20,0)),"No"))))))="Yes",1,0) -> 0
A6: Cafeteria | B6: Trash | C6: FIB05 | D6: =IFERROR(INDEX('Materials Master'!$B$2:$B$20,MATCH($C6,'Materials Master'!$A$2:$A$20,0)),"") -> Other Coated Paper Containers | E6: =IFERROR(INDEX('Materials Master'!$C$2:$C$20,MATCH($C6,'Materials Master'!$A$2:$A$20,0)),"") -> Fibers | F6: =IF(SUMIFS(Fact_SortedWeights!$E$2:$E$67,Fact_SortedWeights!$C$2:$C$67,$A6,Fact_SortedWeights!$B$2:$B$67,$B6)=0,0,SUMIFS(Fact_SortedWeights!$E$2:$E$67,Fact_SortedWeights!$C$2:$C$67,$A6,Fact_SortedWeights!$B$2:$B$67,$B6,Fact_SortedWeights!$D$2:$D$67,$C6)/SUMIFS(Fact_SortedWeights!$E$2:$E$67,Fact_SortedWeights!$C$2:$C$67,$A6,Fact_SortedWeights!$B$2:$B$67,$B6)*(IF($B6="Cardboard Recycling",SUMIFS(Fact_SortedWeights!$E$2:$E$67,Fact_SortedWeights!$C$2:$C$67,$A6,Fact_SortedWeights!$B$2:$B$67,$B6),SUMIFS(Fact_PreSortWeights!$E$2:$E$6,Fact_PreSortWeights!$C$2:$C$6,$A6,Fact_PreSortWeights!$B$2:$B$6,$B6)))) -> 1 | G6: =IF(AND(IF($B6="Trash",INDEX('Materials Master'!$F$2:$F$20,MATCH($C6,'Materials Master'!$A$2:$A$20,0)),IF($B6="GMPC Recycling",INDEX('Materials Master'!$G$2:$G$20,MATCH($C6,'Materials Master'!$A$2:$A$20,0)),IF($B6="Organics Recycling",INDEX('Materials Master'!$H$2:$H$20,MATCH($C6,'Materials Master'!$A$2:$A$20,0)),IF($B6="Cardboard Recycling",INDEX('Materials Master'!$I$2:$I$20,MATCH($C6,'Materials Master'!$A$2:$A$20,0)),IF($B6="Paper Recycling",INDEX('Materials Master'!$J$2:$J$20,MATCH($C6,'Materials Master'!$A$2:$A$20,0)),IF($B6="Terracycle",INDEX('Materials Master'!$K$2:$K$20,MATCH($C6,'Materials Master'!$A$2:$A$20,0)),"No"))))))="Yes",INDEX('Materials Master'!$E$2:$E$20,MATCH($C6,'Materials Master'!$A$2:$A$20,0))="Yes",$B6<>"Trash"),1,0) -> 0 | H6: =INDEX('Materials Master'!$E$2:$E$20,MATCH($C6,'Materials Master'!$A$2:$A$20,0)) -> No | I6: =IFERROR(INDEX(Areas!$C$2:$C$3,MATCH($A6,Areas!$B$2:$B$3,0)),"") -> Cafeteria | J6: =IF(IF($B6="Trash",INDEX('Materials Master'!$F$2:$F$20,MATCH($C6,'Materials Master'!$A$2:$A$20,0)),IF($B6="GMPC Recycling",INDEX('Materials Master'!$G$2:$G$20,MATCH($C6,'Materials Master'!$A$2:$A$20,0)),IF($B6="Organics Recycling",INDEX('Materials Master'!$H$2:$H$20,MATCH($C6,'Materials Master'!$A$2:$A$20,0)),IF($B6="Cardboard Recycling",INDEX('Materials Master'!$I$2:$I$20,MATCH($C6,'Materials Master'!$A$2:$A$20,0)),IF($B6="Paper Recycling",INDEX('Materials Master'!$J$2:$J$20,MATCH($C6,'Materials Master'!$A$2:$A$20,0)),IF($B6="Terracycle",INDEX('Materials Master'!$K$2:$K$20,MATCH($C6,'Materials Master'!$A$2:$A$20,0)),"No"))))))="Yes",1,0) -> 1
A7: Cafeteria | B7: Trash | C7: GLA01 | D7: =IFERROR(INDEX('Materials Master'!$B$2:$B$20,MATCH($C7,'Materials Master'!$A$2:$A$20,0)),"") -> Glass Bottles & Jars | E7: =IFERROR(INDEX('Materials Master'!$C$2:$C$20,MATCH($C7,'Materials Master'!$A$2:$A$20,0)),"") -> Glass | F7: =IF(SUMIFS(Fact_SortedWeights!$E$2:$E$67,Fact_SortedWeights!$C$2:$C$67,$A7,Fact_SortedWeights!$B$2:$B$67,$B7)=0,0,SUMIFS(Fact_SortedWeights!$E$2:$E$67,Fact_SortedWeights!$C$2:$C$67,$A7,Fact_SortedWeights!$B$2:$B$67,$B7,Fact_SortedWeights!$D$2:$D$67,$C7)/SUMIFS(Fact_SortedWeights!$E$2:$E$67,Fact_SortedWeights!$C$2:$C$67,$A7,Fact_SortedWeights!$B$2:$B$67,$B7)*(IF($B7="Cardboard Recycling",SUMIFS(Fact_SortedWeights!$E$2:$E$67,Fact_SortedWeights!$C$2:$C$67,$A7,Fact_SortedWeights!$B$2:$B$67,$B7),SUMIFS(Fact_PreSortWeights!$E$2:$E$6,Fact_PreSortWeights!$C$2:$C$6,$A7,Fact_PreSortWeights!$B$2:$B$6,$B7)))) -> 4.35 | G7: =IF(AND(IF($B7="Trash",INDEX('Materials Master'!$F$2:$F$20,MATCH($C7,'Materials Master'!$A$2:$A$20,0)),IF($B7="GMPC Recycling",INDEX('Materials Master'!$G$2:$G$20,MATCH($C7,'Materials Master'!$A$2:$A$20,0)),IF($B7="Organics Recycling",INDEX('Materials Master'!$H$2:$H$20,MATCH($C7,'Materials Master'!$A$2:$A$20,0)),IF($B7="Cardboard Recycling",INDEX('Materials Master'!$I$2:$I$20,MATCH($C7,'Materials Master'!$A$2:$A$20,0)),IF($B7="Paper Recycling",INDEX('Materials Master'!$J$2:$J$20,MATCH($C7,'Materials Master'!$A$2:$A$20,0)),IF($B7="Terracycle",INDEX('Materials Master'!$K$2:$K$20,MATCH($C7,'Materials Master'!$A$2:$A$20,0)),"No"))))))="Yes",INDEX('Materials Master'!$E$2:$E$20,MATCH($C7,'Materials Master'!$A$2:$A$20,0))="Yes",$B7<>"Trash"),1,0) -> 0 | H7: =INDEX('Materials Master'!$E$2:$E$20,MATCH($C7,'Materials Master'!$A$2:$A$20,0)) -> Yes | I7: =IFERROR(INDEX(Areas!$C$2:$C$3,MATCH($A7,Areas!$B$2:$B$3,0)),"") -> Cafeteria | J7: =IF(IF($B7="Trash",INDEX('Materials Master'!$F$2:$F$20,MATCH($C7,'Materials Master'!$A$2:$A$20,0)),IF($B7="GMPC Recycling",INDEX('Materials Master'!$G$2:$G$20,MATCH($C7,'Materials Master'!$A$2:$A$20,0)),IF($B7="Organics Recycling",INDEX('Materials Master'!$H$2:$H$20,MATCH($C7,'Materials Master'!$A$2:$A$20,0)),IF($B7="Cardboard Recycling",INDEX('Materials Master'!$I$2:$I$20,MATCH($C7,'Materials Master'!$A$2:$A$20,0)),IF($B7="Paper Recycling",INDEX('Materials Master'!$J$2:$J$20,MATCH($C7,'Materials Master'!$A$2:$A$20,0)),IF($B7="Terracycle",INDEX('Materials Master'!$K$2:$K$20,MATCH($C7,'Materials Master'!$A$2:$A$20,0)),"No"))))))="Yes",1,0) -> 0
A8: Cafeteria | B8: Trash | C8: GLA02 | D8: =IFERROR(INDEX('Materials Master'!$B$2:$B$20,MATCH($C8,'Materials Master'!$A$2:$A$20,0)),"") -> Broken Glass | E8: =IFERROR(INDEX('Materials Master'!$C$2:$C$20,MATCH($C8,'Materials Master'!$A$2:$A$20,0)),"") -> Glass | F8: =IF(SUMIFS(Fact_SortedWeights!$E$2:$E$67,Fact_SortedWeights!$C$2:$C$67,$A8,Fact_SortedWeights!$B$2:$B$67,$B8)=0,0,SUMIFS(Fact_SortedWeights!$E$2:$E$67,Fact_SortedWeights!$C$2:$C$67,$A8,Fact_SortedWeights!$B$2:$B$67,$B8,Fact_SortedWeights!$D$2:$D$67,$C8)/SUMIFS(Fact_SortedWeights!$E$2:$E$67,Fact_SortedWeights!$C$2:$C$67,$A8,Fact_SortedWeights!$B$2:$B$67,$B8)*(IF($B8="Cardboard Recycling",SUMIFS(Fact_SortedWeights!$E$2:$E$67,Fact_SortedWeights!$C$2:$C$67,$A8,Fact_SortedWeights!$B$2:$B$67,$B8),SUMIFS(Fact_PreSortWeights!$E$2:$E$6,Fact_PreSortWeights!$C$2:$C$6,$A8,Fact_PreSortWeights!$B$2:$B$6,$B8)))) -> 0 | G8: =IF(AND(IF($B8="Trash",INDEX('Materials Master'!$F$2:$F$20,MATCH($C8,'Materials Master'!$A$2:$A$20,0)),IF($B8="GMPC Recycling",INDEX('Materials Master'!$G$2:$G$20,MATCH($C8,'Materials Master'!$A$2:$A$20,0)),IF($B8="Organics Recycling",INDEX('Materials Master'!$H$2:$H$20,MATCH($C8,'Materials Master'!$A$2:$A$20,0)),IF($B8="Cardboard Recycling",INDEX('Materials Master'!$I$2:$I$20,MATCH($C8,'Materials Master'!$A$2:$A$20,0)),IF($B8="Paper Recycling",INDEX('Materials Master'!$J$2:$J$20,MATCH($C8,'Materials Master'!$A$2:$A$20,0)),IF($B8="Terracycle",INDEX('Materials Master'!$K$2:$K$20,MATCH($C8,'Materials Master'!$A$2:$A$20,0)),"No"))))))="Yes",INDEX('Materials Master'!$E$2:$E$20,MATCH($C8,'Materials Master'!$A$2:$A$20,0))="Yes",$B8<>"Trash"),1,0) -> 0 | H8: =INDEX('Materials Master'!$E$2:$E$20,MATCH($C8,'Materials Master'!$A$2:$A$20,0)) -> No | I8: =IFERROR(INDEX(Areas!$C$2:$C$3,MATCH($A8,Areas!$B$2:$B$3,0)),"") -> Cafeteria | J8: =IF(IF($B8="Trash",INDEX('Materials Master'!$F$2:$F$20,MATCH($C8,'Materials Master'!$A$2:$A$20,0)),IF($B8="GMPC Recycling",INDEX('Materials Master'!$G$2:$G$20,MATCH($C8,'Materials Master'!$A$2:$A$20,0)),IF($B8="Organics Recycling",INDEX('Materials Master'!$H$2:$H$20,MATCH($C8,'Materials Master'!$A$2:$A$20,0)),IF($B8="Cardboard Recycling",INDEX('Materials Master'!$I$2:$I$20,MATCH($C8,'Materials Master'!$A$2:$A$20,0)),IF($B8="Paper Recycling",INDEX('Materials Master'!$J$2:$J$20,MATCH($C8,'Materials Master'!$A$2:$A$20,0)),IF($B8="Terracycle",INDEX('Materials Master'!$K$2:$K$20,MATCH($C8,'Materials Master'!$A$2:$A$20,0)),"No"))))))="Yes",1,0) -> 1
A9: Cafeteria | B9: Trash | C9: MET01 | D9: =IFERROR(INDEX('Materials Master'!$B$2:$B$20,MATCH($C9,'Materials Master'!$A$2:$A$20,0)),"") -> Aluminum & Bi-metal Containers | E9: =IFERROR(INDEX('Materials Master'!$C$2:$C$20,MATCH($C9,'Materials Master'!$A$2:$A$20,0)),"") -> Metals | F9: =IF(SUMIFS(Fact_SortedWeights!$E$2:$E$67,Fact_SortedWeights!$C$2:$C$67,$A9,Fact_SortedWeights!$B$2:$B$67,$B9)=0,0,SUMIFS(Fact_SortedWeights!$E$2:$E$67,Fact_SortedWeights!$C$2:$C$67,$A9,Fact_SortedWeights!$B$2:$B$67,$B9,Fact_SortedWeights!$D$2:$D$67,$C9)/SUMIFS(Fact_SortedWeights!$E$2:$E$67,Fact_SortedWeights!$C$2:$C$67,$A9,Fact_SortedWeights!$B$2:$B$67,$B9)*(IF($B9="Cardboard Recycling",SUMIFS(Fact_SortedWeights!$E$2:$E$67,Fact_SortedWeights!$C$2:$C$67,$A9,Fact_SortedWeights!$B$2:$B$67,$B9),SUMIFS(Fact_PreSortWeights!$E$2:$E$6,Fact_PreSortWeights!$C$2:$C$6,$A9,Fact_PreSortWeights!$B$2:$B$6,$B9)))) -> 1 | G9: =IF(AND(IF($B9="Trash",INDEX('Materials Master'!$F$2:$F$20,MATCH($C9,'Materials Master'!$A$2:$A$20,0)),IF($B9="GMPC Recycling",INDEX('Materials Master'!$G$2:$G$20,MATCH($C9,'Materials Master'!$A$2:$A$20,0)),IF($B9="Organics Recycling",INDEX('Materials Master'!$H$2:$H$20,MATCH($C9,'Materials Master'!$A$2:$A$20,0)),IF($B9="Cardboard Recycling",INDEX('Materials Master'!$I$2:$I$20,MATCH($C9,'Materials Master'!$A$2:$A$20,0)),IF($B9="Paper Recycling",INDEX('Materials Master'!$J$2:$J$20,MATCH($C9,'Materials Master'!$A$2:$A$20,0)),IF($B9="Terracycle",INDEX('Materials Master'!$K$2:$K$20,MATCH($C9,'Materials Master'!$A$2:$A$20,0)),"No"))))))="Yes",INDEX('Materials Master'!$E$2:$E$20,MATCH($C9,'Materials Master'!$A$2:$A$20,0))="Yes",$B9<>"Trash"),1,0) -> 0 | H9: =INDEX('Materials Master'!$E$2:$E$20,MATCH($C9,'Materials Master'!$A$2:$A$20,0)) -> Yes | I9: =IFERROR(INDEX(Areas!$C$2:$C$3,MATCH($A9,Areas!$B$2:$B$3,0)),"") -> Cafeteria | J9: =IF(IF($B9="Trash",INDEX('Materials Master'!$F$2:$F$20,MATCH($C9,'Materials Master'!$A$2:$A$20,0)),IF($B9="GMPC Recycling",INDEX('Materials Master'!$G$2:$G$20,MATCH($C9,'Materials Master'!$A$2:$A$20,0)),IF($B9="Organics Recycling",INDEX('Materials Master'!$H$2:$H$20,MATCH($C9,'Materials Master'!$A$2:$A$20,0)),IF($B9="Cardboard Recycling",INDEX('Materials Master'!$I$2:$I$20,MATCH($C9,'Materials Master'!$A$2:$A$20,0)),IF($B9="Paper Recycling",INDEX('Materials Master'!$J$2:$J$20,MATCH($C9,'Materials Master'!$A$2:$A$20,0)),IF($B9="Terracycle",INDEX('Materials Master'!$K$2:$K$20,MATCH($C9,'Materials Master'!$A$2:$A$20,0)),"No"))))))="Yes",1,0) -> 0
A10: Cafeteria | B10: Trash | C10: MET02 | D10: =IFERROR(INDEX('Materials Master'!$B$2:$B$20,MATCH($C10,'Materials Master'!$A$2:$A$20,0)),"") -> Metal Hangers | E10: =IFERROR(INDEX('Materials Master'!$C$2:$C$20,MATCH($C10,'Materials Master'!$A$2:$A$20,0)),"") -> Metals | F10: =IF(SUMIFS(Fact_SortedWeights!$E$2:$E$67,Fact_SortedWeights!$C$2:$C$67,$A10,Fact_SortedWeights!$B$2:$B$67,$B10)=0,0,SUMIFS(Fact_SortedWeights!$E$2:$E$67,Fact_SortedWeights!$C$2:$C$67,$A10,Fact_SortedWeights!$B$2:$B$67,$B10,Fact_SortedWeights!$D$2:$D$67,$C10)/SUMIFS(Fact_SortedWeights!$E$2:$E$67,Fact_SortedWeights!$C$2:$C$67,$A10,Fact_SortedWeights!$B$2:$B$67,$B10)*(IF($B10="Cardboard Recycling",SUMIFS(Fact_SortedWeights!$E$2:$E$67,Fact_SortedWeights!$C$2:$C$67,$A10,Fact_SortedWeights!$B$2:$B$67,$B10),SUMIFS(Fact_PreSortWeights!$E$2:$E$6,Fact_PreSortWeights!$C$2:$C$6,$A10,Fact_PreSortWeights!$B$2:$B$6,$B10)))) -> 0 | G10: =IF(AND(IF($B10="Trash",INDEX('Materials Master'!$F$2:$F$20,MATCH($C10,'Materials Master'!$A$2:$A$20,0)),IF($B10="GMPC Recycling",INDEX('Materials Master'!$G$2:$G$20,MATCH($C10,'Materials Master'!$A$2:$A$20,0)),IF($B10="Organics Recycling",INDEX('Materials Master'!$H$2:$H$20,MATCH($C10,'Materials Master'!$A$2:$A$20,0)),IF($B10="Cardboard Recycling",INDEX('Materials Master'!$I$2:$I$20,MATCH($C10,'Materials Master'!$A$2:$A$20,0)),IF($B10="Paper Recycling",INDEX('Materials Master'!$J$2:$J$20,MATCH($C10,'Materials Master'!$A$2:$A$20,0)),IF($B10="Terracycle",INDEX('Materials Master'!$K$2:$K$20,MATCH($C10,'Materials Master'!$A$2:$A$20,0)),"No"))))))="Yes",INDEX('Materials Master'!$E$2:$E$20,MATCH($C10,'Materials Master'!$A$2:$A$20,0))="Yes",$B10<>"Trash"),1,0) -> 0 | H10: =INDEX('Materials Master'!$E$2:$E$20,MATCH($C10,'Materials Master'!$A$2:$A$20,0)) -> No | I10: =IFERROR(INDEX(Areas!$C$2:$C$3,MATCH($A10,Areas!$B$2:$B$3,0)),"") -> Cafeteria | J10: =IF(IF($B10="Trash",INDEX('Materials Master'!$F$2:$F$20,MATCH($C10,'Materials Master'!$A$2:$A$20,0)),IF($B10="GMPC Recycling",INDEX('Materials Master'!$G$2:$G$20,MATCH($C10,'Materials Master'!$A$2:$A$20,0)),IF($B10="Organics Recycling",INDEX('Materials Master'!$H$2:$H$20,MATCH($C10,'Materials Master'!$A$2:$A$20,0)),IF($B10="Cardboard Recycling",INDEX('Materials Master'!$I$2:$I$20,MATCH($C10,'Materials Master'!$A$2:$A$20,0)),IF($B10="Paper Recycling",INDEX('Materials Master'!$J$2:$J$20,MATCH($C10,'Materials Master'!$A$2:$A$20,0)),IF($B10="Terracycle",INDEX('Materials Master'!$K$2:$K$20,MATCH($C10,'Materials Master'!$A$2:$A$20,0)),"No"))))))="Yes",1,0) -> 1
A11: Cafeteria | B11: Trash | C11: PLA01 | D11: =IFERROR(INDEX('Materials Master'!$B$2:$B$20,MATCH($C11,'Materials Master'!$A$2:$A$20,0)),"") -> Rigid Plastics (1-6) | E11: =IFERROR(INDEX('Materials Master'!$C$2:$C$20,MATCH($C11,'Materials Master'!$A$2:$A$20,0)),"") -> Plastics | F11: =IF(SUMIFS(Fact_SortedWeights!$E$2:$E$67,Fact_SortedWeights!$C$2:$C$67,$A11,Fact_SortedWeights!$B$2:$B$67,$B11)=0,0,SUMIFS(Fact_SortedWeights!$E$2:$E$67,Fact_SortedWeights!$C$2:$C$67,$A11,Fact_SortedWeights!$B$2:$B$67,$B11,Fact_SortedWeights!$D$2:$D$67,$C11)/SUMIFS(Fact_SortedWeights!$E$2:$E$67,Fact_SortedWeights!$C$2:$C$67,$A11,Fact_SortedWeights!$B$2:$B$67,$B11)*(IF($B11="Cardboard Recycling",SUMIFS(Fact_SortedWeights!$E$2:$E$67,Fact_SortedWeights!$C$2:$C$67,$A11,Fact_SortedWeights!$B$2:$B$67,$B11),SUMIFS(Fact_PreSortWeights!$E$2:$E$6,Fact_PreSortWeights!$C$2:$C$6,$A11,Fact_PreSortWeights!$B$2:$B$6,$B11)))) -> 21.1 | G11: =IF(AND(IF($B11="Trash",INDEX('Materials Master'!$F$2:$F$20,MATCH($C11,'Materials Master'!$A$2:$A$20,0)),IF($B11="GMPC Recycling",INDEX('Materials Master'!$G$2:$G$20,MATCH($C11,'Materials Master'!$A$2:$A$20,0)),IF($B11="Organics Recycling",INDEX('Materials Master'!$H$2:$H$20,MATCH($C11,'Materials Master'!$A$2:$A$20,0)),IF($B11="Cardboard Recycling",INDEX('Materials Master'!$I$2:$I$20,MATCH($C11,'Materials Master'!$A$2:$A$20,0)),IF($B11="Paper Recycling",INDEX('Materials Master'!$J$2:$J$20,MATCH($C11,'Materials Master'!$A$2:$A$20,0)),IF($B11="Terracycle",INDEX('Materials Master'!$K$2:$K$20,MATCH($C11,'Materials Master'!$A$2:$A$20,0)),"No"))))))="Yes",INDEX('Materials Master'!$E$2:$E$20,MATCH($C11,'Materials Master'!$A$2:$A$20,0))="Yes",$B11<>"Trash"),1,0) -> 0 | H11: =INDEX('Materials Master'!$E$2:$E$20,MATCH($C11,'Materials Master'!$A$2:$A$20,0)) -> Yes | I11: =IFERROR(INDEX(Areas!$C$2:$C$3,MATCH($A11,Areas!$B$2:$B$3,0)),"") -> Cafeteria | J11: =IF(IF($B11="Trash",INDEX('Materials Master'!$F$2:$F$20,MATCH($C11,'Materials Master'!$A$2:$A$20,0)),IF($B11="GMPC Recycling",INDEX('Materials Master'!$G$2:$G$20,MATCH($C11,'Materials Master'!$A$2:$A$20,0)),IF($B11="Organics Recycling",INDEX('Materials Master'!$H$2:$H$20,MATCH($C11,'Materials Master'!$A$2:$A$20,0)),IF($B11="Cardboard Recycling",INDEX('Materials Master'!$I$2:$I$20,MATCH($C11,'Materials Master'!$A$2:$A$20,0)),IF($B11="Paper Recycling",INDEX('Materials Master'!$J$2:$J$20,MATCH($C11,'Materials Master'!$A$2:$A$20,0)),IF($B11="Terracycle",INDEX('Materials Master'!$K$2:$K$20,MATCH($C11,'Materials Master'!$A$2:$A$20,0)),"No"))))))="Yes",1,0) -> 0
A12: Cafeteria | B12: Trash | C12: PLA02 | D12: =IFERROR(INDEX('Materials Master'!$B$2:$B$20,MATCH($C12,'Materials Master'!$A$2:$A$20,0)),"") -> Soiled Rigid Plastics | E12: =IFERROR(INDEX('Materials Master'!$C$2:$C$20,MATCH($C12,'Materials Master'!$A$2:$A$20,0)),"") -> Plastics | F12: =IF(SUMIFS(Fact_SortedWeights!$E$2:$E$67,Fact_SortedWeights!$C$2:$C$67,$A12,Fact_SortedWeights!$B$2:$B$67,$B12)=0,0,SUMIFS(Fact_SortedWeights!$E$2:$E$67,Fact_SortedWeights!$C$2:$C$67,$A12,Fact_SortedWeights!$B$2:$B$67,$B12,Fact_SortedWeights!$D$2:$D$67,$C12)/SUMIFS(Fact_SortedWeights!$E$2:$E$67,Fact_SortedWeights!$C$2:$C$67,$A12,Fact_SortedWeights!$B$2:$B$67,$B12)*(IF($B12="Cardboard Recycling",SUMIFS(Fact_SortedWeights!$E$2:$E$67,Fact_SortedWeights!$C$2:$C$67,$A12,Fact_SortedWeights!$B$2:$B$67,$B12),SUMIFS(Fact_PreSortWeights!$E$2:$E$6,Fact_PreSortWeights!$C$2:$C$6,$A12,Fact_PreSortWeights!$B$2:$B$6,$B12)))) -> 0 | G12: =IF(AND(IF($B12="Trash",INDEX('Materials Master'!$F$2:$F$20,MATCH($C12,'Materials Master'!$A$2:$A$20,0)),IF($B12="GMPC Recycling",INDEX('Materials Master'!$G$2:$G$20,MATCH($C12,'Materials Master'!$A$2:$A$20,0)),IF($B12="Organics Recycling",INDEX('Materials Master'!$H$2:$H$20,MATCH($C12,'Materials Master'!$A$2:$A$20,0)),IF($B12="Cardboard Recycling",INDEX('Materials Master'!$I$2:$I$20,MATCH($C12,'Materials Master'!$A$2:$A$20,0)),IF($B12="Paper Recycling",INDEX('Materials Master'!$J$2:$J$20,MATCH($C12,'Materials Master'!$A$2:$A$20,0)),IF($B12="Terracycle",INDEX('Materials Master'!$K$2:$K$20,MATCH($C12,'Materials Master'!$A$2:$A$20,0)),"No"))))))="Yes",INDEX('Materials Master'!$E$2:$E$20,MATCH($C12,'Materials Master'!$A$2:$A$20,0))="Yes",$B12<>"Trash"),1,0) -> 0 | H12: =INDEX('Materials Master'!$E$2:$E$20,MATCH($C12,'Materials Master'!$A$2:$A$20,0)) -> No | I12: =IFERROR(INDEX(Areas!$C$2:$C$3,MATCH($A12,Areas!$B$2:$B$3,0)),"") -> Cafeteria | J12: =IF(IF($B12="Trash",INDEX('Materials Master'!$F$2:$F$20,MATCH($C12,'Materials Master'!$A$2:$A$20,0)),IF($B12="GMPC Recycling",INDEX('Materials Master'!$G$2:$G$20,MATCH($C12,'Materials Master'!$A$2:$A$20,0)),IF($B12="Organics Recycling",INDEX('Materials Master'!$H$2:$H$20,MATCH($C12,'Materials Master'!$A$2:$A$20,0)),IF($B12="Cardboard Recycling",INDEX('Materials Master'!$I$2:$I$20,MATCH($C12,'Materials Master'!$A$2:$A$20,0)),IF($B12="Paper Recycling",INDEX('Materials Master'!$J$2:$J$20,MATCH($C12,'Materials Master'!$A$2:$A$20,0)),IF($B12="Terracycle",INDEX('Materials Master'!$K$2:$K$20,MATCH($C12,'Materials Master'!$A$2:$A$20,0)),"No"))))))="Yes",1,0) -> 1
A13: Cafeteria | B13: Trash | C13: PLA03 | D13: =IFERROR(INDEX('Materials Master'!$B$2:$B$20,MATCH($C13,'Materials Master'!$A$2:$A$20,0)),"") -> Film Plastics | E13: =IFERROR(INDEX('Materials Master'!$C$2:$C$20,MATCH($C13,'Materials Master'!$A$2:$A$20,0)),"") -> Plastics | F13: =IF(SUMIFS(Fact_SortedWeights!$E$2:$E$67,Fact_SortedWeights!$C$2:$C$67,$A13,Fact_SortedWeights!$B$2:$B$67,$B13)=0,0,SUMIFS(Fact_SortedWeights!$E$2:$E$67,Fact_SortedWeights!$C$2:$C$67,$A13,Fact_SortedWeights!$B$2:$B$67,$B13,Fact_SortedWeights!$D$2:$D$67,$C13)/SUMIFS(Fact_SortedWeights!$E$2:$E$67,Fact_SortedWeights!$C$2:$C$67,$A13,Fact_SortedWeights!$B$2:$B$67,$B13)*(IF($B13="Cardboard Recycling",SUMIFS(Fact_SortedWeights!$E$2:$E$67,Fact_SortedWeights!$C$2:$C$67,$A13,Fact_SortedWeights!$B$2:$B$67,$B13),SUMIFS(Fact_PreSortWeights!$E$2:$E$6,Fact_PreSortWeights!$C$2:$C$6,$A13,Fact_PreSortWeights!$B$2:$B$6,$B13)))) -> 0 | G13: =IF(AND(IF($B13="Trash",INDEX('Materials Master'!$F$2:$F$20,MATCH($C13,'Materials Master'!$A$2:$A$20,0)),IF($B13="GMPC Recycling",INDEX('Materials Master'!$G$2:$G$20,MATCH($C13,'Materials Master'!$A$2:$A$20,0)),IF($B13="Organics Recycling",INDEX('Materials Master'!$H$2:$H$20,MATCH($C13,'Materials Master'!$A$2:$A$20,0)),IF($B13="Cardboard Recycling",INDEX('Materials Master'!$I$2:$I$20,MATCH($C13,'Materials Master'!$A$2:$A$20,0)),IF($B13="Paper Recycling",INDEX('Materials Master'!$J$2:$J$20,MATCH($C13,'Materials Master'!$A$2:$A$20,0)),IF($B13="Terracycle",INDEX('Materials Master'!$K$2:$K$20,MATCH($C13,'Materials Master'!$A$2:$A$20,0)),"No"))))))="Yes",INDEX('Materials Master'!$E$2:$E$20,MATCH($C13,'Materials Master'!$A$2:$A$20,0))="Yes",$B13<>"Trash"),1,0) -> 0 | H13: =INDEX('Materials Master'!$E$2:$E$20,MATCH($C13,'Materials Master'!$A$2:$A$20,0)) -> No | I13: =IFERROR(INDEX(Areas!$C$2:$C$3,MATCH($A13,Areas!$B$2:$B$3,0)),"") -> Cafeteria | J13: =IF(IF($B13="Trash",INDEX('Materials Master'!$F$2:$F$20,MATCH($C13,'Materials Master'!$A$2:$A$20,0)),IF($B13="GMPC Recycling",INDEX('Materials Master'!$G$2:$G$20,MATCH($C13,'Materials Master'!$A$2:$A$20,0)),IF($B13="Organics Recycling",INDEX('Materials Master'!$H$2:$H$20,MATCH($C13,'Materials Master'!$A$2:$A$20,0)),IF($B13="Cardboard Recycling",INDEX('Materials Master'!$I$2:$I$20,MATCH($C13,'Materials Master'!$A$2:$A$20,0)),IF($B13="Paper Recycling",INDEX('Materials Master'!$J$2:$J$20,MATCH($C13,'Materials Master'!$A$2:$A$20,0)),IF($B13="Terracycle",INDEX('Materials Master'!$K$2:$K$20,MATCH($C13,'Materials Master'!$A$2:$A$20,0)),"No"))))))="Yes",1,0) -> 1
... A229: Base Building | B229: Terracycle | C229: OTH01 | D229: =IFERROR(INDEX('Materials Master'!$B$2:$B$20,MATCH($C229,'Materials Master'!$A$2:$A$20,0)),"") -> Residual Materials | E229: =IFERROR(INDEX('Materials Master'!$C$2:$C$20,MATCH($C229,'Materials Master'!$A$2:$A$20,0)),"") -> Other | F229: =IF(SUMIFS(Fact_SortedWeights!$E$2:$E$67,Fact_SortedWeights!$C$2:$C$67,$A229,Fact_SortedWeights!$B$2:$B$67,$B229)=0,0,SUMIFS(Fact_SortedWeights!$E$2:$E$67,Fact_SortedWeights!$C$2:$C$67,$A229,Fact_SortedWeights!$B$2:$B$67,$B229,Fact_SortedWeights!$D$2:$D$67,$C229)/SUMIFS(Fact_SortedWeights!$E$2:$E$67,Fact_SortedWeights!$C$2:$C$67,$A229,Fact_SortedWeights!$B$2:$B$67,$B229)*(IF($B229="Cardboard Recycling",SUMIFS(Fact_SortedWeights!$E$2:$E$67,Fact_SortedWeights!$C$2:$C$67,$A229,Fact_SortedWeights!$B$2:$B$67,$B229),SUMIFS(Fact_PreSortWeights!$E$2:$E$6,Fact_PreSortWeights!$C$2:$C$6,$A229,Fact_PreSortWeights!$B$2:$B$6,$B229)))) -> 0 | G229: =IF(AND(IF($B229="Trash",INDEX('Materials Master'!$F$2:$F$20,MATCH($C229,'Materials Master'!$A$2:$A$20,0)),IF($B229="GMPC Recycling",INDEX('Materials Master'!$G$2:$G$20,MATCH($C229,'Materials Master'!$A$2:$A$20,0)),IF($B229="Organics Recycling",INDEX('Materials Master'!$H$2:$H$20,MATCH($C229,'Materials Master'!$A$2:$A$20,0)),IF($B229="Cardboard Recycling",INDEX('Materials Master'!$I$2:$I$20,MATCH($C229,'Materials Master'!$A$2:$A$20,0)),IF($B229="Paper Recycling",INDEX('Materials Master'!$J$2:$J$20,MATCH($C229,'Materials Master'!$A$2:$A$20,0)),IF($B229="Terracycle",INDEX('Materials Master'!$K$2:$K$20,MATCH($C229,'Materials Master'!$A$2:$A$20,0)),"No"))))))="Yes",INDEX('Materials Master'!$E$2:$E$20,MATCH($C229,'Materials Master'!$A$2:$A$20,0))="Yes",$B229<>"Trash"),1,0) -> 0 | H229: =INDEX('Materials Master'!$E$2:$E$20,MATCH($C229,'Materials Master'!$A$2:$A$20,0)) -> No | I229: =IFERROR(INDEX(Areas!$C$2:$C$3,MATCH($A229,Areas!$B$2:$B$3,0)),"") -> Base Building | J229: =IF(IF($B229="Trash",INDEX('Materials Master'!$F$2:$F$20,MATCH($C229,'Materials Master'!$A$2:$A$20,0)),IF($B229="GMPC Recycling",INDEX('Materials Master'!$G$2:$G$20,MATCH($C229,'Materials Master'!$A$2:$A$20,0)),IF($B229="Organics Recycling",INDEX('Materials Master'!$H$2:$H$20,MATCH($C229,'Materials Master'!$A$2:$A$20,0)),IF($B229="Cardboard Recycling",INDEX('Materials Master'!$I$2:$I$20,MATCH($C229,'Materials Master'!$A$2:$A$20,0)),IF($B229="Paper Recycling",INDEX('Materials Master'!$J$2:$J$20,MATCH($C229,'Materials Master'!$A$2:$A$20,0)),IF($B229="Terracycle",INDEX('Materials Master'!$K$2:$K$20,MATCH($C229,'Materials Master'!$A$2:$A$20,0)),"No"))))))="Yes",1,0) -> 0

Sheet Overall Summary
A1: Total Waste Generation — Day of Audit
A2: Waste Stream | B2: Waste Stream Weight (lbs.) | C2: % of Total Waste Stream | D2: Weight of Material Diverted (lbs.) | E2: % of Material Diverted
A3: Trash | B3: =SUMIFS(Fact_PreSortWeights!$E$2:$E$6,Fact_PreSortWeights!$C$2:$C$6,"Cafeteria",Fact_PreSortWeights!$B$2:$B$6,"Trash")+SUMIFS(Fact_PreSortWeights!$E$2:$E$6,Fact_PreSortWeights!$C$2:$C$6,"Base Building",Fact_PreSortWeights!$B$2:$B$6,"Trash") -> 706.88 | C3: =IF($B$9=0,0,B3/$B$9) -> 0.52499146 | D3: =SUMIFS(Fact_Extrapolated!$F$2:$F$229,Fact_Extrapolated!$B$2:$B$229,A3,Fact_Extrapolated!$G$2:$G$229,1) -> 0
A4: GMPC Recycling | B4: =SUMIFS(Fact_PreSortWeights!$E$2:$E$6,Fact_PreSortWeights!$C$2:$C$6,"Cafeteria",Fact_PreSortWeights!$B$2:$B$6,"GMPC Recycling")+SUMIFS(Fact_PreSortWeights!$E$2:$E$6,Fact_PreSortWeights!$C$2:$C$6,"Base Building",Fact_PreSortWeights!$B$2:$B$6,"GMPC Recycling") -> 161.59 | C4: =IF($B$9=0,0,B4/$B$9) -> 0.12001099 | D4: =SUMIFS(Fact_Extrapolated!$F$2:$F$229,Fact_Extrapolated!$B$2:$B$229,A4,Fact_Extrapolated!$G$2:$G$229,1) -> 75.9
A5: Organics Recycling | B5: =SUMIFS(Fact_PreSortWeights!$E$2:$E$6,Fact_PreSortWeights!$C$2:$C$6,"Cafeteria",Fact_PreSortWeights!$B$2:$B$6,"Organics Recycling")+SUMIFS(Fact_PreSortWeights!$E$2:$E$6,Fact_PreSortWeights!$C$2:$C$6,"Base Building",Fact_PreSortWeights!$B$2:$B$6,"Organics Recycling") -> 305.99 | C5: =IF($B$9=0,0,B5/$B$9) -> 0.22725517 | D5: =SUMIFS(Fact_Extrapolated!$F$2:$F$229,Fact_Extrapolated!$B$2:$B$229,A5,Fact_Extrapolated!$G$2:$G$229,1) -> 303.57
A6: Cardboard Recycling | B6: =SUMIFS(Fact_SortedWeights!$E$2:$E$67,Fact_SortedWeights!$C$2:$C$67,"Cafeteria",Fact_SortedWeights!$B$2:$B$67,"Cardboard Recycling")+SUMIFS(Fact_SortedWeights!$E$2:$E$67,Fact_SortedWeights!$C$2:$C$67,"Base Building",Fact_SortedWeights!$B$2:$B$67,"Cardboard Recycling") -> 172 | C6: =IF($B$9=0,0,B6/$B$9) -> 0.12774238 | D6: =SUMIFS(Fact_Extrapolated!$F$2:$F$229,Fact_Extrapolated!$B$2:$B$229,A6,Fact_Extrapolated!$G$2:$G$229,1) -> 166.74
A7: Paper Recycling | B7: =SUMIFS(Fact_PreSortWeights!$E$2:$E$6,Fact_PreSortWeights!$C$2:$C$6,"Cafeteria",Fact_PreSortWeights!$B$2:$B$6,"Paper Recycling")+SUMIFS(Fact_PreSortWeights!$E$2:$E$6,Fact_PreSortWeights!$C$2:$C$6,"Base Building",Fact_PreSortWeights!$B$2:$B$6,"Paper Recycling") -> 0 | C7: =IF($B$9=0,0,B7/$B$9) -> 0 | D7: =SUMIFS(Fact_Extrapolated!$F$2:$F$229,Fact_Extrapolated!$B$2:$B$229,A7,Fact_Extrapolated!$G$2:$G$229,1) -> 0
A8: Terracycle | B8: =SUMIFS(Fact_PreSortWeights!$E$2:$E$6,Fact_PreSortWeights!$C$2:$C$6,"Cafeteria",Fact_PreSortWeights!$B$2:$B$6,"Terracycle")+SUMIFS(Fact_PreSortWeights!$E$2:$E$6,Fact_PreSortWeights!$C$2:$C$6,"Base Building",Fact_PreSortWeights!$B$2:$B$6,"Terracycle") -> 0 | C8: =IF($B$9=0,0,B8/$B$9) -> 0 | D8: =SUMIFS(Fact_Extrapolated!$F$2:$F$229,Fact_Extrapolated!$B$2:$B$229,A8,Fact_Extrapolated!$G$2:$G$229,1) -> 0
A9: Total | B9: =SUM(B3:B8) -> 1346.46 | C9: =IF($B$9=0,0,B9/$B$9) -> 1 | D9: =SUM(D3:D8) -> 546.21 | E9: =IF(B9=0,0,D9/B9) -> 0.40566374
A11: Waste Stream Breakdown — by Material Type
A12: Material Type Category | B12: Material Type | C12: Total Material Type Weight (lbs.) | D12: % of Total Waste Stream | E12: Weight of Material Diverted (lbs.) | F12: % of Material Diverted | G12: Currently Divertible?
A13: Fibers | B13: Corrugated Cardboard | C13: =SUMIFS(Fact_Extrapolated!$F$2:$F$229,Fact_Extrapolated!$C$2:$C$229,"FIB01") -> 174.59 | D13: =IF($B$9=0,0,C13/$B$9) -> 0.12966594 | E13: =SUMIFS(Fact_Extrapolated!$F$2:$F$229,Fact_Extrapolated!$C$2:$C$229,"FIB01",Fact_Extrapolated!$G$2:$G$229,1) -> 174.59 | F13: =IF(C13=0,0,E13/C13) -> 1 | G13: =INDEX('Materials Master'!$D$2:$D$20,MATCH(B13,'Materials Master'!$B$2:$B$20,0)) -> Yes
B14: Waxed Cardboard | C14: =SUMIFS(Fact_Extrapolated!$F$2:$F$229,Fact_Extrapolated!$C$2:$C$229,"FIB02") -> 5.26 | D14: =IF($B$9=0,0,C14/$B$9) -> 0.0039065401 | E14: =SUMIFS(Fact_Extrapolated!$F$2:$F$229,Fact_Extrapolated!$C$2:$C$229,"FIB02",Fact_Extrapolated!$G$2:$G$229,1) -> 0 | F14: =IF(C14=0,0,E14/C14) -> 0 | G14: =INDEX('Materials Master'!$D$2:$D$20,MATCH(B14,'Materials Master'!$B$2:$B$20,0)) -> No
B15: Mixed Paper | C15: =SUMIFS(Fact_Extrapolated!$F$2:$F$229,Fact_Extrapolated!$C$2:$C$229,"FIB03") -> 55.14 | D15: =IF($B$9=0,0,C15/$B$9) -> 0.040951829 | E15: =SUMIFS(Fact_Extrapolated!$F$2:$F$229,Fact_Extrapolated!$C$2:$C$229,"FIB03",Fact_Extrapolated!$G$2:$G$229,1) -> 20.14 | F15: =IF(C15=0,0,E15/C15) -> 0.36525209 | G15: =INDEX('Materials Master'!$D$2:$D$20,MATCH(B15,'Materials Master'!$B$2:$B$20,0)) -> Yes
B16: Gable-top & Aseptic Cartons | C16: =SUMIFS(Fact_Extrapolated!$F$2:$F$229,Fact_Extrapolated!$C$2:$C$229,"FIB04") -> 4.92 | D16: =IF($B$9=0,0,C16/$B$9) -> 0.0036540261 | E16: =SUMIFS(Fact_Extrapolated!$F$2:$F$229,Fact_Extrapolated!$C$2:$C$229,"FIB04",Fact_Extrapolated!$G$2:$G$229,1) -> 0.9 | F16: =IF(C16=0,0,E16/C16) -> 0.18292683 | G16: =INDEX('Materials Master'!$D$2:$D$20,MATCH(B16,'Materials Master'!$B$2:$B$20,0)) -> Yes
B17: Other Coated Paper Containers | C17: =SUMIFS(Fact_Extrapolated!$F$2:$F$229,Fact_Extrapolated!$C$2:$C$229,"FIB05") -> 38.08 | D17: =IF($B$9=0,0,C17/$B$9) -> 0.028281568 | E17: =SUMIFS(Fact_Extrapolated!$F$2:$F$229,Fact_Extrapolated!$C$2:$C$229,"FIB05",Fact_Extrapolated!$G$2:$G$229,1) -> 0 | F17: =IF(C17=0,0,E17/C17) -> 0 | G17: =INDEX('Materials Master'!$D$2:$D$20,MATCH(B17,'Materials Master'!$B$2:$B$20,0)) -> No
A18: Glass | B18: Glass Bottles & Jars | C18: =SUMIFS(Fact_Extrapolated!$F$2:$F$229,Fact_Extrapolated!$C$2:$C$229,"GLA01") -> 37.97 | D18: =IF($B$9=0,0,C18/$B$9) -> 0.028199872 | E18: =SUMIFS(Fact_Extrapolated!$F$2:$F$229,Fact_Extrapolated!$C$2:$C$229,"GLA01",Fact_Extrapolated!$G$2:$G$229,1) -> 20.75 | F18: =IF(C18=0,0,E18/C18) -> 0.54648407 | G18: =INDEX('Materials Master'!$D$2:$D$20,MATCH(B18,'Materials Master'!$B$2:$B$20,0)) -> Yes
B19: Broken Glass | C19: =SUMIFS(Fact_Extrapolated!$F$2:$F$229,Fact_Extrapolated!$C$2:$C$229,"GLA02") -> 39.04 | D19: =IF($B$9=0,0,C19/$B$9) -> 0.028994549 | E19: =SUMIFS(Fact_Extrapolated!$F$2:$F$229,Fact_Extrapolated!$C$2:$C$229,"GLA02",Fact_Extrapolated!$G$2:$G$229,1) -> 0 | F19: =IF(C19=0,0,E19/C19) -> 0 | G19: =INDEX('Materials Master'!$D$2:$D$20,MATCH(B19,'Materials Master'!$B$2:$B$20,0)) -> No
A20: Metals | B20: Aluminum & Bi-metal Containers | C20: =SUMIFS(Fact_Extrapolated!$F$2:$F$229,Fact_Extrapolated!$C$2:$C$229,"MET01") -> 28.48 | D20: =IF($B$9=0,0,C20/$B$9) -> 0.021151761 | E20: =SUMIFS(Fact_Extrapolated!$F$2:$F$229,Fact_Extrapolated!$C$2:$C$229,"MET01",Fact_Extrapolated!$G$2:$G$229,1) -> 7.44 | F20: =IF(C20=0,0,E20/C20) -> 0.26123596 | G20: =INDEX('Materials Master'!$D$2:$D$20,MATCH(B20,'Materials Master'!$B$2:$B$20,0)) -> Yes
B21: Metal Hangers | C21: =SUMIFS(Fact_Extrapolated!$F$2:$F$229,Fact_Extrapolated!$C$2:$C$229,"MET02") -> 2.98 | D21: =IF($B$9=0,0,C21/$B$9) -> 0.0022132109 | E21: =SUMIFS(Fact_Extrapolated!$F$2:$F$229,Fact_Extrapolated!$C$2:$C$229,"MET02",Fact_Extrapolated!$G$2:$G$229,1) -> 0 | F21: =IF(C21=0,0,E21/C21) -> 0 | G21: =INDEX('Materials Master'!$D$2:$D$20,MATCH(B21,'Materials Master'!$B$2:$B$20,0)) -> No
A22: Plastics | B22: Rigid Plastics (1-6) | C22: =SUMIFS(Fact_Extrapolated!$F$2:$F$229,Fact_Extrapolated!$C$2:$C$229,"PLA01") -> 102.46 | D22: =IF($B$9=0,0,C22/$B$9) -> 0.076095836 | E22: =SUMIFS(Fact_Extrapolated!$F$2:$F$229,Fact_Extrapolated!$C$2:$C$229,"PLA01",Fact_Extrapolated!$G$2:$G$229,1) -> 20.4 | F22: =IF(C22=0,0,E22/C22) -> 0.19910209 | G22: =INDEX('Materials Master'!$D$2:$D$20,MATCH(B22,'Materials Master'!$B$2:$B$20,0)) -> Yes
B23: Soiled Rigid Plastics | C23: =SUMIFS(Fact_Extrapolated!$F$2:$F$229,Fact_Extrapolated!$C$2:$C$229,"PLA02") -> 10.01 | D23: =IF($B$9=0,0,C23/$B$9) -> 0.0074343092 | E23: =SUMIFS(Fact_Extrapolated!$F$2:$F$229,Fact_Extrapolated!$C$2:$C$229,"PLA02",Fact_Extrapolated!$G$2:$G$229,1) -> 0 | F23: =IF(C23=0,0,E23/C23) -> 0 | G23: =INDEX('Materials Master'!$D$2:$D$20,MATCH(B23,'Materials Master'!$B$2:$B$20,0)) -> No
B24: Film Plastics | C24: =SUMIFS(Fact_Extrapolated!$F$2:$F$229,Fact_Extrapolated!$C$2:$C$229,"PLA03") -> 7.26 | D24: =IF($B$9=0,0,C24/$B$9) -> 0.0053919166 | E24: =SUMIFS(Fact_Extrapolated!$F$2:$F$229,Fact_Extrapolated!$C$2:$C$229,"PLA03",Fact_Extrapolated!$G$2:$G$229,1) -> 0 | F24: =IF(C24=0,0,E24/C24) -> 0 | G24: =INDEX('Materials Master'!$D$2:$D$20,MATCH(B24,'Materials Master'!$B$2:$B$20,0)) -> No
B25: Waste Disposal Bags | C25: =SUMIFS(Fact_Extrapolated!$F$2:$F$229,Fact_Extrapolated!$C$2:$C$229,"PLA04") -> 66.19 | D25: =IF($B$9=0,0,C25/$B$9) -> 0.049158534 | E25: =SUMIFS(Fact_Extrapolated!$F$2:$F$229,Fact_Extrapolated!$C$2:$C$229,"PLA04",Fact_Extrapolated!$G$2:$G$229,1) -> 0 | F25: =IF(C25=0,0,E25/C25) -> 0 | G25: =INDEX('Materials Master'!$D$2:$D$20,MATCH(B25,'Materials Master'!$B$2:$B$20,0)) -> No
A26: Organics | B26: Food Waste | C26: =SUMIFS(Fact_Extrapolated!$F$2:$F$229,Fact_Extrapolated!$C$2:$C$229,"ORG01") -> 493.74 | D26: =IF($B$9=0,0,C26/$B$9) -> 0.36669489 | E26: =SUMIFS(Fact_Extrapolated!$F$2:$F$229,Fact_Extrapolated!$C$2:$C$229,"ORG01",Fact_Extrapolated!$G$2:$G$229,1) -> 301.99 | F26: =IF(C26=0,0,E26/C26) -> 0.6116377 | G26: =INDEX('Materials Master'!$D$2:$D$20,MATCH(B26,'Materials Master'!$B$2:$B$20,0)) -> No
B27: Paper Fibers and FSP | C27: =SUMIFS(Fact_Extrapolated!$F$2:$F$229,Fact_Extrapolated!$C$2:$C$229,"ORG02") -> 110.32 | D27: =IF($B$9=0,0,C27/$B$9) -> 0.081933366 | E27: =SUMIFS(Fact_Extrapolated!$F$2:$F$229,Fact_Extrapolated!$C$2:$C$229,"ORG02",Fact_Extrapolated!$G$2:$G$229,1) -> 0 | F27: =IF(C27=0,0,E27/C27) -> 0 | G27: =INDEX('Materials Master'!$D$2:$D$20,MATCH(B27,'Materials Master'!$B$2:$B$20,0)) -> No
B28: Certified Compostables | C28: =SUMIFS(Fact_Extrapolated!$F$2:$F$229,Fact_Extrapolated!$C$2:$C$229,"ORG03") -> 19.96 | D28: =IF($B$9=0,0,C28/$B$9) -> 0.014824057 | E28: =SUMIFS(Fact_Extrapolated!$F$2:$F$229,Fact_Extrapolated!$C$2:$C$229,"ORG03",Fact_Extrapolated!$G$2:$G$229,1) -> 0 | F28: =IF(C28=0,0,E28/C28) -> 0 | G28: =INDEX('Materials Master'!$D$2:$D$20,MATCH(B28,'Materials Master'!$B$2:$B$20,0)) -> No
A29: Unacceptable | B29: Textiles | C29: =SUMIFS(Fact_Extrapolated!$F$2:$F$229,Fact_Extrapolated!$C$2:$C$229,"UNA01") -> 4.15 | D29: =IF($B$9=0,0,C29/$B$9) -> 0.0030821562 | E29: =SUMIFS(Fact_Extrapolated!$F$2:$F$229,Fact_Extrapolated!$C$2:$C$229,"UNA01",Fact_Extrapolated!$G$2:$G$229,1) -> 0 | F29: =IF(C29=0,0,E29/C29) -> 0 | G29: =INDEX('Materials Master'!$D$2:$D$20,MATCH(B29,'Materials Master'!$B$2:$B$20,0)) -> Unacceptable
B30: Liquids | C30: =SUMIFS(Fact_Extrapolated!$F$2:$F$229,Fact_Extrapolated!$C$2:$C$229,"UNA02") -> 46.24 | D30: =IF($B$9=0,0,C30/$B$9) -> 0.034341904 | E30: =SUMIFS(Fact_Extrapolated!$F$2:$F$229,Fact_Extrapolated!$C$2:$C$229,"UNA02",Fact_Extrapolated!$G$2:$G$229,1) -> 0 | F30: =IF(C30=0,0,E30/C30) -> 0 | G30: =INDEX('Materials Master'!$D$2:$D$20,MATCH(B30,'Materials Master'!$B$2:$B$20,0)) -> Unacceptable
A31: Other | B31: Residual Materials | C31: =SUMIFS(Fact_Extrapolated!$F$2:$F$229,Fact_Extrapolated!$C$2:$C$229,"OTH01") -> 99.67 | D31: =IF($B$9=0,0,C31/$B$9) -> 0.074023736 | E31: =SUMIFS(Fact_Extrapolated!$F$2:$F$229,Fact_Extrapolated!$C$2:$C$229,"OTH01",Fact_Extrapolated!$G$2:$G$229,1) -> 0 | F31: =IF(C31=0,0,E31/C31) -> 0 | G31: =INDEX('Materials Master'!$D$2:$D$20,MATCH(B31,'Materials Master'!$B$2:$B$20,0)) -> No
A33: Total Waste Consumption
A34: Material Type | B34: Total Material Type Weight (lbs.) | C34: % of Total Waste Stream
A35: Fibers | B35: =SUM(C13:C17) -> 277.99 | C35: =IF($B$9=0,0,B35/$B$9) -> 0.2064599
A36: Glass | B36: =SUM(C18:C19) -> 77.01 | C36: =IF($B$9=0,0,B36/$B$9) -> 0.057194421
A37: Metals | B37: =SUM(C20:C21) -> 31.46 | C37: =IF($B$9=0,0,B37/$B$9) -> 0.023364972
A38: Plastics | B38: =SUM(C22:C25) -> 185.92 | C38: =IF($B$9=0,0,B38/$B$9) -> 0.1380806
A39: Organics | B39: =SUM(C26:C28) -> 624.02 | C39: =IF($B$9=0,0,B39/$B$9) -> 0.46345231
A40: Unacceptable | B40: =SUM(C29:C30) -> 50.39 | C40: =IF($B$9=0,0,B40/$B$9) -> 0.03742406
A41: Other | B41: =SUM(C31:C31) -> 99.67 | C41: =IF($B$9=0,0,B41/$B$9) -> 0.074023736
A42: Unsorted (not broken down by material) | B42: =$B$9-SUM(B35:B41) -> 0 | C42: =IF($B$9=0,0,B42/$B$9) -> 0
A43: Total | B43: =SUM(B35:B42) -> 1346.46 | C43: =IF(B43=0,0,B43/$B$9) -> 1
A45: Waste Stream Contamination
A46: Generation Area | B46: Trash | C46: GMPC Recycling | D46: Organics Recycling | E46: Cardboard Recycling | F46: Paper Recycling | G46: Terracycle
A47: Cafeteria | B47: =IF((SUMIFS(Fact_PreSortWeights!$E$2:$E$6,Fact_PreSortWeights!$C$2:$C$6,"Cafeteria",Fact_PreSortWeights!$B$2:$B$6,"Trash"))=0,0,1-SUMIFS(Fact_Extrapolated!$F$2:$F$229,Fact_Extrapolated!$I$2:$I$229,"Cafeteria",Fact_Extrapolated!$B$2:$B$229,"Trash",Fact_Extrapolated!$J$2:$J$229,1)/(SUMIFS(Fact_PreSortWeights!$E$2:$E$6,Fact_PreSortWeights!$C$2:$C$6,"Cafeteria",Fact_PreSortWeights!$B$2:$B$6,"Trash"))) -> 0.57405732 | C47: =IF((SUMIFS(Fact_PreSortWeights!$E$2:$E$6,Fact_PreSortWeights!$C$2:$C$6,"Cafeteria",Fact_PreSortWeights!$B$2:$B$6,"GMPC Recycling"))=0,0,1-SUMIFS(Fact_Extrapolated!$F$2:$F$229,Fact_Extrapolated!$I$2:$I$229,"Cafeteria",Fact_Extrapolated!$B$2:$B$229,"GMPC Recycling",Fact_Extrapolated!$J$2:$J$229,1)/(SUMIFS(Fact_PreSortWeights!$E$2:$E$6,Fact_PreSortWeights!$C$2:$C$6,"Cafeteria",Fact_PreSortWeights!$B$2:$B$6,"GMPC Recycling"))) -> 0.75491849 | D47: =IF((SUMIFS(Fact_PreSortWeights!$E$2:$E$6,Fact_PreSortWeights!$C$2:$C$6,"Cafeteria",Fact_PreSortWeights!$B$2:$B$6,"Organics Recycling"))=0,0,1-SUMIFS(Fact_Extrapolated!$F$2:$F$229,Fact_Extrapolated!$I$2:$I$229,"Cafeteria",Fact_Extrapolated!$B$2:$B$229,"Organics Recycling",Fact_Extrapolated!$J$2:$J$229,1)/(SUMIFS(Fact_PreSortWeights!$E$2:$E$6,Fact_PreSortWeights!$C$2:$C$6,"Cafeteria",Fact_PreSortWeights!$B$2:$B$6,"Organics Recycling"))) -> 0.0079087552 | E47: =IF((SUMIFS(Fact_SortedWeights!$E$2:$E$67,Fact_SortedWeights!$C$2:$C$67,"Cafeteria",Fact_SortedWeights!$B$2:$B$67,"Cardboard Recycling"))=0,0,1-SUMIFS(Fact_Extrapolated!$F$2:$F$229,Fact_Extrapolated!$I$2:$I$229,"Cafeteria",Fact_Extrapolated!$B$2:$B$229,"Cardboard Recycling",Fact_Extrapolated!$J$2:$J$229,1)/(SUMIFS(Fact_SortedWeights!$E$2:$E$67,Fact_SortedWeights!$C$2:$C$67,"Cafeteria",Fact_SortedWeights!$B$2:$B$67,"Cardboard Recycling"))) -> 0.060183066 | F47: =IF((SUMIFS(Fact_PreSortWeights!$E$2:$E$6,Fact_PreSortWeights!$C$2:$C$6,"Cafeteria",Fact_PreSortWeights!$B$2:$B$6,"Paper Recycling"))=0,0,1-SUMIFS(Fact_Extrapolated!$F$2:$F$229,Fact_Extrapolated!$I$2:$I$229,"Cafeteria",Fact_Extrapolated!$B$2:$B$229,"Paper Recycling",Fact_Extrapolated!$J$2:$J$229,1)/(SUMIFS(Fact_PreSortWeights!$E$2:$E$6,Fact_PreSortWeights!$C$2:$C$6,"Cafeteria",Fact_PreSortWeights!$B$2:$B$6,"Paper Recycling"))) -> 0 | G47: =IF((SUMIFS(Fact_PreSortWeights!$E$2:$E$6,Fact_PreSortWeights!$C$2:$C$6,"Cafeteria",Fact_PreSortWeights!$B$2:$B$6,"Terracycle"))=0,0,1-SUMIFS(Fact_Extrapolated!$F$2:$F$229,Fact_Extrapolated!$I$2:$I$229,"Cafeteria",Fact_Extrapolated!$B$2:$B$229,"Terracycle",Fact_Extrapolated!$J$2:$J$229,1)/(SUMIFS(Fact_PreSortWeights!$E$2:$E$6,Fact_PreSortWeights!$C$2:$C$6,"Cafeteria",Fact_PreSortWeights!$B$2:$B$6,"Terracycle"))) -> 0
A48: Base Building | B48: =IF((SUMIFS(Fact_PreSortWeights!$E$2:$E$6,Fact_PreSortWeights!$C$2:$C$6,"Base Building",Fact_PreSortWeights!$B$2:$B$6,"Trash"))=0,0,1-SUMIFS(Fact_Extrapolated!$F$2:$F$229,Fact_Extrapolated!$I$2:$I$229,"Base Building",Fact_Extrapolated!$B$2:$B$229,"Trash",Fact_Extrapolated!$J$2:$J$229,1)/(SUMIFS(Fact_PreSortWeights!$E$2:$E$6,Fact_PreSortWeights!$C$2:$C$6,"Base Building",Fact_PreSortWeights!$B$2:$B$6,"Trash"))) -> 0.43978109 | C48: =IF((SUMIFS(Fact_PreSortWeights!$E$2:$E$6,Fact_PreSortWeights!$C$2:$C$6,"Base Building",Fact_PreSortWeights!$B$2:$B$6,"GMPC Recycling"))=0,0,1-SUMIFS(Fact_Extrapolated!$F$2:$F$229,Fact_Extrapolated!$I$2:$I$229,"Base Building",Fact_Extrapolated!$B$2:$B$229,"GMPC Recycling",Fact_Extrapolated!$J$2:$J$229,1)/(SUMIFS(Fact_PreSortWeights!$E$2:$E$6,Fact_PreSortWeights!$C$2:$C$6,"Base Building",Fact_PreSortWeights!$B$2:$B$6,"GMPC Recycling"))) -> 0.50250348 | D48: =IF((SUMIFS(Fact_PreSortWeights!$E$2:$E$6,Fact_PreSortWeights!$C$2:$C$6,"Base Building",Fact_PreSortWeights!$B$2:$B$6,"Organics Recycling"))=0,0,1-SUMIFS(Fact_Extrapolated!$F$2:$F$229,Fact_Extrapolated!$I$2:$I$229,"Base Building",Fact_Extrapolated!$B$2:$B$229,"Organics Recycling",Fact_Extrapolated!$J$2:$J$229,1)/(SUMIFS(Fact_PreSortWeights!$E$2:$E$6,Fact_PreSortWeights!$C$2:$C$6,"Base Building",Fact_PreSortWeights!$B$2:$B$6,"Organics Recycling"))) -> 0 | E48: =IF((SUMIFS(Fact_SortedWeights!$E$2:$E$67,Fact_SortedWeights!$C$2:$C$67,"Base Building",Fact_SortedWeights!$B$2:$B$67,"Cardboard Recycling"))=0,0,1-SUMIFS(Fact_Extrapolated!$F$2:$F$229,Fact_Extrapolated!$I$2:$I$229,"Base Building",Fact_Extrapolated!$B$2:$B$229,"Cardboard Recycling",Fact_Extrapolated!$J$2:$J$229,1)/(SUMIFS(Fact_SortedWeights!$E$2:$E$67,Fact_SortedWeights!$C$2:$C$67,"Base Building",Fact_SortedWeights!$B$2:$B$67,"Cardboard Recycling"))) -> 0 | F48: =IF((SUMIFS(Fact_PreSortWeights!$E$2:$E$6,Fact_PreSortWeights!$C$2:$C$6,"Base Building",Fact_PreSortWeights!$B$2:$B$6,"Paper Recycling"))=0,0,1-SUMIFS(Fact_Extrapolated!$F$2:$F$229,Fact_Extrapolated!$I$2:$I$229,"Base Building",Fact_Extrapolated!$B$2:$B$229,"Paper Recycling",Fact_Extrapolated!$J$2:$J$229,1)/(SUMIFS(Fact_PreSortWeights!$E$2:$E$6,Fact_PreSortWeights!$C$2:$C$6,"Base Building",Fact_PreSortWeights!$B$2:$B$6,"Paper Recycling"))) -> 0 | G48: =IF((SUMIFS(Fact_PreSortWeights!$E$2:$E$6,Fact_PreSortWeights!$C$2:$C$6,"Base Building",Fact_PreSortWeights!$B$2:$B$6,"Terracycle"))=0,0,1-SUMIFS(Fact_Extrapolated!$F$2:$F$229,Fact_Extrapolated!$I$2:$I$229,"Base Building",Fact_Extrapolated!$B$2:$B$229,"Terracycle",Fact_Extrapolated!$J$2:$J$229,1)/(SUMIFS(Fact_PreSortWeights!$E$2:$E$6,Fact_PreSortWeights!$C$2:$C$6,"Base Building",Fact_PreSortWeights!$B$2:$B$6,"Terracycle"))) -> 0
A49: Total | B49: =IF((SUMIFS(Fact_PreSortWeights!$E$2:$E$6,Fact_PreSortWeights!$C$2:$C$6,"Cafeteria",Fact_PreSortWeights!$B$2:$B$6,"Trash")+SUMIFS(Fact_PreSortWeights!$E$2:$E$6,Fact_PreSortWeights!$C$2:$C$6,"Base Building",Fact_PreSortWeights!$B$2:$B$6,"Trash"))=0,0,1-SUMIFS(Fact_Extrapolated!$F$2:$F$229,Fact_Extrapolated!$B$2:$B$229,"Trash",Fact_Extrapolated!$J$2:$J$229,1)/(SUMIFS(Fact_PreSortWeights!$E$2:$E$6,Fact_PreSortWeights!$C$2:$C$6,"Cafeteria",Fact_PreSortWeights!$B$2:$B$6,"Trash")+SUMIFS(Fact_PreSortWeights!$E$2:$E$6,Fact_PreSortWeights!$C$2:$C$6,"Base Building",Fact_PreSortWeights!$B$2:$B$6,"Trash"))) -> 0.47756338 | C49: =IF((SUMIFS(Fact_PreSortWeights!$E$2:$E$6,Fact_PreSortWeights!$C$2:$C$6,"Cafeteria",Fact_PreSortWeights!$B$2:$B$6,"GMPC Recycling")+SUMIFS(Fact_PreSortWeights!$E$2:$E$6,Fact_PreSortWeights!$C$2:$C$6,"Base Building",Fact_PreSortWeights!$B$2:$B$6,"GMPC Recycling"))=0,0,1-SUMIFS(Fact_Extrapolated!$F$2:$F$229,Fact_Extrapolated!$B$2:$B$229,"GMPC Recycling",Fact_Extrapolated!$J$2:$J$229,1)/(SUMIFS(Fact_PreSortWeights!$E$2:$E$6,Fact_PreSortWeights!$C$2:$C$6,"Cafeteria",Fact_PreSortWeights!$B$2:$B$6,"GMPC Recycling")+SUMIFS(Fact_PreSortWeights!$E$2:$E$6,Fact_PreSortWeights!$C$2:$C$6,"Base Building",Fact_PreSortWeights!$B$2:$B$6,"GMPC Recycling"))) -> 0.53029272 | D49: =IF((SUMIFS(Fact_PreSortWeights!$E$2:$E$6,Fact_PreSortWeights!$C$2:$C$6,"Cafeteria",Fact_PreSortWeights!$B$2:$B$6,"Organics Recycling")+SUMIFS(Fact_PreSortWeights!$E$2:$E$6,Fact_PreSortWeights!$C$2:$C$6,"Base Building",Fact_PreSortWeights!$B$2:$B$6,"Organics Recycling"))=0,0,1-SUMIFS(Fact_Extrapolated!$F$2:$F$229,Fact_Extrapolated!$B$2:$B$229,"Organics Recycling",Fact_Extrapolated!$J$2:$J$229,1)/(SUMIFS(Fact_PreSortWeights!$E$2:$E$6,Fact_PreSortWeights!$C$2:$C$6,"Cafeteria",Fact_PreSortWeights!$B$2:$B$6,"Organics Recycling")+SUMIFS(Fact_PreSortWeights!$E$2:$E$6,Fact_PreSortWeights!$C$2:$C$6,"Base Building",Fact_PreSortWeights!$B$2:$B$6,"Organics Recycling"))) -> 0.0079087552 | E49: =IF((SUMIFS(Fact_SortedWeights!$E$2:$E$67,Fact_SortedWeights!$C$2:$C$67,"Cafeteria",Fact_SortedWeights!$B$2:$B$67,"Cardboard Recycling")+SUMIFS(Fact_SortedWeights!$E$2:$E$67,Fact_SortedWeights!$C$2:$C$67,"Base Building",Fact_SortedWeights!$B$2:$B$67,"Cardboard Recycling"))=0,0,1-SUMIFS(Fact_Extrapolated!$F$2:$F$229,Fact_Extrapolated!$B$2:$B$229,"Cardboard Recycling",Fact_Extrapolated!$J$2:$J$229,1)/(SUMIFS(Fact_SortedWeights!$E$2:$E$67,Fact_SortedWeights!$C$2:$C$67,"Cafeteria",Fact_SortedWeights!$B$2:$B$67,"Cardboard Recycling")+SUMIFS(Fact_SortedWeights!$E$2:$E$67,Fact_SortedWeights!$C$2:$C$67,"Base Building",Fact_SortedWeights!$B$2:$B$67,"Cardboard Recycling"))) -> 0.030581395 | F49: =IF((SUMIFS(Fact_PreSortWeights!$E$2:$E$6,Fact_PreSortWeights!$C$2:$C$6,"Cafeteria",Fact_PreSortWeights!$B$2:$B$6,"Paper Recycling")+SUMIFS(Fact_PreSortWeights!$E$2:$E$6,Fact_PreSortWeights!$C$2:$C$6,"Base Building",Fact_PreSortWeights!$B$2:$B$6,"Paper Recycling"))=0,0,1-SUMIFS(Fact_Extrapolated!$F$2:$F$229,Fact_Extrapolated!$B$2:$B$229,"Paper Recycling",Fact_Extrapolated!$J$2:$J$229,1)/(SUMIFS(Fact_PreSortWeights!$E$2:$E$6,Fact_PreSortWeights!$C$2:$C$6,"Cafeteria",Fact_PreSortWeights!$B$2:$B$6,"Paper Recycling")+SUMIFS(Fact_PreSortWeights!$E$2:$E$6,Fact_PreSortWeights!$C$2:$C$6,"Base Building",Fact_PreSortWeights!$B$2:$B$6,"Paper Recycling"))) -> 0 | G49: =IF((SUMIFS(Fact_PreSortWeights!$E$2:$E$6,Fact_PreSortWeights!$C$2:$C$6,"Cafeteria",Fact_PreSortWeights!$B$2:$B$6,"Terracycle")+SUMIFS(Fact_PreSortWeights!$E$2:$E$6,Fact_PreSortWeights!$C$2:$C$6,"Base Building",Fact_PreSortWeights!$B$2:$B$6,"Terracycle"))=0,0,1-SUMIFS(Fact_Extrapolated!$F$2:$F$229,Fact_Extrapolated!$B$2:$B$229,"Terracycle",Fact_Extrapolated!$J$2:$J$229,1)/(SUMIFS(Fact_PreSortWeights!$E$2:$E$6,Fact_PreSortWeights!$C$2:$C$6,"Cafeteria",Fact_PreSortWeights!$B$2:$B$6,"Terracycle")+SUMIFS(Fact_PreSortWeights!$E$2:$E$6,Fact_PreSortWeights!$C$2:$C$6,"Base Building",Fact_PreSortWeights!$B$2:$B$6,"Terracycle"))) -> 0
A51: Current v Potential Diversion
A52: Generation Area | B52: Current Diversion Rate | C52: Potential Diversion Rate | D52: Current v Potential (Percentage Point) Gap
A53: Cafeteria | B53: =IF((SUMIFS(Fact_PreSortWeights!$E$2:$E$6,Fact_PreSortWeights!$C$2:$C$6,"Cafeteria")+SUMIFS(Fact_SortedWeights!$E$2:$E$67,Fact_SortedWeights!$C$2:$C$67,"Cafeteria",Fact_SortedWeights!$B$2:$B$67,"Cardboard Recycling"))=0,0,SUMIFS(Fact_Extrapolated!$F$2:$F$229,Fact_Extrapolated!$I$2:$I$229,"Cafeteria",Fact_Extrapolated!$G$2:$G$229,1)/(SUMIFS(Fact_PreSortWeights!$E$2:$E$6,Fact_PreSortWeights!$C$2:$C$6,"Cafeteria")+SUMIFS(Fact_SortedWeights!$E$2:$E$67,Fact_SortedWeights!$C$2:$C$67,"Cafeteria",Fact_SortedWeights!$B$2:$B$67,"Cardboard Recycling"))) -> 0.63937516 | C53: =IF((SUMIFS(Fact_PreSortWeights!$E$2:$E$6,Fact_PreSortWeights!$C$2:$C$6,"Cafeteria")+SUMIFS(Fact_SortedWeights!$E$2:$E$67,Fact_SortedWeights!$C$2:$C$67,"Cafeteria",Fact_SortedWeights!$B$2:$B$67,"Cardboard Recycling"))=0,0,SUMIFS(Fact_Extrapolated!$F$2:$F$229,Fact_Extrapolated!$I$2:$I$229,"Cafeteria",Fact_Extrapolated!$H$2:$H$229,"Yes")/(SUMIFS(Fact_PreSortWeights!$E$2:$E$6,Fact_PreSortWeights!$C$2:$C$6,"Cafeteria")+SUMIFS(Fact_SortedWeights!$E$2:$E$67,Fact_SortedWeights!$C$2:$C$67,"Cafeteria",Fact_SortedWeights!$B$2:$B$67,"Cardboard Recycling"))) -> 0.83313664 | D53: =C53-B53 -> 0.19376147
A54: Base Building | B54: =IF((SUMIFS(Fact_PreSortWeights!$E$2:$E$6,Fact_PreSortWeights!$C$2:$C$6,"Base Building")+SUMIFS(Fact_SortedWeights!$E$2:$E$67,Fact_SortedWeights!$C$2:$C$67,"Base Building",Fact_SortedWeights!$B$2:$B$67,"Cardboard Recycling"))=0,0,SUMIFS(Fact_Extrapolated!$F$2:$F$229,Fact_Extrapolated!$I$2:$I$229,"Base Building",Fact_Extrapolated!$G$2:$G$229,1)/(SUMIFS(Fact_PreSortWeights!$E$2:$E$6,Fact_PreSortWeights!$C$2:$C$6,"Base Building")+SUMIFS(Fact_SortedWeights!$E$2:$E$67,Fact_SortedWeights!$C$2:$C$67,"Base Building",Fact_SortedWeights!$B$2:$B$67,"Cardboard Recycling"))) -> 0.21203726 | C54: =IF((SUMIFS(Fact_PreSortWeights!$E$2:$E$6,Fact_PreSortWeights!$C$2:$C$6,"Base Building")+SUMIFS(Fact_SortedWeights!$E$2:$E$67,Fact_SortedWeights!$C$2:$C$67,"Base Building",Fact_SortedWeights!$B$2:$B$67,"Cardboard Recycling"))=0,0,SUMIFS(Fact_Extrapolated!$F$2:$F$229,Fact_Extrapolated!$I$2:$I$229,"Base Building",Fact_Extrapolated!$H$2:$H$229,"Yes")/(SUMIFS(Fact_PreSortWeights!$E$2:$E$6,Fact_PreSortWeights!$C$2:$C$6,"Base Building")+SUMIFS(Fact_SortedWeights!$E$2:$E$67,Fact_SortedWeights!$C$2:$C$67,"Base Building",Fact_SortedWeights!$B$2:$B$67,"Cardboard Recycling"))) -> 0.52828703 | D54: =C54-B54 -> 0.31624976
A55: Total | B55: =IF((SUMIFS(Fact_PreSortWeights!$E$2:$E$6,Fact_PreSortWeights!$C$2:$C$6,"Cafeteria")+SUMIFS(Fact_SortedWeights!$E$2:$E$67,Fact_SortedWeights!$C$2:$C$67,"Cafeteria",Fact_SortedWeights!$B$2:$B$67,"Cardboard Recycling")+SUMIFS(Fact_PreSortWeights!$E$2:$E$6,Fact_PreSortWeights!$C$2:$C$6,"Base Building")+SUMIFS(Fact_SortedWeights!$E$2:$E$67,Fact_SortedWeights!$C$2:$C$67,"Base Building",Fact_SortedWeights!$B$2:$B$67,"Cardboard Recycling"))=0,0,SUMIFS(Fact_Extrapolated!$F$2:$F$229,Fact_Extrapolated!$G$2:$G$229,1)/(SUMIFS(Fact_PreSortWeights!$E$2:$E$6,Fact_PreSortWeights!$C$2:$C$6,"Cafeteria")+SUMIFS(Fact_SortedWeights!$E$2:$E$67,Fact_SortedWeights!$C$2:$C$67,"Cafeteria",Fact_SortedWeights!$B$2:$B$67,"Cardboard Recycling")+SUMIFS(Fact_PreSortWeights!$E$2:$E$6,Fact_PreSortWeights!$C$2:$C$6,"Base Building")+SUMIFS(Fact_SortedWeights!$E$2:$E$67,Fact_SortedWeights!$C$2:$C$67,"Base Building",Fact_SortedWeights!$B$2:$B$67,"Cardboard Recycling"))) -> 0.40566374 | C55: =IF((SUMIFS(Fact_PreSortWeights!$E$2:$E$6,Fact_PreSortWeights!$C$2:$C$6,"Cafeteria")+SUMIFS(Fact_SortedWeights!$E$2:$E$67,Fact_SortedWeights!$C$2:$C$67,"Cafeteria",Fact_SortedWeights!$B$2:$B$67,"Cardboard Recycling")+SUMIFS(Fact_PreSortWeights!$E$2:$E$6,Fact_PreSortWeights!$C$2:$C$6,"Base Building")+SUMIFS(Fact_SortedWeights!$E$2:$E$67,Fact_SortedWeights!$C$2:$C$67,"Base Building",Fact_SortedWeights!$B$2:$B$67,"Cardboard Recycling"))=0,0,SUMIFS(Fact_Extrapolated!$F$2:$F$229,Fact_Extrapolated!$H$2:$H$229,"Yes")/(SUMIFS(Fact_PreSortWeights!$E$2:$E$6,Fact_PreSortWeights!$C$2:$C$6,"Cafeteria")+SUMIFS(Fact_SortedWeights!$E$2:$E$67,Fact_SortedWeights!$C$2:$C$67,"Cafeteria",Fact_SortedWeights!$B$2:$B$67,"Cardboard Recycling")+SUMIFS(Fact_PreSortWeights!$E$2:$E$6,Fact_PreSortWeights!$C$2:$C$6,"Base Building")+SUMIFS(Fact_SortedWeights!$E$2:$E$67,Fact_SortedWeights!$C$2:$C$67,"Base Building",Fact_SortedWeights!$B$2:$B$67,"Cardboard Recycling"))) -> 0.66641415 | D55: =C55-B55 -> 0.26075041

Sheet Cafeteria Summary
A1: Total Waste Generation — Day of Audit
A2: Waste Stream | B2: Waste Stream Weight (lbs.) | C2: % of Total Waste Stream | D2: Weight of Material Diverted (lbs.) | E2: % of Material Diverted
A3: Trash | B3: =SUMIFS(Fact_PreSortWeights!$E$2:$E$6,Fact_PreSortWeights!$C$2:$C$6,"Cafeteria",Fact_PreSortWeights!$B$2:$B$6,"Trash") -> 198.9 | C3: =IF($B$9=0,0,B3/$B$9) -> 0.32602282 | D3: =SUMIFS(Fact_Extrapolated!$F$2:$F$229,Fact_Extrapolated!$B$2:$B$229,A3,Fact_Extrapolated!$A$2:$A$229,"Cafeteria",Fact_Extrapolated!$G$2:$G$229,1) -> 0
A4: GMPC Recycling | B4: =SUMIFS(Fact_PreSortWeights!$E$2:$E$6,Fact_PreSortWeights!$C$2:$C$6,"Cafeteria",Fact_PreSortWeights!$B$2:$B$6,"GMPC Recycling") -> 17.79 | C4: =IF($B$9=0,0,B4/$B$9) -> 0.02916011 | D4: =SUMIFS(Fact_Extrapolated!$F$2:$F$229,Fact_Extrapolated!$B$2:$B$229,A4,Fact_Extrapolated!$A$2:$A$229,"Cafeteria",Fact_Extrapolated!$G$2:$G$229,1) -> 4.36
A5: Organics Recycling | B5: =SUMIFS(Fact_PreSortWeights!$E$2:$E$6,Fact_PreSortWeights!$C$2:$C$6,"Cafeteria",Fact_PreSortWeights!$B$2:$B$6,"Organics Recycling") -> 305.99 | C5: =IF($B$9=0,0,B5/$B$9) -> 0.50155717 | D5: =SUMIFS(Fact_Extrapolated!$F$2:$F$229,Fact_Extrapolated!$B$2:$B$229,A5,Fact_Extrapolated!$A$2:$A$229,"Cafeteria",Fact_Extrapolated!$G$2:$G$229,1) -> 303.57
A6: Cardboard Recycling | B6: =SUMIFS(Fact_SortedWeights!$E$2:$E$67,Fact_SortedWeights!$C$2:$C$67,"Cafeteria",Fact_SortedWeights!$B$2:$B$67,"Cardboard Recycling") -> 87.4 | C6: =IF($B$9=0,0,B6/$B$9) -> 0.1432599 | D6: =SUMIFS(Fact_Extrapolated!$F$2:$F$229,Fact_Extrapolated!$B$2:$B$229,A6,Fact_Extrapolated!$A$2:$A$229,"Cafeteria",Fact_Extrapolated!$G$2:$G$229,1) -> 82.14
A7: Paper Recycling | B7: =SUMIFS(Fact_PreSortWeights!$E$2:$E$6,Fact_PreSortWeights!$C$2:$C$6,"Cafeteria",Fact_PreSortWeights!$B$2:$B$6,"Paper Recycling") -> 0 | C7: =IF($B$9=0,0,B7/$B$9) -> 0 | D7: =SUMIFS(Fact_Extrapolated!$F$2:$F$229,Fact_Extrapolated!$B$2:$B$229,A7,Fact_Extrapolated!$A$2:$A$229,"Cafeteria",Fact_Extrapolated!$G$2:$G$229,1) -> 0
A8: Terracycle | B8: =SUMIFS(Fact_PreSortWeights!$E$2:$E$6,Fact_PreSortWeights!$C$2:$C$6,"Cafeteria",Fact_PreSortWeights!$B$2:$B$6,"Terracycle") -> 0 | C8: =IF($B$9=0,0,B8/$B$9) -> 0 | D8: =SUMIFS(Fact_Extrapolated!$F$2:$F$229,Fact_Extrapolated!$B$2:$B$229,A8,Fact_Extrapolated!$A$2:$A$229,"Cafeteria",Fact_Extrapolated!$G$2:$G$229,1) -> 0
A9: Total | B9: =SUM(B3:B8) -> 610.08 | C9: =IF($B$9=0,0,B9/$B$9) -> 1 | D9: =SUM(D3:D8) -> 390.07 | E9: =IF(B9=0,0,D9/B9) -> 0.63937516
A11: Waste Stream Breakdown — by Material Type
A12: Material Type Category | B12: Material Type | C12: Total Material Type Weight (lbs.) | D12: % of Total Waste Stream | E12: Weight of Material Diverted (lbs.) | F12: % of Material Diverted | G12: Currently Divertible?
A13: Fibers | B13: Corrugated Cardboard | C13: =SUMIFS(Fact_Extrapolated!$F$2:$F$229,Fact_Extrapolated!$C$2:$C$229,"FIB01",Fact_Extrapolated!$A$2:$A$229,"Cafeteria") -> 82.99 | D13: =IF($B$9=0,0,C13/$B$9) -> 0.13603134 | E13: =SUMIFS(Fact_Extrapolated!$F$2:$F$229,Fact_Extrapolated!$C$2:$C$229,"FIB01",Fact_Extrapolated!$A$2:$A$229,"Cafeteria",Fact_Extrapolated!$G$2:$G$229,1) -> 82.99 | F13: =IF(C13=0,0,E13/C13) -> 1 | G13: =INDEX('Materials Master'!$D$2:$D$20,MATCH(B13,'Materials Master'!$B$2:$B$20,0)) -> Yes
B14: Waxed Cardboard | C14: =SUMIFS(Fact_Extrapolated!$F$2:$F$229,Fact_Extrapolated!$C$2:$C$229,"FIB02",Fact_Extrapolated!$A$2:$A$229,"Cafeteria") -> 5.26 | D14: =IF($B$9=0,0,C14/$B$9) -> 0.0086218201 | E14: =SUMIFS(Fact_Extrapolated!$F$2:$F$229,Fact_Extrapolated!$C$2:$C$229,"FIB02",Fact_Extrapolated!$A$2:$A$229,"Cafeteria",Fact_Extrapolated!$G$2:$G$229,1) -> 0 | F14: =IF(C14=0,0,E14/C14) -> 0 | G14: =INDEX('Materials Master'!$D$2:$D$20,MATCH(B14,'Materials Master'!$B$2:$B$20,0)) -> No
B15: Mixed Paper | C15: =SUMIFS(Fact_Extrapolated!$F$2:$F$229,Fact_Extrapolated!$C$2:$C$229,"FIB03",Fact_Extrapolated!$A$2:$A$229,"Cafeteria") -> 6.8 | D15: =IF($B$9=0,0,C15/$B$9) -> 0.011146079 | E15: =SUMIFS(Fact_Extrapolated!$F$2:$F$229,Fact_Extrapolated!$C$2:$C$229,"FIB03",Fact_Extrapolated!$A$2:$A$229,"Cafeteria",Fact_Extrapolated!$G$2:$G$229,1) -> 2.11 | F15: =IF(C15=0,0,E15/C15) -> 0.31029412 | G15: =INDEX('Materials Master'!$D$2:$D$20,MATCH(B15,'Materials Master'!$B$2:$B$20,0)) -> Yes
B16: Gable-top & Aseptic Cartons | C16: =SUMIFS(Fact_Extrapolated!$F$2:$F$229,Fact_Extrapolated!$C$2:$C$229,"FIB04",Fact_Extrapolated!$A$2:$A$229,"Cafeteria") -> 4.02 | D16: =IF($B$9=0,0,C16/$B$9) -> 0.0065892998 | E16: =SUMIFS(Fact_Extrapolated!$F$2:$F$229,Fact_Extrapolated!$C$2:$C$229,"FIB04",Fact_Extrapolated!$A$2:$A$229,"Cafeteria",Fact_Extrapolated!$G$2:$G$229,1) -> 0 | F16: =IF(C16=0,0,E16/C16) -> 0 | G16: =INDEX('Materials Master'!$D$2:$D$20,MATCH(B16,'Materials Master'!$B$2:$B$20,0)) -> Yes
B17: Other Coated Paper Containers | C17: =SUMIFS(Fact_Extrapolated!$F$2:$F$229,Fact_Extrapolated!$C$2:$C$229,"FIB05",Fact_Extrapolated!$A$2:$A$229,"Cafeteria") -> 1.17 | D17: =IF($B$9=0,0,C17/$B$9) -> 0.0019177813 | E17: =SUMIFS(Fact_Extrapolated!$F$2:$F$229,Fact_Extrapolated!$C$2:$C$229,"FIB05",Fact_Extrapolated!$A$2:$A$229,"Cafeteria",Fact_Extrapolated!$G$2:$G$229,1) -> 0 | F17: =IF(C17=0,0,E17/C17) -> 0 | G17: =INDEX('Materials Master'!$D$2:$D$20,MATCH(B17,'Materials Master'!$B$2:$B$20,0)) -> No
A18: Glass | B18: Glass Bottles & Jars | C18: =SUMIFS(Fact_Extrapolated!$F$2:$F$229,Fact_Extrapolated!$C$2:$C$229,"GLA01",Fact_Extrapolated!$A$2:$A$229,"Cafeteria") -> 4.78 | D18: =IF($B$9=0,0,C18/$B$9) -> 0.007835038 | E18: =SUMIFS(Fact_Extrapolated!$F$2:$F$229,Fact_Extrapolated!$C$2:$C$229,"GLA01",Fact_Extrapolated!$A$2:$A$229,"Cafeteria",Fact_Extrapolated!$G$2:$G$229,1) -> 0.43 | F18: =IF(C18=0,0,E18/C18) -> 0.089958159 | G18: =INDEX('Materials Master'!$D$2:$D$20,MATCH(B18,'Materials Master'!$B$2:$B$20,0)) -> Yes
B19: Broken Glass | C19: =SUMIFS(Fact_Extrapolated!$F$2:$F$229,Fact_Extrapolated!$C$2:$C$229,"GLA02",Fact_Extrapolated!$A$2:$A$229,"Cafeteria") -> 0 | D19: =IF($B$9=0,0,C19/$B$9) -> 0 | E19: =SUMIFS(Fact_Extrapolated!$F$2:$F$229,Fact_Extrapolated!$C$2:$C$229,"GLA02",Fact_Extrapolated!$A$2:$A$229,"Cafeteria",Fact_Extrapolated!$G$2:$G$229,1) -> 0 | F19: =IF(C19=0,0,E19/C19) -> 0 | G19: =INDEX('Materials Master'!$D$2:$D$20,MATCH(B19,'Materials Master'!$B$2:$B$20,0)) -> No
A20: Metals | B20: Aluminum & Bi-metal Containers | C20: =SUMIFS(Fact_Extrapolated!$F$2:$F$229,Fact_Extrapolated!$C$2:$C$229,"MET01",Fact_Extrapolated!$A$2:$A$229,"Cafeteria") -> 1.32 | D20: =IF($B$9=0,0,C20/$B$9) -> 0.0021636507 | E20: =SUMIFS(Fact_Extrapolated!$F$2:$F$229,Fact_Extrapolated!$C$2:$C$229,"MET01",Fact_Extrapolated!$A$2:$A$229,"Cafeteria",Fact_Extrapolated!$G$2:$G$229,1) -> 0.21 | F20: =IF(C20=0,0,E20/C20) -> 0.15909091 | G20: =INDEX('Materials Master'!$D$2:$D$20,MATCH(B20,'Materials Master'!$B$2:$B$20,0)) -> Yes
B21: Metal Hangers | C21: =SUMIFS(Fact_Extrapolated!$F$2:$F$229,Fact_Extrapolated!$C$2:$C$229,"MET02",Fact_Extrapolated!$A$2:$A$229,"Cafeteria") -> 2.98 | D21: =IF($B$9=0,0,C21/$B$9) -> 0.0048846053 | E21: =SUMIFS(Fact_Extrapolated!$F$2:$F$229,Fact_Extrapolated!$C$2:$C$229,"MET02",Fact_Extrapolated!$A$2:$A$229,"Cafeteria",Fact_Extrapolated!$G$2:$G$229,1) -> 0 | F21: =IF(C21=0,0,E21/C21) -> 0 | G21: =INDEX('Materials Master'!$D$2:$D$20,MATCH(B21,'Materials Master'!$B$2:$B$20,0)) -> No
A22: Plastics | B22: Rigid Plastics (1-6) | C22: =SUMIFS(Fact_Extrapolated!$F$2:$F$229,Fact_Extrapolated!$C$2:$C$229,"PLA01",Fact_Extrapolated!$A$2:$A$229,"Cafeteria") -> 25.02 | D22: =IF($B$9=0,0,C22/$B$9) -> 0.041011015 | E22: =SUMIFS(Fact_Extrapolated!$F$2:$F$229,Fact_Extrapolated!$C$2:$C$229,"PLA01",Fact_Extrapolated!$A$2:$A$229,"Cafeteria",Fact_Extrapolated!$G$2:$G$229,1) -> 2.34 | F22: =IF(C22=0,0,E22/C22) -> 0.09352518 | G22: =INDEX('Materials Master'!$D$2:$D$20,MATCH(B22,'Materials Master'!$B$2:$B$20,0)) -> Yes
B23: Soiled Rigid Plastics | C23: =SUMIFS(Fact_Extrapolated!$F$2:$F$229,Fact_Extrapolated!$C$2:$C$229,"PLA02",Fact_Extrapolated!$A$2:$A$229,"Cafeteria") -> 0.53 | D23: =IF($B$9=0,0,C23/$B$9) -> 0.00086873853 | E23: =SUMIFS(Fact_Extrapolated!$F$2:$F$229,Fact_Extrapolated!$C$2:$C$229,"PLA02",Fact_Extrapolated!$A$2:$A$229,"Cafeteria",Fact_Extrapolated!$G$2:$G$229,1) -> 0 | F23: =IF(C23=0,0,E23/C23) -> 0 | G23: =INDEX('Materials Master'!$D$2:$D$20,MATCH(B23,'Materials Master'!$B$2:$B$20,0)) -> No
B24: Film Plastics | C24: =SUMIFS(Fact_Extrapolated!$F$2:$F$229,Fact_Extrapolated!$C$2:$C$229,"PLA03",Fact_Extrapolated!$A$2:$A$229,"Cafeteria") -> 0.96 | D24: =IF($B$9=0,0,C24/$B$9) -> 0.0015735641 | E24: =SUMIFS(Fact_Extrapolated!$F$2:$F$229,Fact_Extrapolated!$C$2:$C$229,"PLA03",Fact_Extrapolated!$A$2:$A$229,"Cafeteria",Fact_Extrapolated!$G$2:$G$229,1) -> 0 | F24: =IF(C24=0,0,E24/C24) -> 0 | G24: =INDEX('Materials Master'!$D$2:$D$20,MATCH(B24,'Materials Master'!$B$2:$B$20,0)) -> No
B25: Waste Disposal Bags | C25: =SUMIFS(Fact_Extrapolated!$F$2:$F$229,Fact_Extrapolated!$C$2:$C$229,"PLA04",Fact_Extrapolated!$A$2:$A$229,"Cafeteria") -> 9.67 | D25: =IF($B$9=0,0,C25/$B$9) -> 0.01585038 | E25: =SUMIFS(Fact_Extrapolated!$F$2:$F$229,Fact_Extrapolated!$C$2:$C$229,"PLA04",Fact_Extrapolated!$A$2:$A$229,"Cafeteria",Fact_Extrapolated!$G$2:$G$229,1) -> 0 | F25: =IF(C25=0,0,E25/C25) -> 0 | G25: =INDEX('Materials Master'!$D$2:$D$20,MATCH(B25,'Materials Master'!$B$2:$B$20,0)) -> No
A26: Organics | B26: Food Waste | C26: =SUMIFS(Fact_Extrapolated!$F$2:$F$229,Fact_Extrapolated!$C$2:$C$229,"ORG01",Fact_Extrapolated!$A$2:$A$229,"Cafeteria") -> 383.35 | D26: =IF($B$9=0,0,C26/$B$9) -> 0.62836022 | E26: =SUMIFS(Fact_Extrapolated!$F$2:$F$229,Fact_Extrapolated!$C$2:$C$229,"ORG01",Fact_Extrapolated!$A$2:$A$229,"Cafeteria",Fact_Extrapolated!$G$2:$G$229,1) -> 301.99 | F26: =IF(C26=0,0,E26/C26) -> 0.78776575 | G26: =INDEX('Materials Master'!$D$2:$D$20,MATCH(B26,'Materials Master'!$B$2:$B$20,0)) -> No
B27: Paper Fibers and FSP | C27: =SUMIFS(Fact_Extrapolated!$F$2:$F$229,Fact_Extrapolated!$C$2:$C$229,"ORG02",Fact_Extrapolated!$A$2:$A$229,"Cafeteria") -> 20.63 | D27: =IF($B$9=0,0,C27/$B$9) -> 0.033815237 | E27: =SUMIFS(Fact_Extrapolated!$F$2:$F$229,Fact_Extrapolated!$C$2:$C$229,"ORG02",Fact_Extrapolated!$A$2:$A$229,"Cafeteria",Fact_Extrapolated!$G$2:$G$229,1) -> 0 | F27: =IF(C27=0,0,E27/C27) -> 0 | G27: =INDEX('Materials Master'!$D$2:$D$20,MATCH(B27,'Materials Master'!$B$2:$B$20,0)) -> No
B28: Certified Compostables | C28: =SUMIFS(Fact_Extrapolated!$F$2:$F$229,Fact_Extrapolated!$C$2:$C$229,"ORG03",Fact_Extrapolated!$A$2:$A$229,"Cafeteria") -> 17.02 | D28: =IF($B$9=0,0,C28/$B$9) -> 0.027897981 | E28: =SUMIFS(Fact_Extrapolated!$F$2:$F$229,Fact_Extrapolated!$C$2:$C$229,"ORG03",Fact_Extrapolated!$A$2:$A$229,"Cafeteria",Fact_Extrapolated!$G$2:$G$229,1) -> 0 | F28: =IF(C28=0,0,E28/C28) -> 0 | G28: =INDEX('Materials Master'!$D$2:$D$20,MATCH(B28,'Materials Master'!$B$2:$B$20,0)) -> No
A29: Unacceptable | B29: Textiles | C29: =SUMIFS(Fact_Extrapolated!$F$2:$F$229,Fact_Extrapolated!$C$2:$C$229,"UNA01",Fact_Extrapolated!$A$2:$A$229,"Cafeteria") -> 0 | D29: =IF($B$9=0,0,C29/$B$9) -> 0 | E29: =SUMIFS(Fact_Extrapolated!$F$2:$F$229,Fact_Extrapolated!$C$2:$C$229,"UNA01",Fact_Extrapolated!$A$2:$A$229,"Cafeteria",Fact_Extrapolated!$G$2:$G$229,1) -> 0 | F29: =IF(C29=0,0,E29/C29) -> 0 | G29: =INDEX('Materials Master'!$D$2:$D$20,MATCH(B29,'Materials Master'!$B$2:$B$20,0)) -> Unacceptable
B30: Liquids | C30: =SUMIFS(Fact_Extrapolated!$F$2:$F$229,Fact_Extrapolated!$C$2:$C$229,"UNA02",Fact_Extrapolated!$A$2:$A$229,"Cafeteria") -> 5.91 | D30: =IF($B$9=0,0,C30/$B$9) -> 0.0096872541 | E30: =SUMIFS(Fact_Extrapolated!$F$2:$F$229,Fact_Extrapolated!$C$2:$C$229,"UNA02",Fact_Extrapolated!$A$2:$A$229,"Cafeteria",Fact_Extrapolated!$G$2:$G$229,1) -> 0 | F30: =IF(C30=0,0,E30/C30) -> 0 | G30: =INDEX('Materials Master'!$D$2:$D$20,MATCH(B30,'Materials Master'!$B$2:$B$20,0)) -> Unacceptable
A31: Other | B31: Residual Materials | C31: =SUMIFS(Fact_Extrapolated!$F$2:$F$229,Fact_Extrapolated!$C$2:$C$229,"OTH01",Fact_Extrapolated!$A$2:$A$229,"Cafeteria") -> 37.67 | D31: =IF($B$9=0,0,C31/$B$9) -> 0.061746001 | E31: =SUMIFS(Fact_Extrapolated!$F$2:$F$229,Fact_Extrapolated!$C$2:$C$229,"OTH01",Fact_Extrapolated!$A$2:$A$229,"Cafeteria",Fact_Extrapolated!$G$2:$G$229,1) -> 0 | F31: =IF(C31=0,0,E31/C31) -> 0 | G31: =INDEX('Materials Master'!$D$2:$D$20,MATCH(B31,'Materials Master'!$B$2:$B$20,0)) -> No
A33: Total Waste Consumption
A34: Material Type | B34: Total Material Type Weight (lbs.) | C34: % of Total Waste Stream
A35: Fibers | B35: =SUM(C13:C17) -> 100.24 | C35: =IF($B$9=0,0,B35/$B$9) -> 0.16430632
A36: Glass | B36: =SUM(C18:C19) -> 4.78 | C36: =IF($B$9=0,0,B36/$B$9) -> 0.007835038
A37: Metals | B37: =SUM(C20:C21) -> 4.3 | C37: =IF($B$9=0,0,B37/$B$9) -> 0.007048256
A38: Plastics | B38: =SUM(C22:C25) -> 36.18 | C38: =IF($B$9=0,0,B38/$B$9) -> 0.059303698
A39: Organics | B39: =SUM(C26:C28) -> 421 | C39: =IF($B$9=0,0,B39/$B$9) -> 0.69007343
A40: Unacceptable | B40: =SUM(C29:C30) -> 5.91 | C40: =IF($B$9=0,0,B40/$B$9) -> 0.0096872541
A41: Other | B41: =SUM(C31:C31) -> 37.67 | C41: =IF($B$9=0,0,B41/$B$9) -> 0.061746001
A42: Unsorted (not broken down by material) | B42: =$B$9-SUM(B35:B41) -> 0 | C42: =IF($B$9=0,0,B42/$B$9) -> 0
A43: Total | B43: =SUM(B35:B42) -> 610.08 | C43: =IF(B43=0,0,B43/$B$9) -> 1

Sheet Base Building Summary
A1: Total Waste Generation — Day of Audit
A2: Waste Stream | B2: Waste Stream Weight (lbs.) | C2: % of Total Waste Stream | D2: Weight of Material Diverted (lbs.) | E2: % of Material Diverted
A3: Trash | B3: =SUMIFS(Fact_PreSortWeights!$E$2:$E$6,Fact_PreSortWeights!$C$2:$C$6,"Base Building",Fact_PreSortWeights!$B$2:$B$6,"Trash") -> 507.98 | C3: =IF($B$9=0,0,B3/$B$9) -> 0.68983405 | D3: =SUMIFS(Fact_Extrapolated!$F$2:$F$229,Fact_Extrapolated!$B$2:$B$229,A3,Fact_Extrapolated!$A$2:$A$229,"Base Building",Fact_Extrapolated!$G$2:$G$229,1) -> 0
A4: GMPC Recycling | B4: =SUMIFS(Fact_PreSortWeights!$E$2:$E$6,Fact_PreSortWeights!$C$2:$C$6,"Base Building",Fact_PreSortWeights!$B$2:$B$6,"GMPC Recycling") -> 143.8 | C4: =IF($B$9=0,0,B4/$B$9) -> 0.19527961 | D4: =SUMIFS(Fact_Extrapolated!$F$2:$F$229,Fact_Extrapolated!$B$2:$B$229,A4,Fact_Extrapolated!$A$2:$A$229,"Base Building",Fact_Extrapolated!$G$2:$G$229,1) -> 71.54
A5: Organics Recycling | B5: =SUMIFS(Fact_PreSortWeights!$E$2:$E$6,Fact_PreSortWeights!$C$2:$C$6,"Base Building",Fact_PreSortWeights!$B$2:$B$6,"Organics Recycling") -> 0 | C5: =IF($B$9=0,0,B5/$B$9) -> 0 | D5: =SUMIFS(Fact_Extrapolated!$F$2:$F$229,Fact_Extrapolated!$B$2:$B$229,A5,Fact_Extrapolated!$A$2:$A$229,"Base Building",Fact_Extrapolated!$G$2:$G$229,1) -> 0
A6: Cardboard Recycling | B6: =SUMIFS(Fact_SortedWeights!$E$2:$E$67,Fact_SortedWeights!$C$2:$C$67,"Base Building",Fact_SortedWeights!$B$2:$B$67,"Cardboard Recycling") -> 84.6 | C6: =IF($B$9=0,0,B6/$B$9) -> 0.11488634 | D6: =SUMIFS(Fact_Extrapolated!$F$2:$F$229,Fact_Extrapolated!$B$2:$B$229,A6,Fact_Extrapolated!$A$2:$A$229,"Base Building",Fact_Extrapolated!$G$2:$G$229,1) -> 84.6
A7: Paper Recycling | B7: =SUMIFS(Fact_PreSortWeights!$E$2:$E$6,Fact_PreSortWeights!$C$2:$C$6,"Base Building",Fact_PreSortWeights!$B$2:$B$6,"Paper Recycling") -> 0 | C7: =IF($B$9=0,0,B7/$B$9) -> 0 | D7: =SUMIFS(Fact_Extrapolated!$F$2:$F$229,Fact_Extrapolated!$B$2:$B$229,A7,Fact_Extrapolated!$A$2:$A$229,"Base Building",Fact_Extrapolated!$G$2:$G$229,1) -> 0
A8: Terracycle | B8: =SUMIFS(Fact_PreSortWeights!$E$2:$E$6,Fact_PreSortWeights!$C$2:$C$6,"Base Building",Fact_PreSortWeights!$B$2:$B$6,"Terracycle") -> 0 | C8: =IF($B$9=0,0,B8/$B$9) -> 0 | D8: =SUMIFS(Fact_Extrapolated!$F$2:$F$229,Fact_Extrapolated!$B$2:$B$229,A8,Fact_Extrapolated!$A$2:$A$229,"Base Building",Fact_Extrapolated!$G$2:$G$229,1) -> 0
A9: Total | B9: =SUM(B3:B8) -> 736.38 | C9: =IF($B$9=0,0,B9/$B$9) -> 1 | D9: =SUM(D3:D8) -> 156.14 | E9: =IF(B9=0,0,D9/B9) -> 0.21203726
A11: Waste Stream Breakdown — by Material Type
A12: Material Type Category | B12: Material Type | C12: Total Material Type Weight (lbs.) | D12: % of Total Waste Stream | E12: Weight of Material Diverted (lbs.) | F12: % of Material Diverted | G12: Currently Divertible?
A13: Fibers | B13: Corrugated Cardboard | C13: =SUMIFS(Fact_Extrapolated!$F$2:$F$229,Fact_Extrapolated!$C$2:$C$229,"FIB01",Fact_Extrapolated!$A$2:$A$229,"Base Building") -> 91.6 | D13: =IF($B$9=0,0,C13/$B$9) -> 0.1243923 | E13: =SUMIFS(Fact_Extrapolated!$F$2:$F$229,Fact_Extrapolated!$C$2:$C$229,"FIB01",Fact_Extrapolated!$A$2:$A$229,"Base Building",Fact_Extrapolated!$G$2:$G$229,1) -> 91.6 | F13: =IF(C13=0,0,E13/C13) -> 1 | G13: =INDEX('Materials Master'!$D$2:$D$20,MATCH(B13,'Materials Master'!$B$2:$B$20,0)) -> Yes
B14: Waxed Cardboard | C14: =SUMIFS(Fact_Extrapolated!$F$2:$F$229,Fact_Extrapolated!$C$2:$C$229,"FIB02",Fact_Extrapolated!$A$2:$A$229,"Base Building") -> 0 | D14: =IF($B$9=0,0,C14/$B$9) -> 0 | E14: =SUMIFS(Fact_Extrapolated!$F$2:$F$229,Fact_Extrapolated!$C$2:$C$229,"FIB02",Fact_Extrapolated!$A$2:$A$229,"Base Building",Fact_Extrapolated!$G$2:$G$229,1) -> 0 | F14: =IF(C14=0,0,E14/C14) -> 0 | G14: =INDEX('Materials Master'!$D$2:$D$20,MATCH(B14,'Materials Master'!$B$2:$B$20,0)) -> No
B15: Mixed Paper | C15: =SUMIFS(Fact_Extrapolated!$F$2:$F$229,Fact_Extrapolated!$C$2:$C$229,"FIB03",Fact_Extrapolated!$A$2:$A$229,"Base Building") -> 48.34 | D15: =IF($B$9=0,0,C15/$B$9) -> 0.065645455 | E15: =SUMIFS(Fact_Extrapolated!$F$2:$F$229,Fact_Extrapolated!$C$2:$C$229,"FIB03",Fact_Extrapolated!$A$2:$A$229,"Base Building",Fact_Extrapolated!$G$2:$G$229,1) -> 18.03 | F15: =IF(C15=0,0,E15/C15) -> 0.37298304 | G15: =INDEX('Materials Master'!$D$2:$D$20,MATCH(B15,'Materials Master'!$B$2:$B$20,0)) -> Yes
B16: Gable-top & Aseptic Cartons | C16: =SUMIFS(Fact_Extrapolated!$F$2:$F$229,Fact_Extrapolated!$C$2:$C$229,"FIB04",Fact_Extrapolated!$A$2:$A$229,"Base Building") -> 0.9 | D16: =IF($B$9=0,0,C16/$B$9) -> 0.0012221951 | E16: =SUMIFS(Fact_Extrapolated!$F$2:$F$229,Fact_Extrapolated!$C$2:$C$229,"FIB04",Fact_Extrapolated!$A$2:$A$229,"Base Building",Fact_Extrapolated!$G$2:$G$229,1) -> 0.9 | F16: =IF(C16=0,0,E16/C16) -> 1 | G16: =INDEX('Materials Master'!$D$2:$D$20,MATCH(B16,'Materials Master'!$B$2:$B$20,0)) -> Yes
B17: Other Coated Paper Containers | C17: =SUMIFS(Fact_Extrapolated!$F$2:$F$229,Fact_Extrapolated!$C$2:$C$229,"FIB05",Fact_Extrapolated!$A$2:$A$229,"Base Building") -> 36.91 | D17: =IF($B$9=0,0,C17/$B$9) -> 0.050123578 | E17: =SUMIFS(Fact_Extrapolated!$F$2:$F$229,Fact_Extrapolated!$C$2:$C$229,"FIB05",Fact_Extrapolated!$A$2:$A$229,"Base Building",Fact_Extrapolated!$G$2:$G$229,1) -> 0 | F17: =IF(C17=0,0,E17/C17) -> 0 | G17: =INDEX('Materials Master'!$D$2:$D$20,MATCH(B17,'Materials Master'!$B$2:$B$20,0)) -> No
A18: Glass | B18: Glass Bottles & Jars | C18: =SUMIFS(Fact_Extrapolated!$F$2:$F$229,Fact_Extrapolated!$C$2:$C$229,"GLA01",Fact_Extrapolated!$A$2:$A$229,"Base Building") -> 33.19 | D18: =IF($B$9=0,0,C18/$B$9) -> 0.045071838 | E18: =SUMIFS(Fact_Extrapolated!$F$2:$F$229,Fact_Extrapolated!$C$2:$C$229,"GLA01",Fact_Extrapolated!$A$2:$A$229,"Base Building",Fact_Extrapolated!$G$2:$G$229,1) -> 20.32 | F18: =IF(C18=0,0,E18/C18) -> 0.6122326 | G18: =INDEX('Materials Master'!$D$2:$D$20,MATCH(B18,'Materials Master'!$B$2:$B$20,0)) -> Yes
B19: Broken Glass | C19: =SUMIFS(Fact_Extrapolated!$F$2:$F$229,Fact_Extrapolated!$C$2:$C$229,"GLA02",Fact_Extrapolated!$A$2:$A$229,"Base Building") -> 39.04 | D19: =IF($B$9=0,0,C19/$B$9) -> 0.053016106 | E19: =SUMIFS(Fact_Extrapolated!$F$2:$F$229,Fact_Extrapolated!$C$2:$C$229,"GLA02",Fact_Extrapolated!$A$2:$A$229,"Base Building",Fact_Extrapolated!$G$2:$G$229,1) -> 0 | F19: =IF(C19=0,0,E19/C19) -> 0 | G19: =INDEX('Materials Master'!$D$2:$D$20,MATCH(B19,'Materials Master'!$B$2:$B$20,0)) -> No
A20: Metals | B20: Aluminum & Bi-metal Containers | C20: =SUMIFS(Fact_Extrapolated!$F$2:$F$229,Fact_Extrapolated!$C$2:$C$229,"MET01",Fact_Extrapolated!$A$2:$A$229,"Base Building") -> 27.16 | D20: =IF($B$9=0,0,C20/$B$9) -> 0.036883131 | E20: =SUMIFS(Fact_Extrapolated!$F$2:$F$229,Fact_Extrapolated!$C$2:$C$229,"MET01",Fact_Extrapolated!$A$2:$A$229,"Base Building",Fact_Extrapolated!$G$2:$G$229,1) -> 7.23 | F20: =IF(C20=0,0,E20/C20) -> 0.26620029 | G20: =INDEX('Materials Master'!$D$2:$D$20,MATCH(B20,'Materials Master'!$B$2:$B$20,0)) -> Yes
B21: Metal Hangers | C21: =SUMIFS(Fact_Extrapolated!$F$2:$F$229,Fact_Extrapolated!$C$2:$C$229,"MET02",Fact_Extrapolated!$A$2:$A$229,"Base Building") -> 0 | D21: =IF($B$9=0,0,C21/$B$9) -> 0 | E21: =SUMIFS(Fact_Extrapolated!$F$2:$F$229,Fact_Extrapolated!$C$2:$C$229,"MET02",Fact_Extrapolated!$A$2:$A$229,"Base Building",Fact_Extrapolated!$G$2:$G$229,1) -> 0 | F21: =IF(C21=0,0,E21/C21) -> 0 | G21: =INDEX('Materials Master'!$D$2:$D$20,MATCH(B21,'Materials Master'!$B$2:$B$20,0)) -> No
A22: Plastics | B22: Rigid Plastics (1-6) | C22: =SUMIFS(Fact_Extrapolated!$F$2:$F$229,Fact_Extrapolated!$C$2:$C$229,"PLA01",Fact_Extrapolated!$A$2:$A$229,"Base Building") -> 77.44 | D22: =IF($B$9=0,0,C22/$B$9) -> 0.1051631 | E22: =SUMIFS(Fact_Extrapolated!$F$2:$F$229,Fact_Extrapolated!$C$2:$C$229,"PLA01",Fact_Extrapolated!$A$2:$A$229,"Base Building",Fact_Extrapolated!$G$2:$G$229,1) -> 18.06 | F22: =IF(C22=0,0,E22/C22) -> 0.23321281 | G22: =INDEX('Materials Master'!$D$2:$D$20,MATCH(B22,'Materials Master'!$B$2:$B$20,0)) -> Yes
B23: Soiled Rigid Plastics | C23: =SUMIFS(Fact_Extrapolated!$F$2:$F$229,Fact_Extrapolated!$C$2:$C$229,"PLA02",Fact_Extrapolated!$A$2:$A$229,"Base Building") -> 9.48 | D23: =IF($B$9=0,0,C23/$B$9) -> 0.012873788 | E23: =SUMIFS(Fact_Extrapolated!$F$2:$F$229,Fact_Extrapolated!$C$2:$C$229,"PLA02",Fact_Extrapolated!$A$2:$A$229,"Base Building",Fact_Extrapolated!$G$2:$G$229,1) -> 0 | F23: =IF(C23=0,0,E23/C23) -> 0 | G23: =INDEX('Materials Master'!$D$2:$D$20,MATCH(B23,'Materials Master'!$B$2:$B$20,0)) -> No
B24: Film Plastics | C24: =SUMIFS(Fact_Extrapolated!$F$2:$F$229,Fact_Extrapolated!$C$2:$C$229,"PLA03",Fact_Extrapolated!$A$2:$A$229,"Base Building") -> 6.3 | D24: =IF($B$9=0,0,C24/$B$9) -> 0.0085553654 | E24: =SUMIFS(Fact_Extrapolated!$F$2:$F$229,Fact_Extrapolated!$C$2:$C$229,"PLA03",Fact_Extrapolated!$A$2:$A$229,"Base Building",Fact_Extrapolated!$G$2:$G$229,1) -> 0 | F24: =IF(C24=0,0,E24/C24) -> 0 | G24: =INDEX('Materials Master'!$D$2:$D$20,MATCH(B24,'Materials Master'!$B$2:$B$20,0)) -> No
B25: Waste Disposal Bags | C25: =SUMIFS(Fact_Extrapolated!$F$2:$F$229,Fact_Extrapolated!$C$2:$C$229,"PLA04",Fact_Extrapolated!$A$2:$A$229,"Base Building") -> 56.52 | D25: =IF($B$9=0,0,C25/$B$9) -> 0.07675385 | E25: =SUMIFS(Fact_Extrapolated!$F$2:$F$229,Fact_Extrapolated!$C$2:$C$229,"PLA04",Fact_Extrapolated!$A$2:$A$229,"Base Building",Fact_Extrapolated!$G$2:$G$229,1) -> 0 | F25: =IF(C25=0,0,E25/C25) -> 0 | G25: =INDEX('Materials Master'!$D$2:$D$20,MATCH(B25,'Materials Master'!$B$2:$B$20,0)) -> No
A26: Organics | B26: Food Waste | C26: =SUMIFS(Fact_Extrapolated!$F$2:$F$229,Fact_Extrapolated!$C$2:$C$229,"ORG01",Fact_Extrapolated!$A$2:$A$229,"Base Building") -> 110.39 | D26: =IF($B$9=0,0,C26/$B$9) -> 0.14990901 | E26: =SUMIFS(Fact_Extrapolated!$F$2:$F$229,Fact_Extrapolated!$C$2:$C$229,"ORG01",Fact_Extrapolated!$A$2:$A$229,"Base Building",Fact_Extrapolated!$G$2:$G$229,1) -> 0 | F26: =IF(C26=0,0,E26/C26) -> 0 | G26: =INDEX('Materials Master'!$D$2:$D$20,MATCH(B26,'Materials Master'!$B$2:$B$20,0)) -> No
B27: Paper Fibers and FSP | C27: =SUMIFS(Fact_Extrapolated!$F$2:$F$229,Fact_Extrapolated!$C$2:$C$229,"ORG02",Fact_Extrapolated!$A$2:$A$229,"Base Building") -> 89.69 | D27: =IF($B$9=0,0,C27/$B$9) -> 0.12179853 | E27: =SUMIFS(Fact_Extrapolated!$F$2:$F$229,Fact_Extrapolated!$C$2:$C$229,"ORG02",Fact_Extrapolated!$A$2:$A$229,"Base Building",Fact_Extrapolated!$G$2:$G$229,1) -> 0 | F27: =IF(C27=0,0,E27/C27) -> 0 | G27: =INDEX('Materials Master'!$D$2:$D$20,MATCH(B27,'Materials Master'!$B$2:$B$20,0)) -> No
B28: Certified Compostables | C28: =SUMIFS(Fact_Extrapolated!$F$2:$F$229,Fact_Extrapolated!$C$2:$C$229,"ORG03",Fact_Extrapolated!$A$2:$A$229,"Base Building") -> 2.94 | D28: =IF($B$9=0,0,C28/$B$9) -> 0.0039925039 | E28: =SUMIFS(Fact_Extrapolated!$F$2:$F$229,Fact_Extrapolated!$C$2:$C$229,"ORG03",Fact_Extrapolated!$A$2:$A$229,"Base Building",Fact_Extrapolated!$G$2:$G$229,1) -> 0 | F28: =IF(C28=0,0,E28/C28) -> 0 | G28: =INDEX('Materials Master'!$D$2:$D$20,MATCH(B28,'Materials Master'!$B$2:$B$20,0)) -> No
A29: Unacceptable | B29: Textiles | C29: =SUMIFS(Fact_Extrapolated!$F$2:$F$229,Fact_Extrapolated!$C$2:$C$229,"UNA01",Fact_Extrapolated!$A$2:$A$229,"Base Building") -> 4.15 | D29: =IF($B$9=0,0,C29/$B$9) -> 0.0056356772 | E29: =SUMIFS(Fact_Extrapolated!$F$2:$F$229,Fact_Extrapolated!$C$2:$C$229,"UNA01",Fact_Extrapolated!$A$2:$A$229,"Base Building",Fact_Extrapolated!$G$2:$G$229,1) -> 0 | F29: =IF(C29=0,0,E29/C29) -> 0 | G29: =INDEX('Materials Master'!$D$2:$D$20,MATCH(B29,'Materials Master'!$B$2:$B$20,0)) -> Unacceptable
B30: Liquids | C30: =SUMIFS(Fact_Extrapolated!$F$2:$F$229,Fact_Extrapolated!$C$2:$C$229,"UNA02",Fact_Extrapolated!$A$2:$A$229,"Base Building") -> 40.33 | D30: =IF($B$9=0,0,C30/$B$9) -> 0.054767919 | E30: =SUMIFS(Fact_Extrapolated!$F$2:$F$229,Fact_Extrapolated!$C$2:$C$229,"UNA02",Fact_Extrapolated!$A$2:$A$229,"Base Building",Fact_Extrapolated!$G$2:$G$229,1) -> 0 | F30: =IF(C30=0,0,E30/C30) -> 0 | G30: =INDEX('Materials Master'!$D$2:$D$20,MATCH(B30,'Materials Master'!$B$2:$B$20,0)) -> Unacceptable
A31: Other | B31: Residual Materials | C31: =SUMIFS(Fact_Extrapolated!$F$2:$F$229,Fact_Extrapolated!$C$2:$C$229,"OTH01",Fact_Extrapolated!$A$2:$A$229,"Base Building") -> 62 | D31: =IF($B$9=0,0,C31/$B$9) -> 0.08419566 | E31: =SUMIFS(Fact_Extrapolated!$F$2:$F$229,Fact_Extrapolated!$C$2:$C$229,"OTH01",Fact_Extrapolated!$A$2:$A$229,"Base Building",Fact_Extrapolated!$G$2:$G$229,1) -> 0 | F31: =IF(C31=0,0,E31/C31) -> 0 | G31: =INDEX('Materials Master'!$D$2:$D$20,MATCH(B31,'Materials Master'!$B$2:$B$20,0)) -> No
A33: Total Waste Consumption
A34: Material Type | B34: Total Material Type Weight (lbs.) | C34: % of Total Waste Stream
A35: Fibers | B35: =SUM(C13:C17) -> 177.75 | C35: =IF($B$9=0,0,B35/$B$9) -> 0.24138352
A36: Glass | B36: =SUM(C18:C19) -> 72.23 | C36: =IF($B$9=0,0,B36/$B$9) -> 0.098087944
A37: Metals | B37: =SUM(C20:C21) -> 27.16 | C37: =IF($B$9=0,0,B37/$B$9) -> 0.036883131
A38: Plastics | B38: =SUM(C22:C25) -> 149.74 | C38: =IF($B$9=0,0,B38/$B$9) -> 0.2033461
A39: Organics | B39: =SUM(C26:C28) -> 203.02 | C39: =IF($B$9=0,0,B39/$B$9) -> 0.27570005
A40: Unacceptable | B40: =SUM(C29:C30) -> 44.48 | C40: =IF($B$9=0,0,B40/$B$9) -> 0.060403596
A41: Other | B41: =SUM(C31:C31) -> 62 | C41: =IF($B$9=0,0,B41/$B$9) -> 0.08419566
A42: Unsorted (not broken down by material) | B42: =$B$9-SUM(B35:B41) -> 0 | C42: =IF($B$9=0,0,B42/$B$9) -> 0
A43: Total | B43: =SUM(B35:B42) -> 736.38 | C43: =IF(B43=0,0,B43/$B$9) -> 1

Sheet Notes & Assumptions
A1: Notes & Assumptions
A3: Total Waste Generation reflects the full pre-sort weight for each stream — everything that went on the scale — not just the portion that was hand-sorted into materials. The material breakdown is extrapolated: whatever percentage each material represented in the sorted sample is applied to the full pre-sort weight for that area/stream.
A5: Cardboard Recycling is weighed loose rather than bagged, so its "pre-sort total" is the same as its sorted total (100% sorted by definition, no extrapolation needed).
A7: GMPC Recycling, Cardboard Recycling, and Paper Recycling are treated as the same underlying dry-recyclables program for contamination purposes (collected differently — bagged vs. loose — but processed together) — a recyclable found in any of the three is not counted as contamination. Terracycle is a separate specialty program with its own accepted materials.
A9: Any area with pre-sort weight but zero sorted-material rows (nothing was hand-sorted there) is reported as its own "[Area] Waste" line rather than folded into a stream it was never actually sorted into.
A11: "Currently Divertible?" is pulled live from the Materials Master tab for this site’s specific recycling program, so it stays consistent across every summary sheet automatically.

Sheet QA_Reconciliation
A1: QA — Pre-sort bag weights vs. sorted material weights
A3: area | B3: stream | C3: presort_total_lbs | D3: sorted_total_lbs | E3: variance_lbs | F3: variance_pct | G3: flag
A4: Cafeteria | B4: Trash | C4: =SUMIFS(Fact_PreSortWeights!$E$2:$E$6,Fact_PreSortWeights!$C$2:$C$6,A4,Fact_PreSortWeights!$B$2:$B$6,B4) -> 198.9 | D4: =SUMIFS(Fact_SortedWeights!$E$2:$E$67,Fact_SortedWeights!$C$2:$C$67,A4,Fact_SortedWeights!$B$2:$B$67,B4) -> 198.9 | E4: =D4-C4 -> 0 | F4: =IF(C4=0,"n/a",E4/C4) -> 0 | G4: =IF(AND(C4=0,D4=0),"no data yet",IF(C4=0,"no presort data",IF(D4=0,"NOT YET SORTED",IF(ABS(F4)>0.15,"CHECK >15% variance","OK")))) -> OK
A5: Cafeteria | B5: GMPC Recycling | C5: =SUMIFS(Fact_PreSortWeights!$E$2:$E$6,Fact_PreSortWeights!$C$2:$C$6,A5,Fact_PreSortWeights!$B$2:$B$6,B5) -> 17.79 | D5: =SUMIFS(Fact_SortedWeights!$E$2:$E$67,Fact_SortedWeights!$C$2:$C$67,A5,Fact_SortedWeights!$B$2:$B$67,B5) -> 17.79 | E5: =D5-C5 -> 0 | F5: =IF(C5=0,"n/a",E5/C5) -> 0 | G5: =IF(AND(C5=0,D5=0),"no data yet",IF(C5=0,"no presort data",IF(D5=0,"NOT YET SORTED",IF(ABS(F5)>0.15,"CHECK >15% variance","OK")))) -> OK
A6: Cafeteria | B6: Organics Recycling | C6: =SUMIFS(Fact_PreSortWeights!$E$2:$E$6,Fact_PreSortWeights!$C$2:$C$6,A6,Fact_PreSortWeights!$B$2:$B$6,B6) -> 305.99 | D6: =SUMIFS(Fact_SortedWeights!$E$2:$E$67,Fact_SortedWeights!$C$2:$C$67,A6,Fact_SortedWeights!$B$2:$B$67,B6) -> 305.99 | E6: =D6-C6 -> 0 | F6: =IF(C6=0,"n/a",E6/C6) -> 0 | G6: =IF(AND(C6=0,D6=0),"no data yet",IF(C6=0,"no presort data",IF(D6=0,"NOT YET SORTED",IF(ABS(F6)>0.15,"CHECK >15% variance","OK")))) -> OK
A7: Cafeteria | B7: Cardboard Recycling | C7: =SUMIFS(Fact_PreSortWeights!$E$2:$E$6,Fact_PreSortWeights!$C$2:$C$6,A7,Fact_PreSortWeights!$B$2:$B$6,B7) -> 0 | D7: =SUMIFS(Fact_SortedWeights!$E$2:$E$67,Fact_SortedWeights!$C$2:$C$67,A7,Fact_SortedWeights!$B$2:$B$67,B7) -> 87.4 | E7: =D7-C7 -> 87.4 | F7: =IF(C7=0,"n/a",E7/C7) -> n/a | G7: =IF(AND(C7=0,D7=0),"no data yet",IF(C7=0,"no presort data",IF(D7=0,"NOT YET SORTED",IF(ABS(F7)>0.15,"CHECK >15% variance","OK")))) -> no presort data
A8: Cafeteria | B8: Paper Recycling | C8: =SUMIFS(Fact_PreSortWeights!$E$2:$E$6,Fact_PreSortWeights!$C$2:$C$6,A8,Fact_PreSortWeights!$B$2:$B$6,B8) -> 0 | D8: =SUMIFS(Fact_SortedWeights!$E$2:$E$67,Fact_SortedWeights!$C$2:$C$67,A8,Fact_SortedWeights!$B$2:$B$67,B8) -> 0 | E8: =D8-C8 -> 0 | F8: =IF(C8=0,"n/a",E8/C8) -> n/a | G8: =IF(AND(C8=0,D8=0),"no data yet",IF(C8=0,"no presort data",IF(D8=0,"NOT YET SORTED",IF(ABS(F8)>0.15,"CHECK >15% variance","OK")))) -> no data yet
A9: Cafeteria | B9: Terracycle | C9: =SUMIFS(Fact_PreSortWeights!$E$2:$E$6,Fact_PreSortWeights!$C$2:$C$6,A9,Fact_PreSortWeights!$B$2:$B$6,B9) -> 0 | D9: =SUMIFS(Fact_SortedWeights!$E$2:$E$67,Fact_SortedWeights!$C$2:$C$67,A9,Fact_SortedWeights!$B$2:$B$67,B9) -> 0 | E9: =D9-C9 -> 0 | F9: =IF(C9=0,"n/a",E9/C9) -> n/a | G9: =IF(AND(C9=0,D9=0),"no data yet",IF(C9=0,"no presort data",IF(D9=0,"NOT YET SORTED",IF(ABS(F9)>0.15,"CHECK >15% variance","OK")))) -> no data yet
A10: Base Building | B10: Trash | C10: =SUMIFS(Fact_PreSortWeights!$E$2:$E$6,Fact_PreSortWeights!$C$2:$C$6,A10,Fact_PreSortWeights!$B$2:$B$6,B10) -> 507.98 | D10: =SUMIFS(Fact_SortedWeights!$E$2:$E$67,Fact_SortedWeights!$C$2:$C$67,A10,Fact_SortedWeights!$B$2:$B$67,B10) -> 507.98 | E10: =D10-C10 -> 0 | F10: =IF(C10=0,"n/a",E10/C10) -> 0 | G10: =IF(AND(C10=0,D10=0),"no data yet",IF(C10=0,"no presort data",IF(D10=0,"NOT YET SORTED",IF(ABS(F10)>0.15,"CHECK >15% variance","OK")))) -> OK
A11: Base Building | B11: GMPC Recycling | C11: =SUMIFS(Fact_PreSortWeights!$E$2:$E$6,Fact_PreSortWeights!$C$2:$C$6,A11,Fact_PreSortWeights!$B$2:$B$6,B11) -> 143.8 | D11: =SUMIFS(Fact_SortedWeights!$E$2:$E$67,Fact_SortedWeights!$C$2:$C$67,A11,Fact_SortedWeights!$B$2:$B$67,B11) -> 143.8 | E11: =D11-C11 -> 0 | F11: =IF(C11=0,"n/a",E11/C11) -> 0 | G11: =IF(AND(C11=0,D11=0),"no data yet",IF(C11=0,"no presort data",IF(D11=0,"NOT YET SORTED",IF(ABS(F11)>0.15,"CHECK >15% variance","OK")))) -> OK
A12: Base Building | B12: Organics Recycling | C12: =SUMIFS(Fact_PreSortWeights!$E$2:$E$6,Fact_PreSortWeights!$C$2:$C$6,A12,Fact_PreSortWeights!$B$2:$B$6,B12) -> 0 | D12: =SUMIFS(Fact_SortedWeights!$E$2:$E$67,Fact_SortedWeights!$C$2:$C$67,A12,Fact_SortedWeights!$B$2:$B$67,B12) -> 0 | E12: =D12-C12 -> 0 | F12: =IF(C12=0,"n/a",E12/C12) -> n/a | G12: =IF(AND(C12=0,D12=0),"no data yet",IF(C12=0,"no presort data",IF(D12=0,"NOT YET SORTED",IF(ABS(F12)>0.15,"CHECK >15% variance","OK")))) -> no data yet
A13: Base Building | B13: Cardboard Recycling | C13: =SUMIFS(Fact_PreSortWeights!$E$2:$E$6,Fact_PreSortWeights!$C$2:$C$6,A13,Fact_PreSortWeights!$B$2:$B$6,B13) -> 0 | D13: =SUMIFS(Fact_SortedWeights!$E$2:$E$67,Fact_SortedWeights!$C$2:$C$67,A13,Fact_SortedWeights!$B$2:$B$67,B13) -> 84.6 | E13: =D13-C13 -> 84.6 | F13: =IF(C13=0,"n/a",E13/C13) -> n/a | G13: =IF(AND(C13=0,D13=0),"no data yet",IF(C13=0,"no presort data",IF(D13=0,"NOT YET SORTED",IF(ABS(F13)>0.15,"CHECK >15% variance","OK")))) -> no presort data
A14: Base Building | B14: Paper Recycling | C14: =SUMIFS(Fact_PreSortWeights!$E$2:$E$6,Fact_PreSortWeights!$C$2:$C$6,A14,Fact_PreSortWeights!$B$2:$B$6,B14) -> 0 | D14: =SUMIFS(Fact_SortedWeights!$E$2:$E$67,Fact_SortedWeights!$C$2:$C$67,A14,Fact_SortedWeights!$B$2:$B$67,B14) -> 0 | E14: =D14-C14 -> 0 | F14: =IF(C14=0,"n/a",E14/C14) -> n/a | G14: =IF(AND(C14=0,D14=0),"no data yet",IF(C14=0,"no presort data",IF(D14=0,"NOT YET SORTED",IF(ABS(F14)>0.15,"CHECK >15% variance","OK")))) -> no data yet
A15: Base Building | B15: Terracycle | C15: =SUMIFS(Fact_PreSortWeights!$E$2:$E$6,Fact_PreSortWeights!$C$2:$C$6,A15,Fact_PreSortWeights!$B$2:$B$6,B15) -> 0 | D15: =SUMIFS(Fact_SortedWeights!$E$2:$E$67,Fact_SortedWeights!$C$2:$C$67,A15,Fact_SortedWeights!$B$2:$B$67,B15) -> 0 | E15: =D15-C15 -> 0 | F15: =IF(C15=0,"n/a",E15/C15) -> n/a | G15: =IF(AND(C15=0,D15=0),"no data yet",IF(C15=0,"no presort data",IF(D15=0,"NOT YET SORTED",IF(ABS(F15)>0.15,"CHECK >15% variance","OK")))) -> no data yet
