Workbook

Sheet Audit Info
A1: Audit Info
A3: Client Name | B3: CBRE - Bloomberg
A4: Site Name | B4: 120 Park Avenue
A5: Site Address | B5: 120 Park Avenue, New York, NY
A6: Hauler | B6: Waste Connections
A7: Tenant/Area Breakouts | B7: BOH Foodservice Management
A8: Auditors
A9: Audit Date | B9: 2025-01-23
A10: Site Occupancy
A11: Source | B11: Collected via tablet field form

Sheet Materials Master
A1: material_id | B1: material_name | C1: material_category | D1: currently_divertible | E1: accepted_in_program | F1: target: Trash | G1: target: GMPC Recycling | H1: target: Organics Recycling | I1: target: Cardboard Recycling | J1: target: Paper Recycling | K1: target: Terracycle
A2: FIB01 | B2: Corrugated Cardboard | C2: Fibers | D2: Yes | E2: Yes | F2: No | G2: Yes | H2: No | I2: Yes | J2: Yes | K2: No
A3: FIB02 | B3: Soiled Cardboard | C3: Fibers | D3: No | E3: No | F3: Yes | G3: No | H3: No | I3: No | J3: No | K3: No
A4: FIB03 | B4: Waxed Cardboard | C4: Fibers | D4: No | E4: No | F4: Yes | G4: No | H4: No | I4: No | J4: No | K4: No
A5: FIB04 | B5: Mixed Paper | C5: Fibers | D5: Yes | E5: Yes | F5: No | G5: Yes | H5: No | I5: Yes | J5: Yes | K5: No
A6: FIB05 | B6: Soiled Paper | C6: Fibers | D6: No | E6: No | F6: Yes | G6: No | H6: No | I6: No | J6: No | K6: No
A7: FIB06 | B7: Beverage Cartons | C7: Fibers | D7: Yes | E7: Yes | F7: No | G7: Yes | H7: No | I7: Yes | J7: Yes | K7: No
A8: FIB07 | B8: Soiled Beverage Cartons | C8: Fibers | D8: No | E8: No | F8: Yes | G8: No | H8: No | I8: No | J8: No | K8: No
A9: FIB08 | B9: Paper Cups / Other Coated Paper Containers | C9: Fibers | D9: No | E9: No | F9: Yes | G9: No | H9: No | I9: No | J9: No | K9: No
A10: GLA01 | B10: Glass Bottles & Jars | C10: Glass | D10: Yes | E10: Yes | F10: No | G10: Yes | H10: No | I10: Yes | J10: Yes | K10: No
A11: GLA02 | B11: Soiled Glass | C11: Glass | D11: No | E11: No | F11: Yes | G11: No | H11: No | I11: No | J11: No | K11: No
A12: MET01 | B12: Aluminum & Bi-Metal Containers | C12: Metals | D12: Yes | E12: Yes | F12: No | G12: Yes | H12: No | I12: Yes | J12: Yes | K12: No
... A27: OTH02 | B27: Other/Residual Materials | C27: Other | D27: No | E27: No | F27: Yes | G27: No | H27: No | I27: No | J27: No | K27: No

Sheet Areas
A1: area_id | B1: area_name | C1: rollup_group
A2: OFFICES | B2: OFFICES | C2: Rest of Building
A3: CAFE_BOH | B3: CAFÉ BOH | C3: BOH
A4: LOC_C | B4: LOCATION C | C4: Rest of Building
A5: LOC_D | B5: LOCATION D | C5: Rest of Building
A6: BATHROOM | B6: BATHROOM | C6: Rest of Building

Sheet Streams
A1: stream_name
A2: Trash
A3: GMPC Recycling
A4: Organics Recycling
A5: Cardboard Recycling
A6: Paper Recycling
A7: Terracycle

Sheet Fact_SortedWeights
A1: audit_id | B1: stream | C1: area | D1: material_id | E1: weight_lbs | F1: material_name | G1: material_category | H1: currently_divertible | I1: accepted_in_program | J1: belongs_here | K1: rollup_group | L1: notes
A2: 120PARK-2025 | B2: Cardboard Recycling | C2: OFFICES | D2: FIB01 | E2: 301.78 | F2: =IFERROR(INDEX('Materials Master'!$B$2:$B$27,MATCH(D2,'Materials Master'!$A$2:$A$27,0)),"") -> Corrugated Cardboard | G2: =IFERROR(INDEX('Materials Master'!$C$2:$C$27,MATCH(D2,'Materials Master'!$A$2:$A$27,0)),"") -> Fibers | H2: =IFERROR(INDEX('Materials Master'!$D$2:$D$27,MATCH(D2,'Materials Master'!$A$2:$A$27,0)),"") -> Yes | I2: =IFERROR(INDEX('Materials Master'!$E$2:$E$27,MATCH(D2,'Materials Master'!$A$2:$A$27,0)),"") -> Yes | J2: =IFERROR(IF(B2="Trash",INDEX('Materials Master'!$F$2:$F$27,MATCH(D2,'Materials Master'!$A$2:$A$27,0)),IF(B2="GMPC Recycling",INDEX('Materials Master'!$G$2:$G$27,MATCH(D2,'Materials Master'!$A$2:$A$27,0)),IF(B2="Organics Recycling",INDEX('Materials Master'!$H$2:$H$27,MATCH(D2,'Materials Master'!$A$2:$A$27,0)),IF(B2="Cardboard Recycling",INDEX('Materials Master'!$I$2:$I$27,MATCH(D2,'Materials Master'!$A$2:$A$27,0)),IF(B2="Paper Recycling",INDEX('Materials Master'!$J$2:$J$27,MATCH(D2,'Materials Master'!$A$2:$A$27,0)),IF(B2="Terracycle",INDEX('Materials Master'!$K$2:$K$27,MATCH(D2,'Materials Master'!$A$2:$A$27,0)),"No")))))),"") -> Yes | K2: =IFERROR(INDEX(Areas!$C$2:$C$6,MATCH(C2,Areas!$B$2:$B$6,0)),"") -> Rest of Building
A3: 120PARK-2025 | B3: Cardboard Recycling | C3: OFFICES | D3: FIB03 | E3: 4.4 | F3: =IFERROR(INDEX('Materials Master'!$B$2:$B$27,MATCH(D3,'Materials Master'!$A$2:$A$27,0)),"") -> Waxed Cardboard | G3: =IFERROR(INDEX('Materials Master'!$C$2:$C$27,MATCH(D3,'Materials Master'!$A$2:$A$27,0)),"") -> Fibers | H3: =IFERROR(INDEX('Materials Master'!$D$2:$D$27,MATCH(D3,'Materials Master'!$A$2:$A$27,0)),"") -> No | I3: =IFERROR(INDEX('Materials Master'!$E$2:$E$27,MATCH(D3,'Materials Master'!$A$2:$A$27,0)),"") -> No | J3: =IFERROR(IF(B3="Trash",INDEX('Materials Master'!$F$2:$F$27,MATCH(D3,'Materials Master'!$A$2:$A$27,0)),IF(B3="GMPC Recycling",INDEX('Materials Master'!$G$2:$G$27,MATCH(D3,'Materials Master'!$A$2:$A$27,0)),IF(B3="Organics Recycling",INDEX('Materials Master'!$H$2:$H$27,MATCH(D3,'Materials Master'!$A$2:$A$27,0)),IF(B3="Cardboard Recycling",INDEX('Materials Master'!$I$2:$I$27,MATCH(D3,'Materials Master'!$A$2:$A$27,0)),IF(B3="Paper Recycling",INDEX('Materials Master'!$J$2:$J$27,MATCH(D3,'Materials Master'!$A$2:$A$27,0)),IF(B3="Terracycle",INDEX('Materials Master'!$K$2:$K$27,MATCH(D3,'Materials Master'!$A$2:$A$27,0)),"No")))))),"") -> No | K3: =IFERROR(INDEX(Areas!$C$2:$C$6,MATCH(C3,Areas!$B$2:$B$6,0)),"") -> Rest of Building
A4: 120PARK-2025 | B4: Cardboard Recycling | C4: OFFICES | D4: FIB04 | E4: 33.2 | F4: =IFERROR(INDEX('Materials Master'!$B$2:$B$27,MATCH(D4,'Materials Master'!$A$2:$A$27,0)),"") -> Mixed Paper | G4: =IFERROR(INDEX('Materials Master'!$C$2:$C$27,MATCH(D4,'Materials Master'!$A$2:$A$27,0)),"") -> Fibers | H4: =IFERROR(INDEX('Materials Master'!$D$2:$D$27,MATCH(D4,'Materials Master'!$A$2:$A$27,0)),"") -> Yes | I4: =IFERROR(INDEX('Materials Master'!$E$2:$E$27,MATCH(D4,'Materials Master'!$A$2:$A$27,0)),"") -> Yes | J4: =IFERROR(IF(B4="Trash",INDEX('Materials Master'!$F$2:$F$27,MATCH(D4,'Materials Master'!$A$2:$A$27,0)),IF(B4="GMPC Recycling",INDEX('Materials Master'!$G$2:$G$27,MATCH(D4,'Materials Master'!$A$2:$A$27,0)),IF(B4="Organics Recycling",INDEX('Materials Master'!$H$2:$H$27,MATCH(D4,'Materials Master'!$A$2:$A$27,0)),IF(B4="Cardboard Recycling",INDEX('Materials Master'!$I$2:$I$27,MATCH(D4,'Materials Master'!$A$2:$A$27,0)),IF(B4="Paper Recycling",INDEX('Materials Master'!$J$2:$J$27,MATCH(D4,'Materials Master'!$A$2:$A$27,0)),IF(B4="Terracycle",INDEX('Materials Master'!$K$2:$K$27,MATCH(D4,'Materials Master'!$A$2:$A$27,0)),"No")))))),"") -> Yes | K4: =IFERROR(INDEX(Areas!$C$2:$C$6,MATCH(C4,Areas!$B$2:$B$6,0)),"") -> Rest of Building
A5: 120PARK-2025 | B5: Cardboard Recycling | C5: OFFICES | D5: FIB06 | E5: 0.163125 | F5: =IFERROR(INDEX('Materials Master'!$B$2:$B$27,MATCH(D5,'Materials Master'!$A$2:$A$27,0)),"") -> Beverage Cartons | G5: =IFERROR(INDEX('Materials Master'!$C$2:$C$27,MATCH(D5,'Materials Master'!$A$2:$A$27,0)),"") -> Fibers | H5: =IFERROR(INDEX('Materials Master'!$D$2:$D$27,MATCH(D5,'Materials Master'!$A$2:$A$27,0)),"") -> Yes | I5: =IFERROR(INDEX('Materials Master'!$E$2:$E$27,MATCH(D5,'Materials Master'!$A$2:$A$27,0)),"") -> Yes | J5: =IFERROR(IF(B5="Trash",INDEX('Materials Master'!$F$2:$F$27,MATCH(D5,'Materials Master'!$A$2:$A$27,0)),IF(B5="GMPC Recycling",INDEX('Materials Master'!$G$2:$G$27,MATCH(D5,'Materials Master'!$A$2:$A$27,0)),IF(B5="Organics Recycling",INDEX('Materials Master'!$H$2:$H$27,MATCH(D5,'Materials Master'!$A$2:$A$27,0)),IF(B5="Cardboard Recycling",INDEX('Materials Master'!$I$2:$I$27,MATCH(D5,'Materials Master'!$A$2:$A$27,0)),IF(B5="Paper Recycling",INDEX('Materials Master'!$J$2:$J$27,MATCH(D5,'Materials Master'!$A$2:$A$27,0)),IF(B5="Terracycle",INDEX('Materials Master'!$K$2:$K$27,MATCH(D5,'Materials Master'!$A$2:$A$27,0)),"No")))))),"") -> Yes | K5: =IFERROR(INDEX(Areas!$C$2:$C$6,MATCH(C5,Areas!$B$2:$B$6,0)),"") -> Rest of Building
A6: 120PARK-2025 | B6: Cardboard Recycling | C6: OFFICES | D6: PLA03 | E6: 1.716875 | F6: =IFERROR(INDEX('Materials Master'!$B$2:$B$27,MATCH(D6,'Materials Master'!$A$2:$A$27,0)),"") -> Film Plastics | G6: =IFERROR(INDEX('Materials Master'!$C$2:$C$27,MATCH(D6,'Materials Master'!$A$2:$A$27,0)),"") -> Plastics | H6: =IFERROR(INDEX('Materials Master'!$D$2:$D$27,MATCH(D6,'Materials Master'!$A$2:$A$27,0)),"") -> No | I6: =IFERROR(INDEX('Materials Master'!$E$2:$E$27,MATCH(D6,'Materials Master'!$A$2:$A$27,0)),"") -> No | J6: =IFERROR(IF(B6="Trash",INDEX('Materials Master'!$F$2:$F$27,MATCH(D6,'Materials Master'!$A$2:$A$27,0)),IF(B6="GMPC Recycling",INDEX('Materials Master'!$G$2:$G$27,MATCH(D6,'Materials Master'!$A$2:$A$27,0)),IF(B6="Organics Recycling",INDEX('Materials Master'!$H$2:$H$27,MATCH(D6,'Materials Master'!$A$2:$A$27,0)),IF(B6="Cardboard Recycling",INDEX('Materials Master'!$I$2:$I$27,MATCH(D6,'Materials Master'!$A$2:$A$27,0)),IF(B6="Paper Recycling",INDEX('Materials Master'!$J$2:$J$27,MATCH(D6,'Materials Master'!$A$2:$A$27,0)),IF(B6="Terracycle",INDEX('Materials Master'!$K$2:$K$27,MATCH(D6,'Materials Master'!$A$2:$A$27,0)),"No")))))),"") -> No | K6: =IFERROR(INDEX(Areas!$C$2:$C$6,MATCH(C6,Areas!$B$2:$B$6,0)),"") -> Rest of Building
A7: 120PARK-2025 | B7: Cardboard Recycling | C7: OFFICES | D7: PLA04 | E7: 0.15 | F7: =IFERROR(INDEX('Materials Master'!$B$2:$B$27,MATCH(D7,'Materials Master'!$A$2:$A$27,0)),"") -> Foams | G7: =IFERROR(INDEX('Materials Master'!$C$2:$C$27,MATCH(D7,'Materials Master'!$A$2:$A$27,0)),"") -> Plastics | H7: =IFERROR(INDEX('Materials Master'!$D$2:$D$27,MATCH(D7,'Materials Master'!$A$2:$A$27,0)),"") -> No | I7: =IFERROR(INDEX('Materials Master'!$E$2:$E$27,MATCH(D7,'Materials Master'!$A$2:$A$27,0)),"") -> No | J7: =IFERROR(IF(B7="Trash",INDEX('Materials Master'!$F$2:$F$27,MATCH(D7,'Materials Master'!$A$2:$A$27,0)),IF(B7="GMPC Recycling",INDEX('Materials Master'!$G$2:$G$27,MATCH(D7,'Materials Master'!$A$2:$A$27,0)),IF(B7="Organics Recycling",INDEX('Materials Master'!$H$2:$H$27,MATCH(D7,'Materials Master'!$A$2:$A$27,0)),IF(B7="Cardboard Recycling",INDEX('Materials Master'!$I$2:$I$27,MATCH(D7,'Materials Master'!$A$2:$A$27,0)),IF(B7="Paper Recycling",INDEX('Materials Master'!$J$2:$J$27,MATCH(D7,'Materials Master'!$A$2:$A$27,0)),IF(B7="Terracycle",INDEX('Materials Master'!$K$2:$K$27,MATCH(D7,'Materials Master'!$A$2:$A$27,0)),"No")))))),"") -> No | K7: =IFERROR(INDEX(Areas!$C$2:$C$6,MATCH(C7,Areas!$B$2:$B$6,0)),"") -> Rest of Building
A8: 120PARK-2025 | B8: Cardboard Recycling | C8: OFFICES | D8: ORG01 | E8: 0.024375 | F8: =IFERROR(INDEX('Materials Master'!$B$2:$B$27,MATCH(D8,'Materials Master'!$A$2:$A$27,0)),"") -> Food Waste | G8: =IFERROR(INDEX('Materials Master'!$C$2:$C$27,MATCH(D8,'Materials Master'!$A$2:$A$27,0)),"") -> Organics | H8: =IFERROR(INDEX('Materials Master'!$D$2:$D$27,MATCH(D8,'Materials Master'!$A$2:$A$27,0)),"") -> Yes | I8: =IFERROR(INDEX('Materials Master'!$E$2:$E$27,MATCH(D8,'Materials Master'!$A$2:$A$27,0)),"") -> Yes | J8: =IFERROR(IF(B8="Trash",INDEX('Materials Master'!$F$2:$F$27,MATCH(D8,'Materials Master'!$A$2:$A$27,0)),IF(B8="GMPC Recycling",INDEX('Materials Master'!$G$2:$G$27,MATCH(D8,'Materials Master'!$A$2:$A$27,0)),IF(B8="Organics Recycling",INDEX('Materials Master'!$H$2:$H$27,MATCH(D8,'Materials Master'!$A$2:$A$27,0)),IF(B8="Cardboard Recycling",INDEX('Materials Master'!$I$2:$I$27,MATCH(D8,'Materials Master'!$A$2:$A$27,0)),IF(B8="Paper Recycling",INDEX('Materials Master'!$J$2:$J$27,MATCH(D8,'Materials Master'!$A$2:$A$27,0)),IF(B8="Terracycle",INDEX('Materials Master'!$K$2:$K$27,MATCH(D8,'Materials Master'!$A$2:$A$27,0)),"No")))))),"") -> No | K8: =IFERROR(INDEX(Areas!$C$2:$C$6,MATCH(C8,Areas!$B$2:$B$6,0)),"") -> Rest of Building
A9: 120PARK-2025 | B9: Cardboard Recycling | C9: OFFICES | D9: ORG02 | E9: 0.0575 | F9: =IFERROR(INDEX('Materials Master'!$B$2:$B$27,MATCH(D9,'Materials Master'!$A$2:$A$27,0)),"") -> Paper Fibers and Food-Soiled Paper (FSP) | G9: =IFERROR(INDEX('Materials Master'!$C$2:$C$27,MATCH(D9,'Materials Master'!$A$2:$A$27,0)),"") -> Organics | H9: =IFERROR(INDEX('Materials Master'!$D$2:$D$27,MATCH(D9,'Materials Master'!$A$2:$A$27,0)),"") -> No | I9: =IFERROR(INDEX('Materials Master'!$E$2:$E$27,MATCH(D9,'Materials Master'!$A$2:$A$27,0)),"") -> No | J9: =IFERROR(IF(B9="Trash",INDEX('Materials Master'!$F$2:$F$27,MATCH(D9,'Materials Master'!$A$2:$A$27,0)),IF(B9="GMPC Recycling",INDEX('Materials Master'!$G$2:$G$27,MATCH(D9,'Materials Master'!$A$2:$A$27,0)),IF(B9="Organics Recycling",INDEX('Materials Master'!$H$2:$H$27,MATCH(D9,'Materials Master'!$A$2:$A$27,0)),IF(B9="Cardboard Recycling",INDEX('Materials Master'!$I$2:$I$27,MATCH(D9,'Materials Master'!$A$2:$A$27,0)),IF(B9="Paper Recycling",INDEX('Materials Master'!$J$2:$J$27,MATCH(D9,'Materials Master'!$A$2:$A$27,0)),IF(B9="Terracycle",INDEX('Materials Master'!$K$2:$K$27,MATCH(D9,'Materials Master'!$A$2:$A$27,0)),"No")))))),"") -> No | K9: =IFERROR(INDEX(Areas!$C$2:$C$6,MATCH(C9,Areas!$B$2:$B$6,0)),"") -> Rest of Building
A10: 120PARK-2025 | B10: Cardboard Recycling | C10: OFFICES | D10: ORG04 | E10: 0.035 | F10: =IFERROR(INDEX('Materials Master'!$B$2:$B$27,MATCH(D10,'Materials Master'!$A$2:$A$27,0)),"") -> PLA Compostable Serviceware | G10: =IFERROR(INDEX('Materials Master'!$C$2:$C$27,MATCH(D10,'Materials Master'!$A$2:$A$27,0)),"") -> Organics | H10: =IFERROR(INDEX('Materials Master'!$D$2:$D$27,MATCH(D10,'Materials Master'!$A$2:$A$27,0)),"") -> No | I10: =IFERROR(INDEX('Materials Master'!$E$2:$E$27,MATCH(D10,'Materials Master'!$A$2:$A$27,0)),"") -> No | J10: =IFERROR(IF(B10="Trash",INDEX('Materials Master'!$F$2:$F$27,MATCH(D10,'Materials Master'!$A$2:$A$27,0)),IF(B10="GMPC Recycling",INDEX('Materials Master'!$G$2:$G$27,MATCH(D10,'Materials Master'!$A$2:$A$27,0)),IF(B10="Organics Recycling",INDEX('Materials Master'!$H$2:$H$27,MATCH(D10,'Materials Master'!$A$2:$A$27,0)),IF(B10="Cardboard Recycling",INDEX('Materials Master'!$I$2:$I$27,MATCH(D10,'Materials Master'!$A$2:$A$27,0)),IF(B10="Paper Recycling",INDEX('Materials Master'!$J$2:$J$27,MATCH(D10,'Materials Master'!$A$2:$A$27,0)),IF(B10="Terracycle",INDEX('Materials Master'!$K$2:$K$27,MATCH(D10,'Materials Master'!$A$2:$A$27,0)),"No")))))),"") -> No | K10: =IFERROR(INDEX(Areas!$C$2:$C$6,MATCH(C10,Areas!$B$2:$B$6,0)),"") -> Rest of Building
A11: 120PARK-2025 | B11: Cardboard Recycling | C11: OFFICES | D11: OTH01 | E11: 0.1 | F11: =IFERROR(INDEX('Materials Master'!$B$2:$B$27,MATCH(D11,'Materials Master'!$A$2:$A$27,0)),"") -> Snack Wrappers (Composites) | G11: =IFERROR(INDEX('Materials Master'!$C$2:$C$27,MATCH(D11,'Materials Master'!$A$2:$A$27,0)),"") -> Other | H11: =IFERROR(INDEX('Materials Master'!$D$2:$D$27,MATCH(D11,'Materials Master'!$A$2:$A$27,0)),"") -> No | I11: =IFERROR(INDEX('Materials Master'!$E$2:$E$27,MATCH(D11,'Materials Master'!$A$2:$A$27,0)),"") -> Yes | J11: =IFERROR(IF(B11="Trash",INDEX('Materials Master'!$F$2:$F$27,MATCH(D11,'Materials Master'!$A$2:$A$27,0)),IF(B11="GMPC Recycling",INDEX('Materials Master'!$G$2:$G$27,MATCH(D11,'Materials Master'!$A$2:$A$27,0)),IF(B11="Organics Recycling",INDEX('Materials Master'!$H$2:$H$27,MATCH(D11,'Materials Master'!$A$2:$A$27,0)),IF(B11="Cardboard Recycling",INDEX('Materials Master'!$I$2:$I$27,MATCH(D11,'Materials Master'!$A$2:$A$27,0)),IF(B11="Paper Recycling",INDEX('Materials Master'!$J$2:$J$27,MATCH(D11,'Materials Master'!$A$2:$A$27,0)),IF(B11="Terracycle",INDEX('Materials Master'!$K$2:$K$27,MATCH(D11,'Materials Master'!$A$2:$A$27,0)),"No")))))),"") -> No | K11: =IFERROR(INDEX(Areas!$C$2:$C$6,MATCH(C11,Areas!$B$2:$B$6,0)),"") -> Rest of Building
A12: 120PARK-2025 | B12: Cardboard Recycling | C12: OFFICES | D12: OTH02 | E12: 8.2 | F12: =IFERROR(INDEX('Materials Master'!$B$2:$B$27,MATCH(D12,'Materials Master'!$A$2:$A$27,0)),"") -> Other/Residual Materials | G12: =IFERROR(INDEX('Materials Master'!$C$2:$C$27,MATCH(D12,'Materials Master'!$A$2:$A$27,0)),"") -> Other | H12: =IFERROR(INDEX('Materials Master'!$D$2:$D$27,MATCH(D12,'Materials Master'!$A$2:$A$27,0)),"") -> No | I12: =IFERROR(INDEX('Materials Master'!$E$2:$E$27,MATCH(D12,'Materials Master'!$A$2:$A$27,0)),"") -> No | J12: =IFERROR(IF(B12="Trash",INDEX('Materials Master'!$F$2:$F$27,MATCH(D12,'Materials Master'!$A$2:$A$27,0)),IF(B12="GMPC Recycling",INDEX('Materials Master'!$G$2:$G$27,MATCH(D12,'Materials Master'!$A$2:$A$27,0)),IF(B12="Organics Recycling",INDEX('Materials Master'!$H$2:$H$27,MATCH(D12,'Materials Master'!$A$2:$A$27,0)),IF(B12="Cardboard Recycling",INDEX('Materials Master'!$I$2:$I$27,MATCH(D12,'Materials Master'!$A$2:$A$27,0)),IF(B12="Paper Recycling",INDEX('Materials Master'!$J$2:$J$27,MATCH(D12,'Materials Master'!$A$2:$A$27,0)),IF(B12="Terracycle",INDEX('Materials Master'!$K$2:$K$27,MATCH(D12,'Materials Master'!$A$2:$A$27,0)),"No")))))),"") -> No | K12: =IFERROR(INDEX(Areas!$C$2:$C$6,MATCH(C12,Areas!$B$2:$B$6,0)),"") -> Rest of Building
A13: 120PARK-2025 | B13: Trash | C13: OFFICES | D13: FIB04 | E13: 17 | F13: =IFERROR(INDEX('Materials Master'!$B$2:$B$27,MATCH(D13,'Materials Master'!$A$2:$A$27,0)),"") -> Mixed Paper | G13: =IFERROR(INDEX('Materials Master'!$C$2:$C$27,MATCH(D13,'Materials Master'!$A$2:$A$27,0)),"") -> Fibers | H13: =IFERROR(INDEX('Materials Master'!$D$2:$D$27,MATCH(D13,'Materials Master'!$A$2:$A$27,0)),"") -> Yes | I13: =IFERROR(INDEX('Materials Master'!$E$2:$E$27,MATCH(D13,'Materials Master'!$A$2:$A$27,0)),"") -> Yes | J13: =IFERROR(IF(B13="Trash",INDEX('Materials Master'!$F$2:$F$27,MATCH(D13,'Materials Master'!$A$2:$A$27,0)),IF(B13="GMPC Recycling",INDEX('Materials Master'!$G$2:$G$27,MATCH(D13,'Materials Master'!$A$2:$A$27,0)),IF(B13="Organics Recycling",INDEX('Materials Master'!$H$2:$H$27,MATCH(D13,'Materials Master'!$A$2:$A$27,0)),IF(B13="Cardboard Recycling",INDEX('Materials Master'!$I$2:$I$27,MATCH(D13,'Materials Master'!$A$2:$A$27,0)),IF(B13="Paper Recycling",INDEX('Materials Master'!$J$2:$J$27,MATCH(D13,'Materials Master'!$A$2:$A$27,0)),IF(B13="Terracycle",INDEX('Materials Master'!$K$2:$K$27,MATCH(D13,'Materials Master'!$A$2:$A$27,0)),"No")))))),"") -> No | K13: =IFERROR(INDEX(Areas!$C$2:$C$6,MATCH(C13,Areas!$B$2:$B$6,0)),"") -> Rest of Building
... A89: 120PARK-2025 | B89: Organics Recycling | C89: CAFÉ BOH | D89: OTH02 | E89: 2.4 | F89: =IFERROR(INDEX('Materials Master'!$B$2:$B$27,MATCH(D89,'Materials Master'!$A$2:$A$27,0)),"") -> Other/Residual Materials | G89: =IFERROR(INDEX('Materials Master'!$C$2:$C$27,MATCH(D89,'Materials Master'!$A$2:$A$27,0)),"") -> Other | H89: =IFERROR(INDEX('Materials Master'!$D$2:$D$27,MATCH(D89,'Materials Master'!$A$2:$A$27,0)),"") -> No | I89: =IFERROR(INDEX('Materials Master'!$E$2:$E$27,MATCH(D89,'Materials Master'!$A$2:$A$27,0)),"") -> No | J89: =IFERROR(IF(B89="Trash",INDEX('Materials Master'!$F$2:$F$27,MATCH(D89,'Materials Master'!$A$2:$A$27,0)),IF(B89="GMPC Recycling",INDEX('Materials Master'!$G$2:$G$27,MATCH(D89,'Materials Master'!$A$2:$A$27,0)),IF(B89="Organics Recycling",INDEX('Materials Master'!$H$2:$H$27,MATCH(D89,'Materials Master'!$A$2:$A$27,0)),IF(B89="Cardboard Recycling",INDEX('Materials Master'!$I$2:$I$27,MATCH(D89,'Materials Master'!$A$2:$A$27,0)),IF(B89="Paper Recycling",INDEX('Materials Master'!$J$2:$J$27,MATCH(D89,'Materials Master'!$A$2:$A$27,0)),IF(B89="Terracycle",INDEX('Materials Master'!$K$2:$K$27,MATCH(D89,'Materials Master'!$A$2:$A$27,0)),"No")))))),"") -> No | K89: =IFERROR(INDEX(Areas!$C$2:$C$6,MATCH(C89,Areas!$B$2:$B$6,0)),"") -> BOH

Sheet Fact_PreSortWeights
A1: audit_id | B1: stream | C1: area | D1: bag_number | E1: weight_lbs | F1: notes
A2: 120PARK-2025 | B2: Trash | C2: OFFICES | D2: 1 | E2: 3.3
A3: 120PARK-2025 | B3: Trash | C3: OFFICES | D3: 2 | E3: 8.8
A4: 120PARK-2025 | B4: Trash | C4: OFFICES | D4: 3 | E4: 3.4
A5: 120PARK-2025 | B5: Trash | C5: OFFICES | D5: 4 | E5: 16.5
A6: 120PARK-2025 | B6: Trash | C6: OFFICES | D6: 5 | E6: 9.5
A7: 120PARK-2025 | B7: Trash | C7: OFFICES | D7: 6 | E7: 24.4
A8: 120PARK-2025 | B8: Trash | C8: OFFICES | D8: 7 | E8: 17.9
A9: 120PARK-2025 | B9: Trash | C9: OFFICES | D9: 8 | E9: 15
A10: 120PARK-2025 | B10: Trash | C10: OFFICES | D10: 9 | E10: 11.2
A11: 120PARK-2025 | B11: Trash | C11: OFFICES | D11: 10 | E11: 3
A12: 120PARK-2025 | B12: Trash | C12: OFFICES | D12: 11 | E12: 11.8
A13: 120PARK-2025 | B13: Trash | C13: OFFICES | D13: 12 | E13: 16.4
... A186: 120PARK-2025 | B186: Organics Recycling | C186: BATHROOM | D186: 19 | E186: 23.1

Sheet Fact_Extrapolated
A1: area | B1: stream | C1: material_id | D1: material_name | E1: material_category | F1: extrapolated_weight_lbs | G1: correctly_placed | H1: accepted_in_program | I1: rollup_group | J1: belongs_here
A2: OFFICES | B2: Trash | C2: FIB01 | D2: =IFERROR(INDEX('Materials Master'!$B$2:$B$27,MATCH($C2,'Materials Master'!$A$2:$A$27,0)),"") -> Corrugated Cardboard | E2: =IFERROR(INDEX('Materials Master'!$C$2:$C$27,MATCH($C2,'Materials Master'!$A$2:$A$27,0)),"") -> Fibers | F2: =IF(SUMIFS(Fact_SortedWeights!$E$2:$E$89,Fact_SortedWeights!$C$2:$C$89,$A2,Fact_SortedWeights!$B$2:$B$89,$B2)=0,0,SUMIFS(Fact_SortedWeights!$E$2:$E$89,Fact_SortedWeights!$C$2:$C$89,$A2,Fact_SortedWeights!$B$2:$B$89,$B2,Fact_SortedWeights!$D$2:$D$89,$C2)/SUMIFS(Fact_SortedWeights!$E$2:$E$89,Fact_SortedWeights!$C$2:$C$89,$A2,Fact_SortedWeights!$B$2:$B$89,$B2)*(IF($B2="Cardboard Recycling",SUMIFS(Fact_SortedWeights!$E$2:$E$89,Fact_SortedWeights!$C$2:$C$89,$A2,Fact_SortedWeights!$B$2:$B$89,$B2),SUMIFS(Fact_PreSortWeights!$E$2:$E$186,Fact_PreSortWeights!$C$2:$C$186,$A2,Fact_PreSortWeights!$B$2:$B$186,$B2)))) -> 0 | G2: =IF(AND(IF($B2="Trash",INDEX('Materials Master'!$F$2:$F$27,MATCH($C2,'Materials Master'!$A$2:$A$27,0)),IF($B2="GMPC Recycling",INDEX('Materials Master'!$G$2:$G$27,MATCH($C2,'Materials Master'!$A$2:$A$27,0)),IF($B2="Organics Recycling",INDEX('Materials Master'!$H$2:$H$27,MATCH($C2,'Materials Master'!$A$2:$A$27,0)),IF($B2="Cardboard Recycling",INDEX('Materials Master'!$I$2:$I$27,MATCH($C2,'Materials Master'!$A$2:$A$27,0)),IF($B2="Paper Recycling",INDEX('Materials Master'!$J$2:$J$27,MATCH($C2,'Materials Master'!$A$2:$A$27,0)),IF($B2="Terracycle",INDEX('Materials Master'!$K$2:$K$27,MATCH($C2,'Materials Master'!$A$2:$A$27,0)),"No"))))))="Yes",INDEX('Materials Master'!$E$2:$E$27,MATCH($C2,'Materials Master'!$A$2:$A$27,0))="Yes",$B2<>"Trash"),1,0) -> 0 | H2: =INDEX('Materials Master'!$E$2:$E$27,MATCH($C2,'Materials Master'!$A$2:$A$27,0)) -> Yes | I2: =IFERROR(INDEX(Areas!$C$2:$C$6,MATCH($A2,Areas!$B$2:$B$6,0)),"") -> Rest of Building | J2: =IF(IF($B2="Trash",INDEX('Materials Master'!$F$2:$F$27,MATCH($C2,'Materials Master'!$A$2:$A$27,0)),IF($B2="GMPC Recycling",INDEX('Materials Master'!$G$2:$G$27,MATCH($C2,'Materials Master'!$A$2:$A$27,0)),IF($B2="Organics Recycling",INDEX('Materials Master'!$H$2:$H$27,MATCH($C2,'Materials Master'!$A$2:$A$27,0)),IF($B2="Cardboard Recycling",INDEX('Materials Master'!$I$2:$I$27,MATCH($C2,'Materials Master'!$A$2:$A$27,0)),IF($B2="Paper Recycling",INDEX('Materials Master'!$J$2:$J$27,MATCH($C2,'Materials Master'!$A$2:$A$27,0)),IF($B2="Terracycle",INDEX('Materials Master'!$K$2:$K$27,MATCH($C2,'Materials Master'!$A$2:$A$27,0)),"No"))))))="Yes",1,0) -> 0
A3: OFFICES | B3: Trash | C3: FIB02 | D3: =IFERROR(INDEX('Materials Master'!$B$2:$B$27,MATCH($C3,'Materials Master'!$A$2:$A$27,0)),"") -> Soiled Cardboard | E3: =IFERROR(INDEX('Materials Master'!$C$2:$C$27,MATCH($C3,'Materials Master'!$A$2:$A$27,0)),"") -> Fibers | F3: =IF(SUMIFS(Fact_SortedWeights!$E$2:$E$89,Fact_SortedWeights!$C$2:$C$89,$A3,Fact_SortedWeights!$B$2:$B$89,$B3)=0,0,SUMIFS(Fact_SortedWeights!$E$2:$E$89,Fact_SortedWeights!$C$2:$C$89,$A3,Fact_SortedWeights!$B$2:$B$89,$B3,Fact_SortedWeights!$D$2:$D$89,$C3)/SUMIFS(Fact_SortedWeights!$E$2:$E$89,Fact_SortedWeights!$C$2:$C$89,$A3,Fact_SortedWeights!$B$2:$B$89,$B3)*(IF($B3="Cardboard Recycling",SUMIFS(Fact_SortedWeights!$E$2:$E$89,Fact_SortedWeights!$C$2:$C$89,$A3,Fact_SortedWeights!$B$2:$B$89,$B3),SUMIFS(Fact_PreSortWeights!$E$2:$E$186,Fact_PreSortWeights!$C$2:$C$186,$A3,Fact_PreSortWeights!$B$2:$B$186,$B3)))) -> 0 | G3: =IF(AND(IF($B3="Trash",INDEX('Materials Master'!$F$2:$F$27,MATCH($C3,'Materials Master'!$A$2:$A$27,0)),IF($B3="GMPC Recycling",INDEX('Materials Master'!$G$2:$G$27,MATCH($C3,'Materials Master'!$A$2:$A$27,0)),IF($B3="Organics Recycling",INDEX('Materials Master'!$H$2:$H$27,MATCH($C3,'Materials Master'!$A$2:$A$27,0)),IF($B3="Cardboard Recycling",INDEX('Materials Master'!$I$2:$I$27,MATCH($C3,'Materials Master'!$A$2:$A$27,0)),IF($B3="Paper Recycling",INDEX('Materials Master'!$J$2:$J$27,MATCH($C3,'Materials Master'!$A$2:$A$27,0)),IF($B3="Terracycle",INDEX('Materials Master'!$K$2:$K$27,MATCH($C3,'Materials Master'!$A$2:$A$27,0)),"No"))))))="Yes",INDEX('Materials Master'!$E$2:$E$27,MATCH($C3,'Materials Master'!$A$2:$A$27,0))="Yes",$B3<>"Trash"),1,0) -> 0 | H3: =INDEX('Materials Master'!$E$2:$E$27,MATCH($C3,'Materials Master'!$A$2:$A$27,0)) -> No | I3: =IFERROR(INDEX(Areas!$C$2:$C$6,MATCH($A3,Areas!$B$2:$B$6,0)),"") -> Rest of Building | J3: =IF(IF($B3="Trash",INDEX('Materials Master'!$F$2:$F$27,MATCH($C3,'Materials Master'!$A$2:$A$27,0)),IF($B3="GMPC Recycling",INDEX('Materials Master'!$G$2:$G$27,MATCH($C3,'Materials Master'!$A$2:$A$27,0)),IF($B3="Organics Recycling",INDEX('Materials Master'!$H$2:$H$27,MATCH($C3,'Materials Master'!$A$2:$A$27,0)),IF($B3="Cardboard Recycling",INDEX('Materials Master'!$I$2:$I$27,MATCH($C3,'Materials Master'!$A$2:$A$27,0)),IF($B3="Paper Recycling",INDEX('Materials Master'!$J$2:$J$27,MATCH($C3,'Materials Master'!$A$2:$A$27,0)),IF($B3="Terracycle",INDEX('Materials Master'!$K$2:$K$27,MATCH($C3,'Materials Master'!$A$2:$A$27,0)),"No"))))))="Yes",1,0) -> 1
A4: OFFICES | B4: Trash | C4: FIB03 | D4: =IFERROR(INDEX('Materials Master'!$B$2:$B$27,MATCH($C4,'Materials Master'!$A$2:$A$27,0)),"") -> Waxed Cardboard | E4: =IFERROR(INDEX('Materials Master'!$C$2:$C$27,MATCH($C4,'Materials Master'!$A$2:$A$27,0)),"") -> Fibers | F4: =IF(SUMIFS(Fact_SortedWeights!$E$2:$E$89,Fact_SortedWeights!$C$2:$C$89,$A4,Fact_SortedWeights!$B$2:$B$89,$B4)=0,0,SUMIFS(Fact_SortedWeights!$E$2:$E$89,Fact_SortedWeights!$C$2:$C$89,$A4,Fact_SortedWeights!$B$2:$B$89,$B4,Fact_SortedWeights!$D$2:$D$89,$C4)/SUMIFS(Fact_SortedWeights!$E$2:$E$89,Fact_SortedWeights!$C$2:$C$89,$A4,Fact_SortedWeights!$B$2:$B$89,$B4)*(IF($B4="Cardboard Recycling",SUMIFS(Fact_SortedWeights!$E$2:$E$89,Fact_SortedWeights!$C$2:$C$89,$A4,Fact_SortedWeights!$B$2:$B$89,$B4),SUMIFS(Fact_PreSortWeights!$E$2:$E$186,Fact_PreSortWeights!$C$2:$C$186,$A4,Fact_PreSortWeights!$B$2:$B$186,$B4)))) -> 0 | G4: =IF(AND(IF($B4="Trash",INDEX('Materials Master'!$F$2:$F$27,MATCH($C4,'Materials Master'!$A$2:$A$27,0)),IF($B4="GMPC Recycling",INDEX('Materials Master'!$G$2:$G$27,MATCH($C4,'Materials Master'!$A$2:$A$27,0)),IF($B4="Organics Recycling",INDEX('Materials Master'!$H$2:$H$27,MATCH($C4,'Materials Master'!$A$2:$A$27,0)),IF($B4="Cardboard Recycling",INDEX('Materials Master'!$I$2:$I$27,MATCH($C4,'Materials Master'!$A$2:$A$27,0)),IF($B4="Paper Recycling",INDEX('Materials Master'!$J$2:$J$27,MATCH($C4,'Materials Master'!$A$2:$A$27,0)),IF($B4="Terracycle",INDEX('Materials Master'!$K$2:$K$27,MATCH($C4,'Materials Master'!$A$2:$A$27,0)),"No"))))))="Yes",INDEX('Materials Master'!$E$2:$E$27,MATCH($C4,'Materials Master'!$A$2:$A$27,0))="Yes",$B4<>"Trash"),1,0) -> 0 | H4: =INDEX('Materials Master'!$E$2:$E$27,MATCH($C4,'Materials Master'!$A$2:$A$27,0)) -> No | I4: =IFERROR(INDEX(Areas!$C$2:$C$6,MATCH($A4,Areas!$B$2:$B$6,0)),"") -> Rest of Building | J4: =IF(IF($B4="Trash",INDEX('Materials Master'!$F$2:$F$27,MATCH($C4,'Materials Master'!$A$2:$A$27,0)),IF($B4="GMPC Recycling",INDEX('Materials Master'!$G$2:$G$27,MATCH($C4,'Materials Master'!$A$2:$A$27,0)),IF($B4="Organics Recycling",INDEX('Materials Master'!$H$2:$H$27,MATCH($C4,'Materials Master'!$A$2:$A$27,0)),IF($B4="Cardboard Recycling",INDEX('Materials Master'!$I$2:$I$27,MATCH($C4,'Materials Master'!$A$2:$A$27,0)),IF($B4="Paper Recycling",INDEX('Materials Master'!$J$2:$J$27,MATCH($C4,'Materials Master'!$A$2:$A$27,0)),IF($B4="Terracycle",INDEX('Materials Master'!$K$2:$K$27,MATCH($C4,'Materials Master'!$A$2:$A$27,0)),"No"))))))="Yes",1,0) -> 1
A5: OFFICES | B5: Trash | C5: FIB04 | D5: =IFERROR(INDEX('Materials Master'!$B$2:$B$27,MATCH($C5,'Materials Master'!$A$2:$A$27,0)),"") -> Mixed Paper | E5: =IFERROR(INDEX('Materials Master'!$C$2:$C$27,MATCH($C5,'Materials Master'!$A$2:$A$27,0)),"") -> Fibers | F5: =IF(SUMIFS(Fact_SortedWeights!$E$2:$E$89,Fact_SortedWeights!$C$2:$C$89,$A5,Fact_SortedWeights!$B$2:$B$89,$B5)=0,0,SUMIFS(Fact_SortedWeights!$E$2:$E$89,Fact_SortedWeights!$C$2:$C$89,$A5,Fact_SortedWeights!$B$2:$B$89,$B5,Fact_SortedWeights!$D$2:$D$89,$C5)/SUMIFS(Fact_SortedWeights!$E$2:$E$89,Fact_SortedWeights!$C$2:$C$89,$A5,Fact_SortedWeights!$B$2:$B$89,$B5)*(IF($B5="Cardboard Recycling",SUMIFS(Fact_SortedWeights!$E$2:$E$89,Fact_SortedWeights!$C$2:$C$89,$A5,Fact_SortedWeights!$B$2:$B$89,$B5),SUMIFS(Fact_PreSortWeights!$E$2:$E$186,Fact_PreSortWeights!$C$2:$C$186,$A5,Fact_PreSortWeights!$B$2:$B$186,$B5)))) -> 41.067619 | G5: =IF(AND(IF($B5="Trash",INDEX('Materials Master'!$F$2:$F$27,MATCH($C5,'Materials Master'!$A$2:$A$27,0)),IF($B5="GMPC Recycling",INDEX('Materials Master'!$G$2:$G$27,MATCH($C5,'Materials Master'!$A$2:$A$27,0)),IF($B5="Organics Recycling",INDEX('Materials Master'!$H$2:$H$27,MATCH($C5,'Materials Master'!$A$2:$A$27,0)),IF($B5="Cardboard Recycling",INDEX('Materials Master'!$I$2:$I$27,MATCH($C5,'Materials Master'!$A$2:$A$27,0)),IF($B5="Paper Recycling",INDEX('Materials Master'!$J$2:$J$27,MATCH($C5,'Materials Master'!$A$2:$A$27,0)),IF($B5="Terracycle",INDEX('Materials Master'!$K$2:$K$27,MATCH($C5,'Materials Master'!$A$2:$A$27,0)),"No"))))))="Yes",INDEX('Materials Master'!$E$2:$E$27,MATCH($C5,'Materials Master'!$A$2:$A$27,0))="Yes",$B5<>"Trash"),1,0) -> 0 | H5: =INDEX('Materials Master'!$E$2:$E$27,MATCH($C5,'Materials Master'!$A$2:$A$27,0)) -> Yes | I5: =IFERROR(INDEX(Areas!$C$2:$C$6,MATCH($A5,Areas!$B$2:$B$6,0)),"") -> Rest of Building | J5: =IF(IF($B5="Trash",INDEX('Materials Master'!$F$2:$F$27,MATCH($C5,'Materials Master'!$A$2:$A$27,0)),IF($B5="GMPC Recycling",INDEX('Materials Master'!$G$2:$G$27,MATCH($C5,'Materials Master'!$A$2:$A$27,0)),IF($B5="Organics Recycling",INDEX('Materials Master'!$H$2:$H$27,MATCH($C5,'Materials Master'!$A$2:$A$27,0)),IF($B5="Cardboard Recycling",INDEX('Materials Master'!$I$2:$I$27,MATCH($C5,'Materials Master'!$A$2:$A$27,0)),IF($B5="Paper Recycling",INDEX('Materials Master'!$J$2:$J$27,MATCH($C5,'Materials Master'!$A$2:$A$27,0)),IF($B5="Terracycle",INDEX('Materials Master'!$K$2:$K$27,MATCH($C5,'Materials Master'!$A$2:$A$27,0)),"No"))))))="Yes",1,0) -> 0
A6: OFFICES | B6: Trash | C6: FIB05 | D6: =IFERROR(INDEX('Materials Master'!$B$2:$B$27,MATCH($C6,'Materials Master'!$A$2:$A$27,0)),"") -> Soiled Paper | E6: =IFERROR(INDEX('Materials Master'!$C$2:$C$27,MATCH($C6,'Materials Master'!$A$2:$A$27,0)),"") -> Fibers | F6: =IF(SUMIFS(Fact_SortedWeights!$E$2:$E$89,Fact_SortedWeights!$C$2:$C$89,$A6,Fact_SortedWeights!$B$2:$B$89,$B6)=0,0,SUMIFS(Fact_SortedWeights!$E$2:$E$89,Fact_SortedWeights!$C$2:$C$89,$A6,Fact_SortedWeights!$B$2:$B$89,$B6,Fact_SortedWeights!$D$2:$D$89,$C6)/SUMIFS(Fact_SortedWeights!$E$2:$E$89,Fact_SortedWeights!$C$2:$C$89,$A6,Fact_SortedWeights!$B$2:$B$89,$B6)*(IF($B6="Cardboard Recycling",SUMIFS(Fact_SortedWeights!$E$2:$E$89,Fact_SortedWeights!$C$2:$C$89,$A6,Fact_SortedWeights!$B$2:$B$89,$B6),SUMIFS(Fact_PreSortWeights!$E$2:$E$186,Fact_PreSortWeights!$C$2:$C$186,$A6,Fact_PreSortWeights!$B$2:$B$186,$B6)))) -> 0 | G6: =IF(AND(IF($B6="Trash",INDEX('Materials Master'!$F$2:$F$27,MATCH($C6,'Materials Master'!$A$2:$A$27,0)),IF($B6="GMPC Recycling",INDEX('Materials Master'!$G$2:$G$27,MATCH($C6,'Materials Master'!$A$2:$A$27,0)),IF($B6="Organics Recycling",INDEX('Materials Master'!$H$2:$H$27,MATCH($C6,'Materials Master'!$A$2:$A$27,0)),IF($B6="Cardboard Recycling",INDEX('Materials Master'!$I$2:$I$27,MATCH($C6,'Materials Master'!$A$2:$A$27,0)),IF($B6="Paper Recycling",INDEX('Materials Master'!$J$2:$J$27,MATCH($C6,'Materials Master'!$A$2:$A$27,0)),IF($B6="Terracycle",INDEX('Materials Master'!$K$2:$K$27,MATCH($C6,'Materials Master'!$A$2:$A$27,0)),"No"))))))="Yes",INDEX('Materials Master'!$E$2:$E$27,MATCH($C6,'Materials Master'!$A$2:$A$27,0))="Yes",$B6<>"Trash"),1,0) -> 0 | H6: =INDEX('Materials Master'!$E$2:$E$27,MATCH($C6,'Materials Master'!$A$2:$A$27,0)) -> No | I6: =IFERROR(INDEX(Areas!$C$2:$C$6,MATCH($A6,Areas!$B$2:$B$6,0)),"") -> Rest of Building | J6: =IF(IF($B6="Trash",INDEX('Materials Master'!$F$2:$F$27,MATCH($C6,'Materials Master'!$A$2:$A$27,0)),IF($B6="GMPC Recycling",INDEX('Materials Master'!$G$2:$G$27,MATCH($C6,'Materials Master'!$A$2:$A$27,0)),IF($B6="Organics Recycling",INDEX('Materials Master'!$H$2:$H$27,MATCH($C6,'Materials Master'!$A$2:$A$27,0)),IF($B6="Cardboard Recycling",INDEX('Materials Master'!$I$2:$I$27,MATCH($C6,'Materials Master'!$A$2:$A$27,0)),IF($B6="Paper Recycling",INDEX('Materials Master'!$J$2:$J$27,MATCH($C6,'Materials Master'!$A$2:$A$27,0)),IF($B6="Terracycle",INDEX('Materials Master'!$K$2:$K$27,MATCH($C6,'Materials Master'!$A$2:$A$27,0)),"No"))))))="Yes",1,0) -> 1
A7: OFFICES | B7: Trash | C7: FIB06 | D7: =IFERROR(INDEX('Materials Master'!$B$2:$B$27,MATCH($C7,'Materials Master'!$A$2:$A$27,0)),"") -> Beverage Cartons | E7: =IFERROR(INDEX('Materials Master'!$C$2:$C$27,MATCH($C7,'Materials Master'!$A$2:$A$27,0)),"") -> Fibers | F7: =IF(SUMIFS(Fact_SortedWeights!$E$2:$E$89,Fact_SortedWeights!$C$2:$C$89,$A7,Fact_SortedWeights!$B$2:$B$89,$B7)=0,0,SUMIFS(Fact_SortedWeights!$E$2:$E$89,Fact_SortedWeights!$C$2:$C$89,$A7,Fact_SortedWeights!$B$2:$B$89,$B7,Fact_SortedWeights!$D$2:$D$89,$C7)/SUMIFS(Fact_SortedWeights!$E$2:$E$89,Fact_SortedWeights!$C$2:$C$89,$A7,Fact_SortedWeights!$B$2:$B$89,$B7)*(IF($B7="Cardboard Recycling",SUMIFS(Fact_SortedWeights!$E$2:$E$89,Fact_SortedWeights!$C$2:$C$89,$A7,Fact_SortedWeights!$B$2:$B$89,$B7),SUMIFS(Fact_PreSortWeights!$E$2:$E$186,Fact_PreSortWeights!$C$2:$C$186,$A7,Fact_PreSortWeights!$B$2:$B$186,$B7)))) -> 0.14947405 | G7: =IF(AND(IF($B7="Trash",INDEX('Materials Master'!$F$2:$F$27,MATCH($C7,'Materials Master'!$A$2:$A$27,0)),IF($B7="GMPC Recycling",INDEX('Materials Master'!$G$2:$G$27,MATCH($C7,'Materials Master'!$A$2:$A$27,0)),IF($B7="Organics Recycling",INDEX('Materials Master'!$H$2:$H$27,MATCH($C7,'Materials Master'!$A$2:$A$27,0)),IF($B7="Cardboard Recycling",INDEX('Materials Master'!$I$2:$I$27,MATCH($C7,'Materials Master'!$A$2:$A$27,0)),IF($B7="Paper Recycling",INDEX('Materials Master'!$J$2:$J$27,MATCH($C7,'Materials Master'!$A$2:$A$27,0)),IF($B7="Terracycle",INDEX('Materials Master'!$K$2:$K$27,MATCH($C7,'Materials Master'!$A$2:$A$27,0)),"No"))))))="Yes",INDEX('Materials Master'!$E$2:$E$27,MATCH($C7,'Materials Master'!$A$2:$A$27,0))="Yes",$B7<>"Trash"),1,0) -> 0 | H7: =INDEX('Materials Master'!$E$2:$E$27,MATCH($C7,'Materials Master'!$A$2:$A$27,0)) -> Yes | I7: =IFERROR(INDEX(Areas!$C$2:$C$6,MATCH($A7,Areas!$B$2:$B$6,0)),"") -> Rest of Building | J7: =IF(IF($B7="Trash",INDEX('Materials Master'!$F$2:$F$27,MATCH($C7,'Materials Master'!$A$2:$A$27,0)),IF($B7="GMPC Recycling",INDEX('Materials Master'!$G$2:$G$27,MATCH($C7,'Materials Master'!$A$2:$A$27,0)),IF($B7="Organics Recycling",INDEX('Materials Master'!$H$2:$H$27,MATCH($C7,'Materials Master'!$A$2:$A$27,0)),IF($B7="Cardboard Recycling",INDEX('Materials Master'!$I$2:$I$27,MATCH($C7,'Materials Master'!$A$2:$A$27,0)),IF($B7="Paper Recycling",INDEX('Materials Master'!$J$2:$J$27,MATCH($C7,'Materials Master'!$A$2:$A$27,0)),IF($B7="Terracycle",INDEX('Materials Master'!$K$2:$K$27,MATCH($C7,'Materials Master'!$A$2:$A$27,0)),"No"))))))="Yes",1,0) -> 0
A8: OFFICES | B8: Trash | C8: FIB07 | D8: =IFERROR(INDEX('Materials Master'!$B$2:$B$27,MATCH($C8,'Materials Master'!$A$2:$A$27,0)),"") -> Soiled Beverage Cartons | E8: =IFERROR(INDEX('Materials Master'!$C$2:$C$27,MATCH($C8,'Materials Master'!$A$2:$A$27,0)),"") -> Fibers | F8: =IF(SUMIFS(Fact_SortedWeights!$E$2:$E$89,Fact_SortedWeights!$C$2:$C$89,$A8,Fact_SortedWeights!$B$2:$B$89,$B8)=0,0,SUMIFS(Fact_SortedWeights!$E$2:$E$89,Fact_SortedWeights!$C$2:$C$89,$A8,Fact_SortedWeights!$B$2:$B$89,$B8,Fact_SortedWeights!$D$2:$D$89,$C8)/SUMIFS(Fact_SortedWeights!$E$2:$E$89,Fact_SortedWeights!$C$2:$C$89,$A8,Fact_SortedWeights!$B$2:$B$89,$B8)*(IF($B8="Cardboard Recycling",SUMIFS(Fact_SortedWeights!$E$2:$E$89,Fact_SortedWeights!$C$2:$C$89,$A8,Fact_SortedWeights!$B$2:$B$89,$B8),SUMIFS(Fact_PreSortWeights!$E$2:$E$186,Fact_PreSortWeights!$C$2:$C$186,$A8,Fact_PreSortWeights!$B$2:$B$186,$B8)))) -> 0 | G8: =IF(AND(IF($B8="Trash",INDEX('Materials Master'!$F$2:$F$27,MATCH($C8,'Materials Master'!$A$2:$A$27,0)),IF($B8="GMPC Recycling",INDEX('Materials Master'!$G$2:$G$27,MATCH($C8,'Materials Master'!$A$2:$A$27,0)),IF($B8="Organics Recycling",INDEX('Materials Master'!$H$2:$H$27,MATCH($C8,'Materials Master'!$A$2:$A$27,0)),IF($B8="Cardboard Recycling",INDEX('Materials Master'!$I$2:$I$27,MATCH($C8,'Materials Master'!$A$2:$A$27,0)),IF($B8="Paper Recycling",INDEX('Materials Master'!$J$2:$J$27,MATCH($C8,'Materials Master'!$A$2:$A$27,0)),IF($B8="Terracycle",INDEX('Materials Master'!$K$2:$K$27,MATCH($C8,'Materials Master'!$A$2:$A$27,0)),"No"))))))="Yes",INDEX('Materials Master'!$E$2:$E$27,MATCH($C8,'Materials Master'!$A$2:$A$27,0))="Yes",$B8<>"Trash"),1,0) -> 0 | H8: =INDEX('Materials Master'!$E$2:$E$27,MATCH($C8,'Materials Master'!$A$2:$A$27,0)) -> No | I8: =IFERROR(INDEX(Areas!$C$2:$C$6,MATCH($A8,Areas!$B$2:$B$6,0)),"") -> Rest of Building | J8: =IF(IF($B8="Trash",INDEX('Materials Master'!$F$2:$F$27,MATCH($C8,'Materials Master'!$A$2:$A$27,0)),IF($B8="GMPC Recycling",INDEX('Materials Master'!$G$2:$G$27,MATCH($C8,'Materials Master'!$A$2:$A$27,0)),IF($B8="Organics Recycling",INDEX('Materials Master'!$H$2:$H$27,MATCH($C8,'Materials Master'!$A$2:$A$27,0)),IF($B8="Cardboard Recycling",INDEX('Materials Master'!$I$2:$I$27,MATCH($C8,'Materials Master'!$A$2:$A$27,0)),IF($B8="Paper Recycling",INDEX('Materials Master'!$J$2:$J$27,MATCH($C8,'Materials Master'!$A$2:$A$27,0)),IF($B8="Terracycle",INDEX('Materials Master'!$K$2:$K$27,MATCH($C8,'Materials Master'!$A$2:$A$27,0)),"No"))))))="Yes",1,0) -> 1
A9: OFFICES | B9: Trash | C9: FIB08 | D9: =IFERROR(INDEX('Materials Master'!$B$2:$B$27,MATCH($C9,'Materials Master'!$A$2:$A$27,0)),"") -> Paper Cups / Other Coated Paper Containers | E9: =IFERROR(INDEX('Materials Master'!$C$2:$C$27,MATCH($C9,'Materials Master'!$A$2:$A$27,0)),"") -> Fibers | F9: =IF(SUMIFS(Fact_SortedWeights!$E$2:$E$89,Fact_SortedWeights!$C$2:$C$89,$A9,Fact_SortedWeights!$B$2:$B$89,$B9)=0,0,SUMIFS(Fact_SortedWeights!$E$2:$E$89,Fact_SortedWeights!$C$2:$C$89,$A9,Fact_SortedWeights!$B$2:$B$89,$B9,Fact_SortedWeights!$D$2:$D$89,$C9)/SUMIFS(Fact_SortedWeights!$E$2:$E$89,Fact_SortedWeights!$C$2:$C$89,$A9,Fact_SortedWeights!$B$2:$B$89,$B9)*(IF($B9="Cardboard Recycling",SUMIFS(Fact_SortedWeights!$E$2:$E$89,Fact_SortedWeights!$C$2:$C$89,$A9,Fact_SortedWeights!$B$2:$B$89,$B9),SUMIFS(Fact_PreSortWeights!$E$2:$E$186,Fact_PreSortWeights!$C$2:$C$186,$A9,Fact_PreSortWeights!$B$2:$B$186,$B9)))) -> 4.2985114 | G9: =IF(AND(IF($B9="Trash",INDEX('Materials Master'!$F$2:$F$27,MATCH($C9,'Materials Master'!$A$2:$A$27,0)),IF($B9="GMPC Recycling",INDEX('Materials Master'!$G$2:$G$27,MATCH($C9,'Materials Master'!$A$2:$A$27,0)),IF($B9="Organics Recycling",INDEX('Materials Master'!$H$2:$H$27,MATCH($C9,'Materials Master'!$A$2:$A$27,0)),IF($B9="Cardboard Recycling",INDEX('Materials Master'!$I$2:$I$27,MATCH($C9,'Materials Master'!$A$2:$A$27,0)),IF($B9="Paper Recycling",INDEX('Materials Master'!$J$2:$J$27,MATCH($C9,'Materials Master'!$A$2:$A$27,0)),IF($B9="Terracycle",INDEX('Materials Master'!$K$2:$K$27,MATCH($C9,'Materials Master'!$A$2:$A$27,0)),"No"))))))="Yes",INDEX('Materials Master'!$E$2:$E$27,MATCH($C9,'Materials Master'!$A$2:$A$27,0))="Yes",$B9<>"Trash"),1,0) -> 0 | H9: =INDEX('Materials Master'!$E$2:$E$27,MATCH($C9,'Materials Master'!$A$2:$A$27,0)) -> No | I9: =IFERROR(INDEX(Areas!$C$2:$C$6,MATCH($A9,Areas!$B$2:$B$6,0)),"") -> Rest of Building | J9: =IF(IF($B9="Trash",INDEX('Materials Master'!$F$2:$F$27,MATCH($C9,'Materials Master'!$A$2:$A$27,0)),IF($B9="GMPC Recycling",INDEX('Materials Master'!$G$2:$G$27,MATCH($C9,'Materials Master'!$A$2:$A$27,0)),IF($B9="Organics Recycling",INDEX('Materials Master'!$H$2:$H$27,MATCH($C9,'Materials Master'!$A$2:$A$27,0)),IF($B9="Cardboard Recycling",INDEX('Materials Master'!$I$2:$I$27,MATCH($C9,'Materials Master'!$A$2:$A$27,0)),IF($B9="Paper Recycling",INDEX('Materials Master'!$J$2:$J$27,MATCH($C9,'Materials Master'!$A$2:$A$27,0)),IF($B9="Terracycle",INDEX('Materials Master'!$K$2:$K$27,MATCH($C9,'Materials Master'!$A$2:$A$27,0)),"No"))))))="Yes",1,0) -> 1
A10: OFFICES | B10: Trash | C10: GLA01 | D10: =IFERROR(INDEX('Materials Master'!$B$2:$B$27,MATCH($C10,'Materials Master'!$A$2:$A$27,0)),"") -> Glass Bottles & Jars | E10: =IFERROR(INDEX('Materials Master'!$C$2:$C$27,MATCH($C10,'Materials Master'!$A$2:$A$27,0)),"") -> Glass | F10: =IF(SUMIFS(Fact_SortedWeights!$E$2:$E$89,Fact_SortedWeights!$C$2:$C$89,$A10,Fact_SortedWeights!$B$2:$B$89,$B10)=0,0,SUMIFS(Fact_SortedWeights!$E$2:$E$89,Fact_SortedWeights!$C$2:$C$89,$A10,Fact_SortedWeights!$B$2:$B$89,$B10,Fact_SortedWeights!$D$2:$D$89,$C10)/SUMIFS(Fact_SortedWeights!$E$2:$E$89,Fact_SortedWeights!$C$2:$C$89,$A10,Fact_SortedWeights!$B$2:$B$89,$B10)*(IF($B10="Cardboard Recycling",SUMIFS(Fact_SortedWeights!$E$2:$E$89,Fact_SortedWeights!$C$2:$C$89,$A10,Fact_SortedWeights!$B$2:$B$89,$B10),SUMIFS(Fact_PreSortWeights!$E$2:$E$186,Fact_PreSortWeights!$C$2:$C$186,$A10,Fact_PreSortWeights!$B$2:$B$186,$B10)))) -> 3.0136385 | G10: =IF(AND(IF($B10="Trash",INDEX('Materials Master'!$F$2:$F$27,MATCH($C10,'Materials Master'!$A$2:$A$27,0)),IF($B10="GMPC Recycling",INDEX('Materials Master'!$G$2:$G$27,MATCH($C10,'Materials Master'!$A$2:$A$27,0)),IF($B10="Organics Recycling",INDEX('Materials Master'!$H$2:$H$27,MATCH($C10,'Materials Master'!$A$2:$A$27,0)),IF($B10="Cardboard Recycling",INDEX('Materials Master'!$I$2:$I$27,MATCH($C10,'Materials Master'!$A$2:$A$27,0)),IF($B10="Paper Recycling",INDEX('Materials Master'!$J$2:$J$27,MATCH($C10,'Materials Master'!$A$2:$A$27,0)),IF($B10="Terracycle",INDEX('Materials Master'!$K$2:$K$27,MATCH($C10,'Materials Master'!$A$2:$A$27,0)),"No"))))))="Yes",INDEX('Materials Master'!$E$2:$E$27,MATCH($C10,'Materials Master'!$A$2:$A$27,0))="Yes",$B10<>"Trash"),1,0) -> 0 | H10: =INDEX('Materials Master'!$E$2:$E$27,MATCH($C10,'Materials Master'!$A$2:$A$27,0)) -> Yes | I10: =IFERROR(INDEX(Areas!$C$2:$C$6,MATCH($A10,Areas!$B$2:$B$6,0)),"") -> Rest of Building | J10: =IF(IF($B10="Trash",INDEX('Materials Master'!$F$2:$F$27,MATCH($C10,'Materials Master'!$A$2:$A$27,0)),IF($B10="GMPC Recycling",INDEX('Materials Master'!$G$2:$G$27,MATCH($C10,'Materials Master'!$A$2:$A$27,0)),IF($B10="Organics Recycling",INDEX('Materials Master'!$H$2:$H$27,MATCH($C10,'Materials Master'!$A$2:$A$27,0)),IF($B10="Cardboard Recycling",INDEX('Materials Master'!$I$2:$I$27,MATCH($C10,'Materials Master'!$A$2:$A$27,0)),IF($B10="Paper Recycling",INDEX('Materials Master'!$J$2:$J$27,MATCH($C10,'Materials Master'!$A$2:$A$27,0)),IF($B10="Terracycle",INDEX('Materials Master'!$K$2:$K$27,MATCH($C10,'Materials Master'!$A$2:$A$27,0)),"No"))))))="Yes",1,0) -> 0
A11: OFFICES | B11: Trash | C11: GLA02 | D11: =IFERROR(INDEX('Materials Master'!$B$2:$B$27,MATCH($C11,'Materials Master'!$A$2:$A$27,0)),"") -> Soiled Glass | E11: =IFERROR(INDEX('Materials Master'!$C$2:$C$27,MATCH($C11,'Materials Master'!$A$2:$A$27,0)),"") -> Glass | F11: =IF(SUMIFS(Fact_SortedWeights!$E$2:$E$89,Fact_SortedWeights!$C$2:$C$89,$A11,Fact_SortedWeights!$B$2:$B$89,$B11)=0,0,SUMIFS(Fact_SortedWeights!$E$2:$E$89,Fact_SortedWeights!$C$2:$C$89,$A11,Fact_SortedWeights!$B$2:$B$89,$B11,Fact_SortedWeights!$D$2:$D$89,$C11)/SUMIFS(Fact_SortedWeights!$E$2:$E$89,Fact_SortedWeights!$C$2:$C$89,$A11,Fact_SortedWeights!$B$2:$B$89,$B11)*(IF($B11="Cardboard Recycling",SUMIFS(Fact_SortedWeights!$E$2:$E$89,Fact_SortedWeights!$C$2:$C$89,$A11,Fact_SortedWeights!$B$2:$B$89,$B11),SUMIFS(Fact_PreSortWeights!$E$2:$E$186,Fact_PreSortWeights!$C$2:$C$186,$A11,Fact_PreSortWeights!$B$2:$B$186,$B11)))) -> 0 | G11: =IF(AND(IF($B11="Trash",INDEX('Materials Master'!$F$2:$F$27,MATCH($C11,'Materials Master'!$A$2:$A$27,0)),IF($B11="GMPC Recycling",INDEX('Materials Master'!$G$2:$G$27,MATCH($C11,'Materials Master'!$A$2:$A$27,0)),IF($B11="Organics Recycling",INDEX('Materials Master'!$H$2:$H$27,MATCH($C11,'Materials Master'!$A$2:$A$27,0)),IF($B11="Cardboard Recycling",INDEX('Materials Master'!$I$2:$I$27,MATCH($C11,'Materials Master'!$A$2:$A$27,0)),IF($B11="Paper Recycling",INDEX('Materials Master'!$J$2:$J$27,MATCH($C11,'Materials Master'!$A$2:$A$27,0)),IF($B11="Terracycle",INDEX('Materials Master'!$K$2:$K$27,MATCH($C11,'Materials Master'!$A$2:$A$27,0)),"No"))))))="Yes",INDEX('Materials Master'!$E$2:$E$27,MATCH($C11,'Materials Master'!$A$2:$A$27,0))="Yes",$B11<>"Trash"),1,0) -> 0 | H11: =INDEX('Materials Master'!$E$2:$E$27,MATCH($C11,'Materials Master'!$A$2:$A$27,0)) -> No | I11: =IFERROR(INDEX(Areas!$C$2:$C$6,MATCH($A11,Areas!$B$2:$B$6,0)),"") -> Rest of Building | J11: =IF(IF($B11="Trash",INDEX('Materials Master'!$F$2:$F$27,MATCH($C11,'Materials Master'!$A$2:$A$27,0)),IF($B11="GMPC Recycling",INDEX('Materials Master'!$G$2:$G$27,MATCH($C11,'Materials Master'!$A$2:$A$27,0)),IF($B11="Organics Recycling",INDEX('Materials Master'!$H$2:$H$27,MATCH($C11,'Materials Master'!$A$2:$A$27,0)),IF($B11="Cardboard Recycling",INDEX('Materials Master'!$I$2:$I$27,MATCH($C11,'Materials Master'!$A$2:$A$27,0)),IF($B11="Paper Recycling",INDEX('Materials Master'!$J$2:$J$27,MATCH($C11,'Materials Master'!$A$2:$A$27,0)),IF($B11="Terracycle",INDEX('Materials Master'!$K$2:$K$27,MATCH($C11,'Materials Master'!$A$2:$A$27,0)),"No"))))))="Yes",1,0) -> 1
A12: OFFICES | B12: Trash | C12: MET01 | D12: =IFERROR(INDEX('Materials Master'!$B$2:$B$27,MATCH($C12,'Materials Master'!$A$2:$A$27,0)),"") -> Aluminum & Bi-Metal Containers | E12: =IFERROR(INDEX('Materials Master'!$C$2:$C$27,MATCH($C12,'Materials Master'!$A$2:$A$27,0)),"") -> Metals | F12: =IF(SUMIFS(Fact_SortedWeights!$E$2:$E$89,Fact_SortedWeights!$C$2:$C$89,$A12,Fact_SortedWeights!$B$2:$B$89,$B12)=0,0,SUMIFS(Fact_SortedWeights!$E$2:$E$89,Fact_SortedWeights!$C$2:$C$89,$A12,Fact_SortedWeights!$B$2:$B$89,$B12,Fact_SortedWeights!$D$2:$D$89,$C12)/SUMIFS(Fact_SortedWeights!$E$2:$E$89,Fact_SortedWeights!$C$2:$C$89,$A12,Fact_SortedWeights!$B$2:$B$89,$B12)*(IF($B12="Cardboard Recycling",SUMIFS(Fact_SortedWeights!$E$2:$E$89,Fact_SortedWeights!$C$2:$C$89,$A12,Fact_SortedWeights!$B$2:$B$89,$B12),SUMIFS(Fact_PreSortWeights!$E$2:$E$186,Fact_PreSortWeights!$C$2:$C$186,$A12,Fact_PreSortWeights!$B$2:$B$186,$B12)))) -> 0 | G12: =IF(AND(IF($B12="Trash",INDEX('Materials Master'!$F$2:$F$27,MATCH($C12,'Materials Master'!$A$2:$A$27,0)),IF($B12="GMPC Recycling",INDEX('Materials Master'!$G$2:$G$27,MATCH($C12,'Materials Master'!$A$2:$A$27,0)),IF($B12="Organics Recycling",INDEX('Materials Master'!$H$2:$H$27,MATCH($C12,'Materials Master'!$A$2:$A$27,0)),IF($B12="Cardboard Recycling",INDEX('Materials Master'!$I$2:$I$27,MATCH($C12,'Materials Master'!$A$2:$A$27,0)),IF($B12="Paper Recycling",INDEX('Materials Master'!$J$2:$J$27,MATCH($C12,'Materials Master'!$A$2:$A$27,0)),IF($B12="Terracycle",INDEX('Materials Master'!$K$2:$K$27,MATCH($C12,'Materials Master'!$A$2:$A$27,0)),"No"))))))="Yes",INDEX('Materials Master'!$E$2:$E$27,MATCH($C12,'Materials Master'!$A$2:$A$27,0))="Yes",$B12<>"Trash"),1,0) -> 0 | H12: =INDEX('Materials Master'!$E$2:$E$27,MATCH($C12,'Materials Master'!$A$2:$A$27,0)) -> Yes | I12: =IFERROR(INDEX(Areas!$C$2:$C$6,MATCH($A12,Areas!$B$2:$B$6,0)),"") -> Rest of Building | J12: =IF(IF($B12="Trash",INDEX('Materials Master'!$F$2:$F$27,MATCH($C12,'Materials Master'!$A$2:$A$27,0)),IF($B12="GMPC Recycling",INDEX('Materials Master'!$G$2:$G$27,MATCH($C12,'Materials Master'!$A$2:$A$27,0)),IF($B12="Organics Recycling",INDEX('Materials Master'!$H$2:$H$27,MATCH($C12,'Materials Master'!$A$2:$A$27,0)),IF($B12="Cardboard Recycling",INDEX('Materials Master'!$I$2:$I$27,MATCH($C12,'Materials Master'!$A$2:$A$27,0)),IF($B12="Paper Recycling",INDEX('Materials Master'!$J$2:$J$27,MATCH($C12,'Materials Master'!$A$2:$A$27,0)),IF($B12="Terracycle",INDEX('Materials Master'!$K$2:$K$27,MATCH($C12,'Materials Master'!$A$2:$A$27,0)),"No"))))))="Yes",1,0) -> 0
A13: OFFICES | B13: Trash | C13: MET02 | D13: =IFERROR(INDEX('Materials Master'!$B$2:$B$27,MATCH($C13,'Materials Master'!$A$2:$A$27,0)),"") -> Soiled Metals | E13: =IFERROR(INDEX('Materials Master'!$C$2:$C$27,MATCH($C13,'Materials Master'!$A$2:$A$27,0)),"") -> Metals | F13: =IF(SUMIFS(Fact_SortedWeights!$E$2:$E$89,Fact_SortedWeights!$C$2:$C$89,$A13,Fact_SortedWeights!$B$2:$B$89,$B13)=0,0,SUMIFS(Fact_SortedWeights!$E$2:$E$89,Fact_SortedWeights!$C$2:$C$89,$A13,Fact_SortedWeights!$B$2:$B$89,$B13,Fact_SortedWeights!$D$2:$D$89,$C13)/SUMIFS(Fact_SortedWeights!$E$2:$E$89,Fact_SortedWeights!$C$2:$C$89,$A13,Fact_SortedWeights!$B$2:$B$89,$B13)*(IF($B13="Cardboard Recycling",SUMIFS(Fact_SortedWeights!$E$2:$E$89,Fact_SortedWeights!$C$2:$C$89,$A13,Fact_SortedWeights!$B$2:$B$89,$B13),SUMIFS(Fact_PreSortWeights!$E$2:$E$186,Fact_PreSortWeights!$C$2:$C$186,$A13,Fact_PreSortWeights!$B$2:$B$186,$B13)))) -> 0 | G13: =IF(AND(IF($B13="Trash",INDEX('Materials Master'!$F$2:$F$27,MATCH($C13,'Materials Master'!$A$2:$A$27,0)),IF($B13="GMPC Recycling",INDEX('Materials Master'!$G$2:$G$27,MATCH($C13,'Materials Master'!$A$2:$A$27,0)),IF($B13="Organics Recycling",INDEX('Materials Master'!$H$2:$H$27,MATCH($C13,'Materials Master'!$A$2:$A$27,0)),IF($B13="Cardboard Recycling",INDEX('Materials Master'!$I$2:$I$27,MATCH($C13,'Materials Master'!$A$2:$A$27,0)),IF($B13="Paper Recycling",INDEX('Materials Master'!$J$2:$J$27,MATCH($C13,'Materials Master'!$A$2:$A$27,0)),IF($B13="Terracycle",INDEX('Materials Master'!$K$2:$K$27,MATCH($C13,'Materials Master'!$A$2:$A$27,0)),"No"))))))="Yes",INDEX('Materials Master'!$E$2:$E$27,MATCH($C13,'Materials Master'!$A$2:$A$27,0))="Yes",$B13<>"Trash"),1,0) -> 0 | H13: =INDEX('Materials Master'!$E$2:$E$27,MATCH($C13,'Materials Master'!$A$2:$A$27,0)) -> No | I13: =IFERROR(INDEX(Areas!$C$2:$C$6,MATCH($A13,Areas!$B$2:$B$6,0)),"") -> Rest of Building | J13: =IF(IF($B13="Trash",INDEX('Materials Master'!$F$2:$F$27,MATCH($C13,'Materials Master'!$A$2:$A$27,0)),IF($B13="GMPC Recycling",INDEX('Materials Master'!$G$2:$G$27,MATCH($C13,'Materials Master'!$A$2:$A$27,0)),IF($B13="Organics Recycling",INDEX('Materials Master'!$H$2:$H$27,MATCH($C13,'Materials Master'!$A$2:$A$27,0)),IF($B13="Cardboard Recycling",INDEX('Materials Master'!$I$2:$I$27,MATCH($C13,'Materials Master'!$A$2:$A$27,0)),IF($B13="Paper Recycling",INDEX('Materials Master'!$J$2:$J$27,MATCH($C13,'Materials Master'!$A$2:$A$27,0)),IF($B13="Terracycle",INDEX('Materials Master'!$K$2:$K$27,MATCH($C13,'Materials Master'!$A$2:$A$27,0)),"No"))))))="Yes",1,0) -> 1
... A781: BATHROOM | B781: Terracycle | C781: OTH02 | D781: =IFERROR(INDEX('Materials Master'!$B$2:$B$27,MATCH($C781,'Materials Master'!$A$2:$A$27,0)),"") -> Other/Residual Materials | E781: =IFERROR(INDEX('Materials Master'!$C$2:$C$27,MATCH($C781,'Materials Master'!$A$2:$A$27,0)),"") -> Other | F781: =IF(SUMIFS(Fact_SortedWeights!$E$2:$E$89,Fact_SortedWeights!$C$2:$C$89,$A781,Fact_SortedWeights!$B$2:$B$89,$B781)=0,0,SUMIFS(Fact_SortedWeights!$E$2:$E$89,Fact_SortedWeights!$C$2:$C$89,$A781,Fact_SortedWeights!$B$2:$B$89,$B781,Fact_SortedWeights!$D$2:$D$89,$C781)/SUMIFS(Fact_SortedWeights!$E$2:$E$89,Fact_SortedWeights!$C$2:$C$89,$A781,Fact_SortedWeights!$B$2:$B$89,$B781)*(IF($B781="Cardboard Recycling",SUMIFS(Fact_SortedWeights!$E$2:$E$89,Fact_SortedWeights!$C$2:$C$89,$A781,Fact_SortedWeights!$B$2:$B$89,$B781),SUMIFS(Fact_PreSortWeights!$E$2:$E$186,Fact_PreSortWeights!$C$2:$C$186,$A781,Fact_PreSortWeights!$B$2:$B$186,$B781)))) -> 0 | G781: =IF(AND(IF($B781="Trash",INDEX('Materials Master'!$F$2:$F$27,MATCH($C781,'Materials Master'!$A$2:$A$27,0)),IF($B781="GMPC Recycling",INDEX('Materials Master'!$G$2:$G$27,MATCH($C781,'Materials Master'!$A$2:$A$27,0)),IF($B781="Organics Recycling",INDEX('Materials Master'!$H$2:$H$27,MATCH($C781,'Materials Master'!$A$2:$A$27,0)),IF($B781="Cardboard Recycling",INDEX('Materials Master'!$I$2:$I$27,MATCH($C781,'Materials Master'!$A$2:$A$27,0)),IF($B781="Paper Recycling",INDEX('Materials Master'!$J$2:$J$27,MATCH($C781,'Materials Master'!$A$2:$A$27,0)),IF($B781="Terracycle",INDEX('Materials Master'!$K$2:$K$27,MATCH($C781,'Materials Master'!$A$2:$A$27,0)),"No"))))))="Yes",INDEX('Materials Master'!$E$2:$E$27,MATCH($C781,'Materials Master'!$A$2:$A$27,0))="Yes",$B781<>"Trash"),1,0) -> 0 | H781: =INDEX('Materials Master'!$E$2:$E$27,MATCH($C781,'Materials Master'!$A$2:$A$27,0)) -> No | I781: =IFERROR(INDEX(Areas!$C$2:$C$6,MATCH($A781,Areas!$B$2:$B$6,0)),"") -> Rest of Building | J781: =IF(IF($B781="Trash",INDEX('Materials Master'!$F$2:$F$27,MATCH($C781,'Materials Master'!$A$2:$A$27,0)),IF($B781="GMPC Recycling",INDEX('Materials Master'!$G$2:$G$27,MATCH($C781,'Materials Master'!$A$2:$A$27,0)),IF($B781="Organics Recycling",INDEX('Materials Master'!$H$2:$H$27,MATCH($C781,'Materials Master'!$A$2:$A$27,0)),IF($B781="Cardboard Recycling",INDEX('Materials Master'!$I$2:$I$27,MATCH($C781,'Materials Master'!$A$2:$A$27,0)),IF($B781="Paper Recycling",INDEX('Materials Master'!$J$2:$J$27,MATCH($C781,'Materials Master'!$A$2:$A$27,0)),IF($B781="Terracycle",INDEX('Materials Master'!$K$2:$K$27,MATCH($C781,'Materials Master'!$A$2:$A$27,0)),"No"))))))="Yes",1,0) -> 0

Sheet Overall Summary
A1: Total Waste Generation — Day of Audit
A2: Waste Stream | B2: Waste Stream Weight (lbs.) | C2: % of Total Waste Stream | D2: Weight of Material Diverted (lbs.) | E2: % of Material Diverted
A3: Trash | B3: =SUMIFS(Fact_PreSortWeights!$E$2:$E$186,Fact_PreSortWeights!$C$2:$C$186,"OFFICES",Fact_PreSortWeights!$B$2:$B$186,"Trash")+SUMIFS(Fact_PreSortWeights!$E$2:$E$186,Fact_PreSortWeights!$C$2:$C$186,"CAFÉ BOH",Fact_PreSortWeights!$B$2:$B$186,"Trash")+SUMIFS(Fact_PreSortWeights!$E$2:$E$186,Fact_PreSortWeights!$C$2:$C$186,"LOCATION C",Fact_PreSortWeights!$B$2:$B$186,"Trash")+SUMIFS(Fact_PreSortWeights!$E$2:$E$186,Fact_PreSortWeights!$C$2:$C$186,"LOCATION D",Fact_PreSortWeights!$B$2:$B$186,"Trash") -> 1823.3 | C3: =IF($B$10=0,0,B3/$B$10) -> 0.59178322 | D3: =SUMIFS(Fact_Extrapolated!$F$2:$F$781,Fact_Extrapolated!$B$2:$B$781,A3,Fact_Extrapolated!$G$2:$G$781,1) -> 0
A4: GMPC Recycling | B4: =SUMIFS(Fact_PreSortWeights!$E$2:$E$186,Fact_PreSortWeights!$C$2:$C$186,"OFFICES",Fact_PreSortWeights!$B$2:$B$186,"GMPC Recycling")+SUMIFS(Fact_PreSortWeights!$E$2:$E$186,Fact_PreSortWeights!$C$2:$C$186,"CAFÉ BOH",Fact_PreSortWeights!$B$2:$B$186,"GMPC Recycling")+SUMIFS(Fact_PreSortWeights!$E$2:$E$186,Fact_PreSortWeights!$C$2:$C$186,"LOCATION C",Fact_PreSortWeights!$B$2:$B$186,"GMPC Recycling")+SUMIFS(Fact_PreSortWeights!$E$2:$E$186,Fact_PreSortWeights!$C$2:$C$186,"LOCATION D",Fact_PreSortWeights!$B$2:$B$186,"GMPC Recycling") -> 45.2 | C4: =IF($B$10=0,0,B4/$B$10) -> 0.014670434 | D4: =SUMIFS(Fact_Extrapolated!$F$2:$F$781,Fact_Extrapolated!$B$2:$B$781,A4,Fact_Extrapolated!$G$2:$G$781,1) -> 9.4335475
A5: Organics Recycling | B5: =SUMIFS(Fact_PreSortWeights!$E$2:$E$186,Fact_PreSortWeights!$C$2:$C$186,"OFFICES",Fact_PreSortWeights!$B$2:$B$186,"Organics Recycling")+SUMIFS(Fact_PreSortWeights!$E$2:$E$186,Fact_PreSortWeights!$C$2:$C$186,"CAFÉ BOH",Fact_PreSortWeights!$B$2:$B$186,"Organics Recycling")+SUMIFS(Fact_PreSortWeights!$E$2:$E$186,Fact_PreSortWeights!$C$2:$C$186,"LOCATION C",Fact_PreSortWeights!$B$2:$B$186,"Organics Recycling")+SUMIFS(Fact_PreSortWeights!$E$2:$E$186,Fact_PreSortWeights!$C$2:$C$186,"LOCATION D",Fact_PreSortWeights!$B$2:$B$186,"Organics Recycling") -> 635.5 | C5: =IF($B$10=0,0,B5/$B$10) -> 0.2062624 | D5: =SUMIFS(Fact_Extrapolated!$F$2:$F$781,Fact_Extrapolated!$B$2:$B$781,A5,Fact_Extrapolated!$G$2:$G$781,1) -> 247.30753
A6: Cardboard Recycling | B6: =SUMIFS(Fact_SortedWeights!$E$2:$E$89,Fact_SortedWeights!$C$2:$C$89,"OFFICES",Fact_SortedWeights!$B$2:$B$89,"Cardboard Recycling")+SUMIFS(Fact_SortedWeights!$E$2:$E$89,Fact_SortedWeights!$C$2:$C$89,"CAFÉ BOH",Fact_SortedWeights!$B$2:$B$89,"Cardboard Recycling")+SUMIFS(Fact_SortedWeights!$E$2:$E$89,Fact_SortedWeights!$C$2:$C$89,"LOCATION C",Fact_SortedWeights!$B$2:$B$89,"Cardboard Recycling")+SUMIFS(Fact_SortedWeights!$E$2:$E$89,Fact_SortedWeights!$C$2:$C$89,"LOCATION D",Fact_SortedWeights!$B$2:$B$89,"Cardboard Recycling") -> 349.82687 | C6: =IF($B$10=0,0,B6/$B$10) -> 0.1135423 | D6: =SUMIFS(Fact_Extrapolated!$F$2:$F$781,Fact_Extrapolated!$B$2:$B$781,A6,Fact_Extrapolated!$G$2:$G$781,1) -> 335.14312
A7: Paper Recycling | B7: =SUMIFS(Fact_PreSortWeights!$E$2:$E$186,Fact_PreSortWeights!$C$2:$C$186,"OFFICES",Fact_PreSortWeights!$B$2:$B$186,"Paper Recycling")+SUMIFS(Fact_PreSortWeights!$E$2:$E$186,Fact_PreSortWeights!$C$2:$C$186,"CAFÉ BOH",Fact_PreSortWeights!$B$2:$B$186,"Paper Recycling")+SUMIFS(Fact_PreSortWeights!$E$2:$E$186,Fact_PreSortWeights!$C$2:$C$186,"LOCATION C",Fact_PreSortWeights!$B$2:$B$186,"Paper Recycling")+SUMIFS(Fact_PreSortWeights!$E$2:$E$186,Fact_PreSortWeights!$C$2:$C$186,"LOCATION D",Fact_PreSortWeights!$B$2:$B$186,"Paper Recycling") -> 16.7 | C7: =IF($B$10=0,0,B7/$B$10) -> 0.0054202708 | D7: =SUMIFS(Fact_Extrapolated!$F$2:$F$781,Fact_Extrapolated!$B$2:$B$781,A7,Fact_Extrapolated!$G$2:$G$781,1) -> 16.623547
A8: Terracycle | B8: =SUMIFS(Fact_PreSortWeights!$E$2:$E$186,Fact_PreSortWeights!$C$2:$C$186,"OFFICES",Fact_PreSortWeights!$B$2:$B$186,"Terracycle")+SUMIFS(Fact_PreSortWeights!$E$2:$E$186,Fact_PreSortWeights!$C$2:$C$186,"CAFÉ BOH",Fact_PreSortWeights!$B$2:$B$186,"Terracycle")+SUMIFS(Fact_PreSortWeights!$E$2:$E$186,Fact_PreSortWeights!$C$2:$C$186,"LOCATION C",Fact_PreSortWeights!$B$2:$B$186,"Terracycle")+SUMIFS(Fact_PreSortWeights!$E$2:$E$186,Fact_PreSortWeights!$C$2:$C$186,"LOCATION D",Fact_PreSortWeights!$B$2:$B$186,"Terracycle") -> 3.2 | C8: =IF($B$10=0,0,B8/$B$10) -> 0.0010386148 | D8: =SUMIFS(Fact_Extrapolated!$F$2:$F$781,Fact_Extrapolated!$B$2:$B$781,A8,Fact_Extrapolated!$G$2:$G$781,1) -> 3.0717999
A9: BATHROOM Waste | B9: =SUMIFS(Fact_PreSortWeights!$E$2:$E$186,Fact_PreSortWeights!$C$2:$C$186,"BATHROOM")+SUMIFS(Fact_SortedWeights!$E$2:$E$89,Fact_SortedWeights!$C$2:$C$89,"BATHROOM",Fact_SortedWeights!$B$2:$B$89,"Cardboard Recycling") -> 207.3 | C9: =IF($B$10=0,0,B9/$B$10) -> 0.067282763 | D9: 0
A10: Total | B10: =SUM(B3:B9) -> 3081.0269 | C10: =IF($B$10=0,0,B10/$B$10) -> 1 | D10: =SUM(D3:D9) -> 611.57955 | E10: =IF(B10=0,0,D10/B10) -> 0.19849861
A12: Waste Stream Breakdown — by Material Type
A13: Material Type Category | B13: Material Type | C13: Total Material Type Weight (lbs.) | D13: % of Total Waste Stream | E13: Weight of Material Diverted (lbs.) | F13: % of Material Diverted | G13: Currently Divertible?
A14: Fibers | B14: Corrugated Cardboard | C14: =SUMIFS(Fact_Extrapolated!$F$2:$F$781,Fact_Extrapolated!$C$2:$C$781,"FIB01") -> 301.78 | D14: =IF($B$10=0,0,C14/$B$10) -> 0.097947864 | E14: =SUMIFS(Fact_Extrapolated!$F$2:$F$781,Fact_Extrapolated!$C$2:$C$781,"FIB01",Fact_Extrapolated!$G$2:$G$781,1) -> 301.78 | F14: =IF(C14=0,0,E14/C14) -> 1 | G14: =INDEX('Materials Master'!$D$2:$D$27,MATCH(B14,'Materials Master'!$B$2:$B$27,0)) -> Yes
B15: Soiled Cardboard | C15: =SUMIFS(Fact_Extrapolated!$F$2:$F$781,Fact_Extrapolated!$C$2:$C$781,"FIB02") -> 0 | D15: =IF($B$10=0,0,C15/$B$10) -> 0 | E15: =SUMIFS(Fact_Extrapolated!$F$2:$F$781,Fact_Extrapolated!$C$2:$C$781,"FIB02",Fact_Extrapolated!$G$2:$G$781,1) -> 0 | F15: =IF(C15=0,0,E15/C15) -> 0 | G15: =INDEX('Materials Master'!$D$2:$D$27,MATCH(B15,'Materials Master'!$B$2:$B$27,0)) -> No
B16: Waxed Cardboard | C16: =SUMIFS(Fact_Extrapolated!$F$2:$F$781,Fact_Extrapolated!$C$2:$C$781,"FIB03") -> 4.4 | D16: =IF($B$10=0,0,C16/$B$10) -> 0.0014280953 | E16: =SUMIFS(Fact_Extrapolated!$F$2:$F$781,Fact_Extrapolated!$C$2:$C$781,"FIB03",Fact_Extrapolated!$G$2:$G$781,1) -> 0 | F16: =IF(C16=0,0,E16/C16) -> 0 | G16: =INDEX('Materials Master'!$D$2:$D$27,MATCH(B16,'Materials Master'!$B$2:$B$27,0)) -> No
B17: Mixed Paper | C17: =SUMIFS(Fact_Extrapolated!$F$2:$F$781,Fact_Extrapolated!$C$2:$C$781,"FIB04") -> 156.82713 | D17: =IF($B$10=0,0,C17/$B$10) -> 0.050900928 | E17: =SUMIFS(Fact_Extrapolated!$F$2:$F$781,Fact_Extrapolated!$C$2:$C$781,"FIB04",Fact_Extrapolated!$G$2:$G$781,1) -> 52.651258 | F17: =IF(C17=0,0,E17/C17) -> 0.335728 | G17: =INDEX('Materials Master'!$D$2:$D$27,MATCH(B17,'Materials Master'!$B$2:$B$27,0)) -> Yes
B18: Soiled Paper | C18: =SUMIFS(Fact_Extrapolated!$F$2:$F$781,Fact_Extrapolated!$C$2:$C$781,"FIB05") -> 0 | D18: =IF($B$10=0,0,C18/$B$10) -> 0 | E18: =SUMIFS(Fact_Extrapolated!$F$2:$F$781,Fact_Extrapolated!$C$2:$C$781,"FIB05",Fact_Extrapolated!$G$2:$G$781,1) -> 0 | F18: =IF(C18=0,0,E18/C18) -> 0 | G18: =INDEX('Materials Master'!$D$2:$D$27,MATCH(B18,'Materials Master'!$B$2:$B$27,0)) -> No
B19: Beverage Cartons | C19: =SUMIFS(Fact_Extrapolated!$F$2:$F$781,Fact_Extrapolated!$C$2:$C$781,"FIB06") -> 22.701294 | D19: =IF($B$10=0,0,C19/$B$10) -> 0.0073680934 | E19: =SUMIFS(Fact_Extrapolated!$F$2:$F$781,Fact_Extrapolated!$C$2:$C$781,"FIB06",Fact_Extrapolated!$G$2:$G$781,1) -> 1.4998179 | F19: =IF(C19=0,0,E19/C19) -> 0.066067509 | G19: =INDEX('Materials Master'!$D$2:$D$27,MATCH(B19,'Materials Master'!$B$2:$B$27,0)) -> Yes
B20: Soiled Beverage Cartons | C20: =SUMIFS(Fact_Extrapolated!$F$2:$F$781,Fact_Extrapolated!$C$2:$C$781,"FIB07") -> 0 | D20: =IF($B$10=0,0,C20/$B$10) -> 0 | E20: =SUMIFS(Fact_Extrapolated!$F$2:$F$781,Fact_Extrapolated!$C$2:$C$781,"FIB07",Fact_Extrapolated!$G$2:$G$781,1) -> 0 | F20: =IF(C20=0,0,E20/C20) -> 0 | G20: =INDEX('Materials Master'!$D$2:$D$27,MATCH(B20,'Materials Master'!$B$2:$B$27,0)) -> No
B21: Paper Cups / Other Coated Paper Containers | C21: =SUMIFS(Fact_Extrapolated!$F$2:$F$781,Fact_Extrapolated!$C$2:$C$781,"FIB08") -> 5.1079454 | D21: =IF($B$10=0,0,C21/$B$10) -> 0.0016578711 | E21: =SUMIFS(Fact_Extrapolated!$F$2:$F$781,Fact_Extrapolated!$C$2:$C$781,"FIB08",Fact_Extrapolated!$G$2:$G$781,1) -> 0 | F21: =IF(C21=0,0,E21/C21) -> 0 | G21: =INDEX('Materials Master'!$D$2:$D$27,MATCH(B21,'Materials Master'!$B$2:$B$27,0)) -> No
A22: Glass | B22: Glass Bottles & Jars | C22: =SUMIFS(Fact_Extrapolated!$F$2:$F$781,Fact_Extrapolated!$C$2:$C$781,"GLA01") -> 3.0136385 | D22: =IF($B$10=0,0,C22/$B$10) -> 0.00097812794 | E22: =SUMIFS(Fact_Extrapolated!$F$2:$F$781,Fact_Extrapolated!$C$2:$C$781,"GLA01",Fact_Extrapolated!$G$2:$G$781,1) -> 0 | F22: =IF(C22=0,0,E22/C22) -> 0 | G22: =INDEX('Materials Master'!$D$2:$D$27,MATCH(B22,'Materials Master'!$B$2:$B$27,0)) -> Yes
B23: Soiled Glass | C23: =SUMIFS(Fact_Extrapolated!$F$2:$F$781,Fact_Extrapolated!$C$2:$C$781,"GLA02") -> 0 | D23: =IF($B$10=0,0,C23/$B$10) -> 0 | E23: =SUMIFS(Fact_Extrapolated!$F$2:$F$781,Fact_Extrapolated!$C$2:$C$781,"GLA02",Fact_Extrapolated!$G$2:$G$781,1) -> 0 | F23: =IF(C23=0,0,E23/C23) -> 0 | G23: =INDEX('Materials Master'!$D$2:$D$27,MATCH(B23,'Materials Master'!$B$2:$B$27,0)) -> No
A24: Metals | B24: Aluminum & Bi-Metal Containers | C24: =SUMIFS(Fact_Extrapolated!$F$2:$F$781,Fact_Extrapolated!$C$2:$C$781,"MET01") -> 3.9497055 | D24: =IF($B$10=0,0,C24/$B$10) -> 0.0012819445 | E24: =SUMIFS(Fact_Extrapolated!$F$2:$F$781,Fact_Extrapolated!$C$2:$C$781,"MET01",Fact_Extrapolated!$G$2:$G$781,1) -> 0.6198993 | F24: =IF(C24=0,0,E24/C24) -> 0.15694824 | G24: =INDEX('Materials Master'!$D$2:$D$27,MATCH(B24,'Materials Master'!$B$2:$B$27,0)) -> Yes
B25: Soiled Metals | C25: =SUMIFS(Fact_Extrapolated!$F$2:$F$781,Fact_Extrapolated!$C$2:$C$781,"MET02") -> 1.2397986 | D25: =IF($B$10=0,0,C25/$B$10) -> 0.00040239786 | E25: =SUMIFS(Fact_Extrapolated!$F$2:$F$781,Fact_Extrapolated!$C$2:$C$781,"MET02",Fact_Extrapolated!$G$2:$G$781,1) -> 0 | F25: =IF(C25=0,0,E25/C25) -> 0 | G25: =INDEX('Materials Master'!$D$2:$D$27,MATCH(B25,'Materials Master'!$B$2:$B$27,0)) -> No
A26: Plastics | B26: Rigid Plastics (1-6) | C26: =SUMIFS(Fact_Extrapolated!$F$2:$F$781,Fact_Extrapolated!$C$2:$C$781,"PLA01") -> 214.94638 | D26: =IF($B$10=0,0,C26/$B$10) -> 0.069764526 | E26: =SUMIFS(Fact_Extrapolated!$F$2:$F$781,Fact_Extrapolated!$C$2:$C$781,"PLA01",Fact_Extrapolated!$G$2:$G$781,1) -> 4.6492448 | F26: =IF(C26=0,0,E26/C26) -> 0.021629789 | G26: =INDEX('Materials Master'!$D$2:$D$27,MATCH(B26,'Materials Master'!$B$2:$B$27,0)) -> Yes
B27: Soiled Rigid Plastics | C27: =SUMIFS(Fact_Extrapolated!$F$2:$F$781,Fact_Extrapolated!$C$2:$C$781,"PLA02") -> 0 | D27: =IF($B$10=0,0,C27/$B$10) -> 0 | E27: =SUMIFS(Fact_Extrapolated!$F$2:$F$781,Fact_Extrapolated!$C$2:$C$781,"PLA02",Fact_Extrapolated!$G$2:$G$781,1) -> 0 | F27: =IF(C27=0,0,E27/C27) -> 0 | G27: =INDEX('Materials Master'!$D$2:$D$27,MATCH(B27,'Materials Master'!$B$2:$B$27,0)) -> No
B28: Film Plastics | C28: =SUMIFS(Fact_Extrapolated!$F$2:$F$781,Fact_Extrapolated!$C$2:$C$781,"PLA03") -> 176.38672 | D28: =IF($B$10=0,0,C28/$B$10) -> 0.057249327 | E28: =SUMIFS(Fact_Extrapolated!$F$2:$F$781,Fact_Extrapolated!$C$2:$C$781,"PLA03",Fact_Extrapolated!$G$2:$G$781,1) -> 0 | F28: =IF(C28=0,0,E28/C28) -> 0 | G28: =INDEX('Materials Master'!$D$2:$D$27,MATCH(B28,'Materials Master'!$B$2:$B$27,0)) -> No
B29: Foams | C29: =SUMIFS(Fact_Extrapolated!$F$2:$F$781,Fact_Extrapolated!$C$2:$C$781,"PLA04") -> 3.1064775 | D29: =IF($B$10=0,0,C29/$B$10) -> 0.0010082604 | E29: =SUMIFS(Fact_Extrapolated!$F$2:$F$781,Fact_Extrapolated!$C$2:$C$781,"PLA04",Fact_Extrapolated!$G$2:$G$781,1) -> 0 | F29: =IF(C29=0,0,E29/C29) -> 0 | G29: =INDEX('Materials Master'!$D$2:$D$27,MATCH(B29,'Materials Master'!$B$2:$B$27,0)) -> No
A30: Organics | B30: Food Waste | C30: =SUMIFS(Fact_Extrapolated!$F$2:$F$781,Fact_Extrapolated!$C$2:$C$781,"ORG01") -> 1013.972 | D30: =IF($B$10=0,0,C30/$B$10) -> 0.32910197 | E30: =SUMIFS(Fact_Extrapolated!$F$2:$F$781,Fact_Extrapolated!$C$2:$C$781,"ORG01",Fact_Extrapolated!$G$2:$G$781,1) -> 247.30753 | F30: =IF(C30=0,0,E30/C30) -> 0.24389976 | G30: =INDEX('Materials Master'!$D$2:$D$27,MATCH(B30,'Materials Master'!$B$2:$B$27,0)) -> Yes
B31: Paper Fibers and Food-Soiled Paper (FSP) | C31: =SUMIFS(Fact_Extrapolated!$F$2:$F$781,Fact_Extrapolated!$C$2:$C$781,"ORG02") -> 205.97468 | D31: =IF($B$10=0,0,C31/$B$10) -> 0.066852609 | E31: =SUMIFS(Fact_Extrapolated!$F$2:$F$781,Fact_Extrapolated!$C$2:$C$781,"ORG02",Fact_Extrapolated!$G$2:$G$781,1) -> 0 | F31: =IF(C31=0,0,E31/C31) -> 0 | G31: =INDEX('Materials Master'!$D$2:$D$27,MATCH(B31,'Materials Master'!$B$2:$B$27,0)) -> No
B32: Fiber-based Compostable Serviceware | C32: =SUMIFS(Fact_Extrapolated!$F$2:$F$781,Fact_Extrapolated!$C$2:$C$781,"ORG03") -> 276.16374 | D32: =IF($B$10=0,0,C32/$B$10) -> 0.089633669 | E32: =SUMIFS(Fact_Extrapolated!$F$2:$F$781,Fact_Extrapolated!$C$2:$C$781,"ORG03",Fact_Extrapolated!$G$2:$G$781,1) -> 0 | F32: =IF(C32=0,0,E32/C32) -> 0 | G32: =INDEX('Materials Master'!$D$2:$D$27,MATCH(B32,'Materials Master'!$B$2:$B$27,0)) -> No
B33: PLA Compostable Serviceware | C33: =SUMIFS(Fact_Extrapolated!$F$2:$F$781,Fact_Extrapolated!$C$2:$C$781,"ORG04") -> 186.81217 | D33: =IF($B$10=0,0,C33/$B$10) -> 0.060633087 | E33: =SUMIFS(Fact_Extrapolated!$F$2:$F$781,Fact_Extrapolated!$C$2:$C$781,"ORG04",Fact_Extrapolated!$G$2:$G$781,1) -> 0 | F33: =IF(C33=0,0,E33/C33) -> 0 | G33: =INDEX('Materials Master'!$D$2:$D$27,MATCH(B33,'Materials Master'!$B$2:$B$27,0)) -> No
A34: Unacceptable | B34: E/U Waste | C34: =SUMIFS(Fact_Extrapolated!$F$2:$F$781,Fact_Extrapolated!$C$2:$C$781,"UNA01") -> 0 | D34: =IF($B$10=0,0,C34/$B$10) -> 0 | E34: =SUMIFS(Fact_Extrapolated!$F$2:$F$781,Fact_Extrapolated!$C$2:$C$781,"UNA01",Fact_Extrapolated!$G$2:$G$781,1) -> 0 | F34: =IF(C34=0,0,E34/C34) -> 0 | G34: =INDEX('Materials Master'!$D$2:$D$27,MATCH(B34,'Materials Master'!$B$2:$B$27,0)) -> Unacceptable
B35: Textiles | C35: =SUMIFS(Fact_Extrapolated!$F$2:$F$781,Fact_Extrapolated!$C$2:$C$781,"UNA02") -> 0.45748119 | D35: =IF($B$10=0,0,C35/$B$10) -> 0.00014848335 | E35: =SUMIFS(Fact_Extrapolated!$F$2:$F$781,Fact_Extrapolated!$C$2:$C$781,"UNA02",Fact_Extrapolated!$G$2:$G$781,1) -> 0 | F35: =IF(C35=0,0,E35/C35) -> 0 | G35: =INDEX('Materials Master'!$D$2:$D$27,MATCH(B35,'Materials Master'!$B$2:$B$27,0)) -> Unacceptable
B36: Other Unacceptable (specify) | C36: =SUMIFS(Fact_Extrapolated!$F$2:$F$781,Fact_Extrapolated!$C$2:$C$781,"UNA03") -> 3.2857477 | D36: =IF($B$10=0,0,C36/$B$10) -> 0.0010664456 | E36: =SUMIFS(Fact_Extrapolated!$F$2:$F$781,Fact_Extrapolated!$C$2:$C$781,"UNA03",Fact_Extrapolated!$G$2:$G$781,1) -> 0 | F36: =IF(C36=0,0,E36/C36) -> 0 | G36: =INDEX('Materials Master'!$D$2:$D$27,MATCH(B36,'Materials Master'!$B$2:$B$27,0)) -> Unacceptable
B37: Liquids | C37: =SUMIFS(Fact_Extrapolated!$F$2:$F$781,Fact_Extrapolated!$C$2:$C$781,"UNA04") -> 55.99676 | D37: =IF($B$10=0,0,C37/$B$10) -> 0.018174707 | E37: =SUMIFS(Fact_Extrapolated!$F$2:$F$781,Fact_Extrapolated!$C$2:$C$781,"UNA04",Fact_Extrapolated!$G$2:$G$781,1) -> 0 | F37: =IF(C37=0,0,E37/C37) -> 0 | G37: =INDEX('Materials Master'!$D$2:$D$27,MATCH(B37,'Materials Master'!$B$2:$B$27,0)) -> Unacceptable
A38: Other | B38: Snack Wrappers (Composites) | C38: =SUMIFS(Fact_Extrapolated!$F$2:$F$781,Fact_Extrapolated!$C$2:$C$781,"OTH01") -> 22.926266 | D38: =IF($B$10=0,0,C38/$B$10) -> 0.007441112 | E38: =SUMIFS(Fact_Extrapolated!$F$2:$F$781,Fact_Extrapolated!$C$2:$C$781,"OTH01",Fact_Extrapolated!$G$2:$G$781,1) -> 3.0717999 | F38: =IF(C38=0,0,E38/C38) -> 0.13398605 | G38: =INDEX('Materials Master'!$D$2:$D$27,MATCH(B38,'Materials Master'!$B$2:$B$27,0)) -> No
B39: Other/Residual Materials | C39: =SUMIFS(Fact_Extrapolated!$F$2:$F$781,Fact_Extrapolated!$C$2:$C$781,"OTH02") -> 214.67894 | D39: =IF($B$10=0,0,C39/$B$10) -> 0.069677724 | E39: =SUMIFS(Fact_Extrapolated!$F$2:$F$781,Fact_Extrapolated!$C$2:$C$781,"OTH02",Fact_Extrapolated!$G$2:$G$781,1) -> 0 | F39: =IF(C39=0,0,E39/C39) -> 0 | G39: =INDEX('Materials Master'!$D$2:$D$27,MATCH(B39,'Materials Master'!$B$2:$B$27,0)) -> No
A41: Total Waste Consumption
A42: Material Type | B42: Total Material Type Weight (lbs.) | C42: % of Total Waste Stream
A43: Fibers | B43: =SUM(C14:C21) -> 490.81637 | C43: =IF($B$10=0,0,B43/$B$10) -> 0.15930285
A44: Glass | B44: =SUM(C22:C23) -> 3.0136385 | C44: =IF($B$10=0,0,B44/$B$10) -> 0.00097812794
A45: Metals | B45: =SUM(C24:C25) -> 5.1895041 | C45: =IF($B$10=0,0,B45/$B$10) -> 0.0016843424
A46: Plastics | B46: =SUM(C26:C29) -> 394.43957 | C46: =IF($B$10=0,0,B46/$B$10) -> 0.12802211
A47: Organics | B47: =SUM(C30:C33) -> 1682.9226 | C47: =IF($B$10=0,0,B47/$B$10) -> 0.54622133
A48: Unacceptable | B48: =SUM(C34:C37) -> 59.739989 | C48: =IF($B$10=0,0,B48/$B$10) -> 0.019389636
A49: Other | B49: =SUM(C38:C39) -> 237.60521 | C49: =IF($B$10=0,0,B49/$B$10) -> 0.077118836
A50: Unsorted (not broken down by material) | B50: =$B$10-SUM(B43:B49) -> 207.3 | C50: =IF($B$10=0,0,B50/$B$10) -> 0.067282763
A51: Total | B51: =SUM(B43:B50) -> 3081.0269 | C51: =IF(B51=0,0,B51/$B$10) -> 1
A53: Waste Stream Contamination
A54: Generation Area | B54: Trash | C54: GMPC Recycling | D54: Organics Recycling | E54: Cardboard Recycling | F54: Paper Recycling | G54: Terracycle
A55: Rest of Building | B55: =IF((SUMIFS(Fact_PreSortWeights!$E$2:$E$186,Fact_PreSortWeights!$C$2:$C$186,"OFFICES",Fact_PreSortWeights!$B$2:$B$186,"Trash")+SUMIFS(Fact_PreSortWeights!$E$2:$E$186,Fact_PreSortWeights!$C$2:$C$186,"LOCATION C",Fact_PreSortWeights!$B$2:$B$186,"Trash")+SUMIFS(Fact_PreSortWeights!$E$2:$E$186,Fact_PreSortWeights!$C$2:$C$186,"LOCATION D",Fact_PreSortWeights!$B$2:$B$186,"Trash"))=0,0,1-SUMIFS(Fact_Extrapolated!$F$2:$F$781,Fact_Extrapolated!$I$2:$I$781,"Rest of Building",Fact_Extrapolated!$B$2:$B$781,"Trash",Fact_Extrapolated!$J$2:$J$781,1)/(SUMIFS(Fact_PreSortWeights!$E$2:$E$186,Fact_PreSortWeights!$C$2:$C$186,"OFFICES",Fact_PreSortWeights!$B$2:$B$186,"Trash")+SUMIFS(Fact_PreSortWeights!$E$2:$E$186,Fact_PreSortWeights!$C$2:$C$186,"LOCATION C",Fact_PreSortWeights!$B$2:$B$186,"Trash")+SUMIFS(Fact_PreSortWeights!$E$2:$E$186,Fact_PreSortWeights!$C$2:$C$186,"LOCATION D",Fact_PreSortWeights!$B$2:$B$186,"Trash"))) -> 0.41982676 | C55: =IF((SUMIFS(Fact_PreSortWeights!$E$2:$E$186,Fact_PreSortWeights!$C$2:$C$186,"OFFICES",Fact_PreSortWeights!$B$2:$B$186,"GMPC Recycling")+SUMIFS(Fact_PreSortWeights!$E$2:$E$186,Fact_PreSortWeights!$C$2:$C$186,"LOCATION C",Fact_PreSortWeights!$B$2:$B$186,"GMPC Recycling")+SUMIFS(Fact_PreSortWeights!$E$2:$E$186,Fact_PreSortWeights!$C$2:$C$186,"LOCATION D",Fact_PreSortWeights!$B$2:$B$186,"GMPC Recycling"))=0,0,1-SUMIFS(Fact_Extrapolated!$F$2:$F$781,Fact_Extrapolated!$I$2:$I$781,"Rest of Building",Fact_Extrapolated!$B$2:$B$781,"GMPC Recycling",Fact_Extrapolated!$J$2:$J$781,1)/(SUMIFS(Fact_PreSortWeights!$E$2:$E$186,Fact_PreSortWeights!$C$2:$C$186,"OFFICES",Fact_PreSortWeights!$B$2:$B$186,"GMPC Recycling")+SUMIFS(Fact_PreSortWeights!$E$2:$E$186,Fact_PreSortWeights!$C$2:$C$186,"LOCATION C",Fact_PreSortWeights!$B$2:$B$186,"GMPC Recycling")+SUMIFS(Fact_PreSortWeights!$E$2:$E$186,Fact_PreSortWeights!$C$2:$C$186,"LOCATION D",Fact_PreSortWeights!$B$2:$B$186,"GMPC Recycling"))) -> 0.79213618 | D55: =IF((SUMIFS(Fact_PreSortWeights!$E$2:$E$186,Fact_PreSortWeights!$C$2:$C$186,"OFFICES",Fact_PreSortWeights!$B$2:$B$186,"Organics Recycling")+SUMIFS(Fact_PreSortWeights!$E$2:$E$186,Fact_PreSortWeights!$C$2:$C$186,"LOCATION C",Fact_PreSortWeights!$B$2:$B$186,"Organics Recycling")+SUMIFS(Fact_PreSortWeights!$E$2:$E$186,Fact_PreSortWeights!$C$2:$C$186,"LOCATION D",Fact_PreSortWeights!$B$2:$B$186,"Organics Recycling"))=0,0,1-SUMIFS(Fact_Extrapolated!$F$2:$F$781,Fact_Extrapolated!$I$2:$I$781,"Rest of Building",Fact_Extrapolated!$B$2:$B$781,"Organics Recycling",Fact_Extrapolated!$J$2:$J$781,1)/(SUMIFS(Fact_PreSortWeights!$E$2:$E$186,Fact_PreSortWeights!$C$2:$C$186,"OFFICES",Fact_PreSortWeights!$B$2:$B$186,"Organics Recycling")+SUMIFS(Fact_PreSortWeights!$E$2:$E$186,Fact_PreSortWeights!$C$2:$C$186,"LOCATION C",Fact_PreSortWeights!$B$2:$B$186,"Organics Recycling")+SUMIFS(Fact_PreSortWeights!$E$2:$E$186,Fact_PreSortWeights!$C$2:$C$186,"LOCATION D",Fact_PreSortWeights!$B$2:$B$186,"Organics Recycling"))) -> 0.67111727 | E55: =IF((SUMIFS(Fact_SortedWeights!$E$2:$E$89,Fact_SortedWeights!$C$2:$C$89,"OFFICES",Fact_SortedWeights!$B$2:$B$89,"Cardboard Recycling")+SUMIFS(Fact_SortedWeights!$E$2:$E$89,Fact_SortedWeights!$C$2:$C$89,"LOCATION C",Fact_SortedWeights!$B$2:$B$89,"Cardboard Recycling")+SUMIFS(Fact_SortedWeights!$E$2:$E$89,Fact_SortedWeights!$C$2:$C$89,"LOCATION D",Fact_SortedWeights!$B$2:$B$89,"Cardboard Recycling"))=0,0,1-SUMIFS(Fact_Extrapolated!$F$2:$F$781,Fact_Extrapolated!$I$2:$I$781,"Rest of Building",Fact_Extrapolated!$B$2:$B$781,"Cardboard Recycling",Fact_Extrapolated!$J$2:$J$781,1)/(SUMIFS(Fact_SortedWeights!$E$2:$E$89,Fact_SortedWeights!$C$2:$C$89,"OFFICES",Fact_SortedWeights!$B$2:$B$89,"Cardboard Recycling")+SUMIFS(Fact_SortedWeights!$E$2:$E$89,Fact_SortedWeights!$C$2:$C$89,"LOCATION C",Fact_SortedWeights!$B$2:$B$89,"Cardboard Recycling")+SUMIFS(Fact_SortedWeights!$E$2:$E$89,Fact_SortedWeights!$C$2:$C$89,"LOCATION D",Fact_SortedWeights!$B$2:$B$89,"Cardboard Recycling"))) -> 0.041974334 | F55: =IF((SUMIFS(Fact_PreSortWeights!$E$2:$E$186,Fact_PreSortWeights!$C$2:$C$186,"OFFICES",Fact_PreSortWeights!$B$2:$B$186,"Paper Recycling")+SUMIFS(Fact_PreSortWeights!$E$2:$E$186,Fact_PreSortWeights!$C$2:$C$186,"LOCATION C",Fact_PreSortWeights!$B$2:$B$186,"Paper Recycling")+SUMIFS(Fact_PreSortWeights!$E$2:$E$186,Fact_PreSortWeights!$C$2:$C$186,"LOCATION D",Fact_PreSortWeights!$B$2:$B$186,"Paper Recycling"))=0,0,1-SUMIFS(Fact_Extrapolated!$F$2:$F$781,Fact_Extrapolated!$I$2:$I$781,"Rest of Building",Fact_Extrapolated!$B$2:$B$781,"Paper Recycling",Fact_Extrapolated!$J$2:$J$781,1)/(SUMIFS(Fact_PreSortWeights!$E$2:$E$186,Fact_PreSortWeights!$C$2:$C$186,"OFFICES",Fact_PreSortWeights!$B$2:$B$186,"Paper Recycling")+SUMIFS(Fact_PreSortWeights!$E$2:$E$186,Fact_PreSortWeights!$C$2:$C$186,"LOCATION C",Fact_PreSortWeights!$B$2:$B$186,"Paper Recycling")+SUMIFS(Fact_PreSortWeights!$E$2:$E$186,Fact_PreSortWeights!$C$2:$C$186,"LOCATION D",Fact_PreSortWeights!$B$2:$B$186,"Paper Recycling"))) -> 0.0045780021 | G55: =IF((SUMIFS(Fact_PreSortWeights!$E$2:$E$186,Fact_PreSortWeights!$C$2:$C$186,"OFFICES",Fact_PreSortWeights!$B$2:$B$186,"Terracycle")+SUMIFS(Fact_PreSortWeights!$E$2:$E$186,Fact_PreSortWeights!$C$2:$C$186,"LOCATION C",Fact_PreSortWeights!$B$2:$B$186,"Terracycle")+SUMIFS(Fact_PreSortWeights!$E$2:$E$186,Fact_PreSortWeights!$C$2:$C$186,"LOCATION D",Fact_PreSortWeights!$B$2:$B$186,"Terracycle"))=0,0,1-SUMIFS(Fact_Extrapolated!$F$2:$F$781,Fact_Extrapolated!$I$2:$I$781,"Rest of Building",Fact_Extrapolated!$B$2:$B$781,"Terracycle",Fact_Extrapolated!$J$2:$J$781,1)/(SUMIFS(Fact_PreSortWeights!$E$2:$E$186,Fact_PreSortWeights!$C$2:$C$186,"OFFICES",Fact_PreSortWeights!$B$2:$B$186,"Terracycle")+SUMIFS(Fact_PreSortWeights!$E$2:$E$186,Fact_PreSortWeights!$C$2:$C$186,"LOCATION C",Fact_PreSortWeights!$B$2:$B$186,"Terracycle")+SUMIFS(Fact_PreSortWeights!$E$2:$E$186,Fact_PreSortWeights!$C$2:$C$186,"LOCATION D",Fact_PreSortWeights!$B$2:$B$186,"Terracycle"))) -> 0.040062537
A56: BOH | B56: =IF((SUMIFS(Fact_PreSortWeights!$E$2:$E$186,Fact_PreSortWeights!$C$2:$C$186,"CAFÉ BOH",Fact_PreSortWeights!$B$2:$B$186,"Trash"))=0,0,1-SUMIFS(Fact_Extrapolated!$F$2:$F$781,Fact_Extrapolated!$I$2:$I$781,"BOH",Fact_Extrapolated!$B$2:$B$781,"Trash",Fact_Extrapolated!$J$2:$J$781,1)/(SUMIFS(Fact_PreSortWeights!$E$2:$E$186,Fact_PreSortWeights!$C$2:$C$186,"CAFÉ BOH",Fact_PreSortWeights!$B$2:$B$186,"Trash"))) -> 0.6705629 | C56: =IF((SUMIFS(Fact_PreSortWeights!$E$2:$E$186,Fact_PreSortWeights!$C$2:$C$186,"CAFÉ BOH",Fact_PreSortWeights!$B$2:$B$186,"GMPC Recycling"))=0,0,1-SUMIFS(Fact_Extrapolated!$F$2:$F$781,Fact_Extrapolated!$I$2:$I$781,"BOH",Fact_Extrapolated!$B$2:$B$781,"GMPC Recycling",Fact_Extrapolated!$J$2:$J$781,1)/(SUMIFS(Fact_PreSortWeights!$E$2:$E$186,Fact_PreSortWeights!$C$2:$C$186,"CAFÉ BOH",Fact_PreSortWeights!$B$2:$B$186,"GMPC Recycling"))) -> 0.78419811 | D56: =IF((SUMIFS(Fact_PreSortWeights!$E$2:$E$186,Fact_PreSortWeights!$C$2:$C$186,"CAFÉ BOH",Fact_PreSortWeights!$B$2:$B$186,"Organics Recycling"))=0,0,1-SUMIFS(Fact_Extrapolated!$F$2:$F$781,Fact_Extrapolated!$I$2:$I$781,"BOH",Fact_Extrapolated!$B$2:$B$781,"Organics Recycling",Fact_Extrapolated!$J$2:$J$781,1)/(SUMIFS(Fact_PreSortWeights!$E$2:$E$186,Fact_PreSortWeights!$C$2:$C$186,"CAFÉ BOH",Fact_PreSortWeights!$B$2:$B$186,"Organics Recycling"))) -> 0.23684799 | E56: =IF((SUMIFS(Fact_SortedWeights!$E$2:$E$89,Fact_SortedWeights!$C$2:$C$89,"CAFÉ BOH",Fact_SortedWeights!$B$2:$B$89,"Cardboard Recycling"))=0,0,1-SUMIFS(Fact_Extrapolated!$F$2:$F$781,Fact_Extrapolated!$I$2:$I$781,"BOH",Fact_Extrapolated!$B$2:$B$781,"Cardboard Recycling",Fact_Extrapolated!$J$2:$J$781,1)/(SUMIFS(Fact_SortedWeights!$E$2:$E$89,Fact_SortedWeights!$C$2:$C$89,"CAFÉ BOH",Fact_SortedWeights!$B$2:$B$89,"Cardboard Recycling"))) -> 0 | F56: =IF((SUMIFS(Fact_PreSortWeights!$E$2:$E$186,Fact_PreSortWeights!$C$2:$C$186,"CAFÉ BOH",Fact_PreSortWeights!$B$2:$B$186,"Paper Recycling"))=0,0,1-SUMIFS(Fact_Extrapolated!$F$2:$F$781,Fact_Extrapolated!$I$2:$I$781,"BOH",Fact_Extrapolated!$B$2:$B$781,"Paper Recycling",Fact_Extrapolated!$J$2:$J$781,1)/(SUMIFS(Fact_PreSortWeights!$E$2:$E$186,Fact_PreSortWeights!$C$2:$C$186,"CAFÉ BOH",Fact_PreSortWeights!$B$2:$B$186,"Paper Recycling"))) -> 0 | G56: =IF((SUMIFS(Fact_PreSortWeights!$E$2:$E$186,Fact_PreSortWeights!$C$2:$C$186,"CAFÉ BOH",Fact_PreSortWeights!$B$2:$B$186,"Terracycle"))=0,0,1-SUMIFS(Fact_Extrapolated!$F$2:$F$781,Fact_Extrapolated!$I$2:$I$781,"BOH",Fact_Extrapolated!$B$2:$B$781,"Terracycle",Fact_Extrapolated!$J$2:$J$781,1)/(SUMIFS(Fact_PreSortWeights!$E$2:$E$186,Fact_PreSortWeights!$C$2:$C$186,"CAFÉ BOH",Fact_PreSortWeights!$B$2:$B$186,"Terracycle"))) -> 0
A57: Total | B57: =IF((SUMIFS(Fact_PreSortWeights!$E$2:$E$186,Fact_PreSortWeights!$C$2:$C$186,"OFFICES",Fact_PreSortWeights!$B$2:$B$186,"Trash")+SUMIFS(Fact_PreSortWeights!$E$2:$E$186,Fact_PreSortWeights!$C$2:$C$186,"CAFÉ BOH",Fact_PreSortWeights!$B$2:$B$186,"Trash")+SUMIFS(Fact_PreSortWeights!$E$2:$E$186,Fact_PreSortWeights!$C$2:$C$186,"LOCATION C",Fact_PreSortWeights!$B$2:$B$186,"Trash")+SUMIFS(Fact_PreSortWeights!$E$2:$E$186,Fact_PreSortWeights!$C$2:$C$186,"LOCATION D",Fact_PreSortWeights!$B$2:$B$186,"Trash"))=0,0,1-SUMIFS(Fact_Extrapolated!$F$2:$F$781,Fact_Extrapolated!$B$2:$B$781,"Trash",Fact_Extrapolated!$J$2:$J$781,1)/(SUMIFS(Fact_PreSortWeights!$E$2:$E$186,Fact_PreSortWeights!$C$2:$C$186,"OFFICES",Fact_PreSortWeights!$B$2:$B$186,"Trash")+SUMIFS(Fact_PreSortWeights!$E$2:$E$186,Fact_PreSortWeights!$C$2:$C$186,"CAFÉ BOH",Fact_PreSortWeights!$B$2:$B$186,"Trash")+SUMIFS(Fact_PreSortWeights!$E$2:$E$186,Fact_PreSortWeights!$C$2:$C$186,"LOCATION C",Fact_PreSortWeights!$B$2:$B$186,"Trash")+SUMIFS(Fact_PreSortWeights!$E$2:$E$186,Fact_PreSortWeights!$C$2:$C$186,"LOCATION D",Fact_PreSortWeights!$B$2:$B$186,"Trash"))) -> 0.57575816 | C57: =IF((SUMIFS(Fact_PreSortWeights!$E$2:$E$186,Fact_PreSortWeights!$C$2:$C$186,"OFFICES",Fact_PreSortWeights!$B$2:$B$186,"GMPC Recycling")+SUMIFS(Fact_PreSortWeights!$E$2:$E$186,Fact_PreSortWeights!$C$2:$C$186,"CAFÉ BOH",Fact_PreSortWeights!$B$2:$B$186,"GMPC Recycling")+SUMIFS(Fact_PreSortWeights!$E$2:$E$186,Fact_PreSortWeights!$C$2:$C$186,"LOCATION C",Fact_PreSortWeights!$B$2:$B$186,"GMPC Recycling")+SUMIFS(Fact_PreSortWeights!$E$2:$E$186,Fact_PreSortWeights!$C$2:$C$186,"LOCATION D",Fact_PreSortWeights!$B$2:$B$186,"GMPC Recycling"))=0,0,1-SUMIFS(Fact_Extrapolated!$F$2:$F$781,Fact_Extrapolated!$B$2:$B$781,"GMPC Recycling",Fact_Extrapolated!$J$2:$J$781,1)/(SUMIFS(Fact_PreSortWeights!$E$2:$E$186,Fact_PreSortWeights!$C$2:$C$186,"OFFICES",Fact_PreSortWeights!$B$2:$B$186,"GMPC Recycling")+SUMIFS(Fact_PreSortWeights!$E$2:$E$186,Fact_PreSortWeights!$C$2:$C$186,"CAFÉ BOH",Fact_PreSortWeights!$B$2:$B$186,"GMPC Recycling")+SUMIFS(Fact_PreSortWeights!$E$2:$E$186,Fact_PreSortWeights!$C$2:$C$186,"LOCATION C",Fact_PreSortWeights!$B$2:$B$186,"GMPC Recycling")+SUMIFS(Fact_PreSortWeights!$E$2:$E$186,Fact_PreSortWeights!$C$2:$C$186,"LOCATION D",Fact_PreSortWeights!$B$2:$B$186,"GMPC Recycling"))) -> 0.7912932 | D57: =IF((SUMIFS(Fact_PreSortWeights!$E$2:$E$186,Fact_PreSortWeights!$C$2:$C$186,"OFFICES",Fact_PreSortWeights!$B$2:$B$186,"Organics Recycling")+SUMIFS(Fact_PreSortWeights!$E$2:$E$186,Fact_PreSortWeights!$C$2:$C$186,"CAFÉ BOH",Fact_PreSortWeights!$B$2:$B$186,"Organics Recycling")+SUMIFS(Fact_PreSortWeights!$E$2:$E$186,Fact_PreSortWeights!$C$2:$C$186,"LOCATION C",Fact_PreSortWeights!$B$2:$B$186,"Organics Recycling")+SUMIFS(Fact_PreSortWeights!$E$2:$E$186,Fact_PreSortWeights!$C$2:$C$186,"LOCATION D",Fact_PreSortWeights!$B$2:$B$186,"Organics Recycling"))=0,0,1-SUMIFS(Fact_Extrapolated!$F$2:$F$781,Fact_Extrapolated!$B$2:$B$781,"Organics Recycling",Fact_Extrapolated!$J$2:$J$781,1)/(SUMIFS(Fact_PreSortWeights!$E$2:$E$186,Fact_PreSortWeights!$C$2:$C$186,"OFFICES",Fact_PreSortWeights!$B$2:$B$186,"Organics Recycling")+SUMIFS(Fact_PreSortWeights!$E$2:$E$186,Fact_PreSortWeights!$C$2:$C$186,"CAFÉ BOH",Fact_PreSortWeights!$B$2:$B$186,"Organics Recycling")+SUMIFS(Fact_PreSortWeights!$E$2:$E$186,Fact_PreSortWeights!$C$2:$C$186,"LOCATION C",Fact_PreSortWeights!$B$2:$B$186,"Organics Recycling")+SUMIFS(Fact_PreSortWeights!$E$2:$E$186,Fact_PreSortWeights!$C$2:$C$186,"LOCATION D",Fact_PreSortWeights!$B$2:$B$186,"Organics Recycling"))) -> 0.61084575 | E57: =IF((SUMIFS(Fact_SortedWeights!$E$2:$E$89,Fact_SortedWeights!$C$2:$C$89,"OFFICES",Fact_SortedWeights!$B$2:$B$89,"Cardboard Recycling")+SUMIFS(Fact_SortedWeights!$E$2:$E$89,Fact_SortedWeights!$C$2:$C$89,"CAFÉ BOH",Fact_SortedWeights!$B$2:$B$89,"Cardboard Recycling")+SUMIFS(Fact_SortedWeights!$E$2:$E$89,Fact_SortedWeights!$C$2:$C$89,"LOCATION C",Fact_SortedWeights!$B$2:$B$89,"Cardboard Recycling")+SUMIFS(Fact_SortedWeights!$E$2:$E$89,Fact_SortedWeights!$C$2:$C$89,"LOCATION D",Fact_SortedWeights!$B$2:$B$89,"Cardboard Recycling"))=0,0,1-SUMIFS(Fact_Extrapolated!$F$2:$F$781,Fact_Extrapolated!$B$2:$B$781,"Cardboard Recycling",Fact_Extrapolated!$J$2:$J$781,1)/(SUMIFS(Fact_SortedWeights!$E$2:$E$89,Fact_SortedWeights!$C$2:$C$89,"OFFICES",Fact_SortedWeights!$B$2:$B$89,"Cardboard Recycling")+SUMIFS(Fact_SortedWeights!$E$2:$E$89,Fact_SortedWeights!$C$2:$C$89,"CAFÉ BOH",Fact_SortedWeights!$B$2:$B$89,"Cardboard Recycling")+SUMIFS(Fact_SortedWeights!$E$2:$E$89,Fact_SortedWeights!$C$2:$C$89,"LOCATION C",Fact_SortedWeights!$B$2:$B$89,"Cardboard Recycling")+SUMIFS(Fact_SortedWeights!$E$2:$E$89,Fact_SortedWeights!$C$2:$C$89,"LOCATION D",Fact_SortedWeights!$B$2:$B$89,"Cardboard Recycling"))) -> 0.041974334 | F57: =IF((SUMIFS(Fact_PreSortWeights!$E$2:$E$186,Fact_PreSortWeights!$C$2:$C$186,"OFFICES",Fact_PreSortWeights!$B$2:$B$186,"Paper Recycling")+SUMIFS(Fact_PreSortWeights!$E$2:$E$186,Fact_PreSortWeights!$C$2:$C$186,"CAFÉ BOH",Fact_PreSortWeights!$B$2:$B$186,"Paper Recycling")+SUMIFS(Fact_PreSortWeights!$E$2:$E$186,Fact_PreSortWeights!$C$2:$C$186,"LOCATION C",Fact_PreSortWeights!$B$2:$B$186,"Paper Recycling")+SUMIFS(Fact_PreSortWeights!$E$2:$E$186,Fact_PreSortWeights!$C$2:$C$186,"LOCATION D",Fact_PreSortWeights!$B$2:$B$186,"Paper Recycling"))=0,0,1-SUMIFS(Fact_Extrapolated!$F$2:$F$781,Fact_Extrapolated!$B$2:$B$781,"Paper Recycling",Fact_Extrapolated!$J$2:$J$781,1)/(SUMIFS(Fact_PreSortWeights!$E$2:$E$186,Fact_PreSortWeights!$C$2:$C$186,"OFFICES",Fact_PreSortWeights!$B$2:$B$186,"Paper Recycling")+SUMIFS(Fact_PreSortWeights!$E$2:$E$186,Fact_PreSortWeights!$C$2:$C$186,"CAFÉ BOH",Fact_PreSortWeights!$B$2:$B$186,"Paper Recycling")+SUMIFS(Fact_PreSortWeights!$E$2:$E$186,Fact_PreSortWeights!$C$2:$C$186,"LOCATION C",Fact_PreSortWeights!$B$2:$B$186,"Paper Recycling")+SUMIFS(Fact_PreSortWeights!$E$2:$E$186,Fact_PreSortWeights!$C$2:$C$186,"LOCATION D",Fact_PreSortWeights!$B$2:$B$186,"Paper Recycling"))) -> 0.0045780021 | G57: =IF((SUMIFS(Fact_PreSortWeights!$E$2:$E$186,Fact_PreSortWeights!$C$2:$C$186,"OFFICES",Fact_PreSortWeights!$B$2:$B$186,"Terracycle")+SUMIFS(Fact_PreSortWeights!$E$2:$E$186,Fact_PreSortWeights!$C$2:$C$186,"CAFÉ BOH",Fact_PreSortWeights!$B$2:$B$186,"Terracycle")+SUMIFS(Fact_PreSortWeights!$E$2:$E$186,Fact_PreSortWeights!$C$2:$C$186,"LOCATION C",Fact_PreSortWeights!$B$2:$B$186,"Terracycle")+SUMIFS(Fact_PreSortWeights!$E$2:$E$186,Fact_PreSortWeights!$C$2:$C$186,"LOCATION D",Fact_PreSortWeights!$B$2:$B$186,"Terracycle"))=0,0,1-SUMIFS(Fact_Extrapolated!$F$2:$F$781,Fact_Extrapolated!$B$2:$B$781,"Terracycle",Fact_Extrapolated!$J$2:$J$781,1)/(SUMIFS(Fact_PreSortWeights!$E$2:$E$186,Fact_PreSortWeights!$C$2:$C$186,"OFFICES",Fact_PreSortWeights!$B$2:$B$186,"Terracycle")+SUMIFS(Fact_PreSortWeights!$E$2:$E$186,Fact_PreSortWeights!$C$2:$C$186,"CAFÉ BOH",Fact_PreSortWeights!$B$2:$B$186,"Terracycle")+SUMIFS(Fact_PreSortWeights!$E$2:$E$186,Fact_PreSortWeights!$C$2:$C$186,"LOCATION C",Fact_PreSortWeights!$B$2:$B$186,"Terracycle")+SUMIFS(Fact_PreSortWeights!$E$2:$E$186,Fact_PreSortWeights!$C$2:$C$186,"LOCATION D",Fact_PreSortWeights!$B$2:$B$186,"Terracycle"))) -> 0.040062537
A59: Current v Potential Diversion
A60: Generation Area | B60: Current Diversion Rate | C60: Potential Diversion Rate | D60: Current v Potential (Percentage Point) Gap
A61: Rest of Building | B61: =IF((SUMIFS(Fact_PreSortWeights!$E$2:$E$186,Fact_PreSortWeights!$C$2:$C$186,"OFFICES")+SUMIFS(Fact_SortedWeights!$E$2:$E$89,Fact_SortedWeights!$C$2:$C$89,"OFFICES",Fact_SortedWeights!$B$2:$B$89,"Cardboard Recycling")+SUMIFS(Fact_PreSortWeights!$E$2:$E$186,Fact_PreSortWeights!$C$2:$C$186,"LOCATION C")+SUMIFS(Fact_SortedWeights!$E$2:$E$89,Fact_SortedWeights!$C$2:$C$89,"LOCATION C",Fact_SortedWeights!$B$2:$B$89,"Cardboard Recycling")+SUMIFS(Fact_PreSortWeights!$E$2:$E$186,Fact_PreSortWeights!$C$2:$C$186,"LOCATION D")+SUMIFS(Fact_SortedWeights!$E$2:$E$89,Fact_SortedWeights!$C$2:$C$89,"LOCATION D",Fact_SortedWeights!$B$2:$B$89,"Cardboard Recycling")+SUMIFS(Fact_PreSortWeights!$E$2:$E$186,Fact_PreSortWeights!$C$2:$C$186,"BATHROOM")+SUMIFS(Fact_SortedWeights!$E$2:$E$89,Fact_SortedWeights!$C$2:$C$89,"BATHROOM",Fact_SortedWeights!$B$2:$B$89,"Cardboard Recycling"))=0,0,SUMIFS(Fact_Extrapolated!$F$2:$F$781,Fact_Extrapolated!$I$2:$I$781,"Rest of Building",Fact_Extrapolated!$G$2:$G$781,1)/(SUMIFS(Fact_PreSortWeights!$E$2:$E$186,Fact_PreSortWeights!$C$2:$C$186,"OFFICES")+SUMIFS(Fact_SortedWeights!$E$2:$E$89,Fact_SortedWeights!$C$2:$C$89,"OFFICES",Fact_SortedWeights!$B$2:$B$89,"Cardboard Recycling")+SUMIFS(Fact_PreSortWeights!$E$2:$E$186,Fact_PreSortWeights!$C$2:$C$186,"LOCATION C")+SUMIFS(Fact_SortedWeights!$E$2:$E$89,Fact_SortedWeights!$C$2:$C$89,"LOCATION C",Fact_SortedWeights!$B$2:$B$89,"Cardboard Recycling")+SUMIFS(Fact_PreSortWeights!$E$2:$E$186,Fact_PreSortWeights!$C$2:$C$186,"LOCATION D")+SUMIFS(Fact_SortedWeights!$E$2:$E$89,Fact_SortedWeights!$C$2:$C$89,"LOCATION D",Fact_SortedWeights!$B$2:$B$89,"Cardboard Recycling")+SUMIFS(Fact_PreSortWeights!$E$2:$E$186,Fact_PreSortWeights!$C$2:$C$186,"BATHROOM")+SUMIFS(Fact_SortedWeights!$E$2:$E$89,Fact_SortedWeights!$C$2:$C$89,"BATHROOM",Fact_SortedWeights!$B$2:$B$89,"Cardboard Recycling"))) -> 0.29298626 | C61: =IF((SUMIFS(Fact_PreSortWeights!$E$2:$E$186,Fact_PreSortWeights!$C$2:$C$186,"OFFICES")+SUMIFS(Fact_SortedWeights!$E$2:$E$89,Fact_SortedWeights!$C$2:$C$89,"OFFICES",Fact_SortedWeights!$B$2:$B$89,"Cardboard Recycling")+SUMIFS(Fact_PreSortWeights!$E$2:$E$186,Fact_PreSortWeights!$C$2:$C$186,"LOCATION C")+SUMIFS(Fact_SortedWeights!$E$2:$E$89,Fact_SortedWeights!$C$2:$C$89,"LOCATION C",Fact_SortedWeights!$B$2:$B$89,"Cardboard Recycling")+SUMIFS(Fact_PreSortWeights!$E$2:$E$186,Fact_PreSortWeights!$C$2:$C$186,"LOCATION D")+SUMIFS(Fact_SortedWeights!$E$2:$E$89,Fact_SortedWeights!$C$2:$C$89,"LOCATION D",Fact_SortedWeights!$B$2:$B$89,"Cardboard Recycling")+SUMIFS(Fact_PreSortWeights!$E$2:$E$186,Fact_PreSortWeights!$C$2:$C$186,"BATHROOM")+SUMIFS(Fact_SortedWeights!$E$2:$E$89,Fact_SortedWeights!$C$2:$C$89,"BATHROOM",Fact_SortedWeights!$B$2:$B$89,"Cardboard Recycling"))=0,0,SUMIFS(Fact_Extrapolated!$F$2:$F$781,Fact_Extrapolated!$I$2:$I$781,"Rest of Building",Fact_Extrapolated!$H$2:$H$781,"Yes")/(SUMIFS(Fact_PreSortWeights!$E$2:$E$186,Fact_PreSortWeights!$C$2:$C$186,"OFFICES")+SUMIFS(Fact_SortedWeights!$E$2:$E$89,Fact_SortedWeights!$C$2:$C$89,"OFFICES",Fact_SortedWeights!$B$2:$B$89,"Cardboard Recycling")+SUMIFS(Fact_PreSortWeights!$E$2:$E$186,Fact_PreSortWeights!$C$2:$C$186,"LOCATION C")+SUMIFS(Fact_SortedWeights!$E$2:$E$89,Fact_SortedWeights!$C$2:$C$89,"LOCATION C",Fact_SortedWeights!$B$2:$B$89,"Cardboard Recycling")+SUMIFS(Fact_PreSortWeights!$E$2:$E$186,Fact_PreSortWeights!$C$2:$C$186,"LOCATION D")+SUMIFS(Fact_SortedWeights!$E$2:$E$89,Fact_SortedWeights!$C$2:$C$89,"LOCATION D",Fact_SortedWeights!$B$2:$B$89,"Cardboard Recycling")+SUMIFS(Fact_PreSortWeights!$E$2:$E$186,Fact_PreSortWeights!$C$2:$C$186,"BATHROOM")+SUMIFS(Fact_SortedWeights!$E$2:$E$89,Fact_SortedWeights!$C$2:$C$89,"BATHROOM",Fact_SortedWeights!$B$2:$B$89,"Cardboard Recycling"))) -> 0.48625351 | D61: =C61-B61 -> 0.19326725
A62: BOH | B62: =IF((SUMIFS(Fact_PreSortWeights!$E$2:$E$186,Fact_PreSortWeights!$C$2:$C$186,"CAFÉ BOH")+SUMIFS(Fact_SortedWeights!$E$2:$E$89,Fact_SortedWeights!$C$2:$C$89,"CAFÉ BOH",Fact_SortedWeights!$B$2:$B$89,"Cardboard Recycling"))=0,0,SUMIFS(Fact_Extrapolated!$F$2:$F$781,Fact_Extrapolated!$I$2:$I$781,"BOH",Fact_Extrapolated!$G$2:$G$781,1)/(SUMIFS(Fact_PreSortWeights!$E$2:$E$186,Fact_PreSortWeights!$C$2:$C$186,"CAFÉ BOH")+SUMIFS(Fact_SortedWeights!$E$2:$E$89,Fact_SortedWeights!$C$2:$C$89,"CAFÉ BOH",Fact_SortedWeights!$B$2:$B$89,"Cardboard Recycling"))) -> 0.055706134 | C62: =IF((SUMIFS(Fact_PreSortWeights!$E$2:$E$186,Fact_PreSortWeights!$C$2:$C$186,"CAFÉ BOH")+SUMIFS(Fact_SortedWeights!$E$2:$E$89,Fact_SortedWeights!$C$2:$C$89,"CAFÉ BOH",Fact_SortedWeights!$B$2:$B$89,"Cardboard Recycling"))=0,0,SUMIFS(Fact_Extrapolated!$F$2:$F$781,Fact_Extrapolated!$I$2:$I$781,"BOH",Fact_Extrapolated!$H$2:$H$781,"Yes")/(SUMIFS(Fact_PreSortWeights!$E$2:$E$186,Fact_PreSortWeights!$C$2:$C$186,"CAFÉ BOH")+SUMIFS(Fact_SortedWeights!$E$2:$E$89,Fact_SortedWeights!$C$2:$C$89,"CAFÉ BOH",Fact_SortedWeights!$B$2:$B$89,"Cardboard Recycling"))) -> 0.68346297 | D62: =C62-B62 -> 0.62775683
A63: Total | B63: =IF((SUMIFS(Fact_PreSortWeights!$E$2:$E$186,Fact_PreSortWeights!$C$2:$C$186,"OFFICES")+SUMIFS(Fact_SortedWeights!$E$2:$E$89,Fact_SortedWeights!$C$2:$C$89,"OFFICES",Fact_SortedWeights!$B$2:$B$89,"Cardboard Recycling")+SUMIFS(Fact_PreSortWeights!$E$2:$E$186,Fact_PreSortWeights!$C$2:$C$186,"CAFÉ BOH")+SUMIFS(Fact_SortedWeights!$E$2:$E$89,Fact_SortedWeights!$C$2:$C$89,"CAFÉ BOH",Fact_SortedWeights!$B$2:$B$89,"Cardboard Recycling")+SUMIFS(Fact_PreSortWeights!$E$2:$E$186,Fact_PreSortWeights!$C$2:$C$186,"LOCATION C")+SUMIFS(Fact_SortedWeights!$E$2:$E$89,Fact_SortedWeights!$C$2:$C$89,"LOCATION C",Fact_SortedWeights!$B$2:$B$89,"Cardboard Recycling")+SUMIFS(Fact_PreSortWeights!$E$2:$E$186,Fact_PreSortWeights!$C$2:$C$186,"LOCATION D")+SUMIFS(Fact_SortedWeights!$E$2:$E$89,Fact_SortedWeights!$C$2:$C$89,"LOCATION D",Fact_SortedWeights!$B$2:$B$89,"Cardboard Recycling")+SUMIFS(Fact_PreSortWeights!$E$2:$E$186,Fact_PreSortWeights!$C$2:$C$186,"BATHROOM")+SUMIFS(Fact_SortedWeights!$E$2:$E$89,Fact_SortedWeights!$C$2:$C$89,"BATHROOM",Fact_SortedWeights!$B$2:$B$89,"Cardboard Recycling"))=0,0,SUMIFS(Fact_Extrapolated!$F$2:$F$781,Fact_Extrapolated!$G$2:$G$781,1)/(SUMIFS(Fact_PreSortWeights!$E$2:$E$186,Fact_PreSortWeights!$C$2:$C$186,"OFFICES")+SUMIFS(Fact_SortedWeights!$E$2:$E$89,Fact_SortedWeights!$C$2:$C$89,"OFFICES",Fact_SortedWeights!$B$2:$B$89,"Cardboard Recycling")+SUMIFS(Fact_PreSortWeights!$E$2:$E$186,Fact_PreSortWeights!$C$2:$C$186,"CAFÉ BOH")+SUMIFS(Fact_SortedWeights!$E$2:$E$89,Fact_SortedWeights!$C$2:$C$89,"CAFÉ BOH",Fact_SortedWeights!$B$2:$B$89,"Cardboard Recycling")+SUMIFS(Fact_PreSortWeights!$E$2:$E$186,Fact_PreSortWeights!$C$2:$C$186,"LOCATION C")+SUMIFS(Fact_SortedWeights!$E$2:$E$89,Fact_SortedWeights!$C$2:$C$89,"LOCATION C",Fact_SortedWeights!$B$2:$B$89,"Cardboard Recycling")+SUMIFS(Fact_PreSortWeights!$E$2:$E$186,Fact_PreSortWeights!$C$2:$C$186,"LOCATION D")+SUMIFS(Fact_SortedWeights!$E$2:$E$89,Fact_SortedWeights!$C$2:$C$89,"LOCATION D",Fact_SortedWeights!$B$2:$B$89,"Cardboard Recycling")+SUMIFS(Fact_PreSortWeights!$E$2:$E$186,Fact_PreSortWeights!$C$2:$C$186,"BATHROOM")+SUMIFS(Fact_SortedWeights!$E$2:$E$89,Fact_SortedWeights!$C$2:$C$89,"BATHROOM",Fact_SortedWeights!$B$2:$B$89,"Cardboard Recycling"))) -> 0.19849861 | C63: =IF((SUMIFS(Fact_PreSortWeights!$E$2:$E$186,Fact_PreSortWeights!$C$2:$C$186,"OFFICES")+SUMIFS(Fact_SortedWeights!$E$2:$E$89,Fact_SortedWeights!$C$2:$C$89,"OFFICES",Fact_SortedWeights!$B$2:$B$89,"Cardboard Recycling")+SUMIFS(Fact_PreSortWeights!$E$2:$E$186,Fact_PreSortWeights!$C$2:$C$186,"CAFÉ BOH")+SUMIFS(Fact_SortedWeights!$E$2:$E$89,Fact_SortedWeights!$C$2:$C$89,"CAFÉ BOH",Fact_SortedWeights!$B$2:$B$89,"Cardboard Recycling")+SUMIFS(Fact_PreSortWeights!$E$2:$E$186,Fact_PreSortWeights!$C$2:$C$186,"LOCATION C")+SUMIFS(Fact_SortedWeights!$E$2:$E$89,Fact_SortedWeights!$C$2:$C$89,"LOCATION C",Fact_SortedWeights!$B$2:$B$89,"Cardboard Recycling")+SUMIFS(Fact_PreSortWeights!$E$2:$E$186,Fact_PreSortWeights!$C$2:$C$186,"LOCATION D")+SUMIFS(Fact_SortedWeights!$E$2:$E$89,Fact_SortedWeights!$C$2:$C$89,"LOCATION D",Fact_SortedWeights!$B$2:$B$89,"Cardboard Recycling")+SUMIFS(Fact_PreSortWeights!$E$2:$E$186,Fact_PreSortWeights!$C$2:$C$186,"BATHROOM")+SUMIFS(Fact_SortedWeights!$E$2:$E$89,Fact_SortedWeights!$C$2:$C$89,"BATHROOM",Fact_SortedWeights!$B$2:$B$89,"Cardboard Recycling"))=0,0,SUMIFS(Fact_Extrapolated!$F$2:$F$781,Fact_Extrapolated!$H$2:$H$781,"Yes")/(SUMIFS(Fact_PreSortWeights!$E$2:$E$186,Fact_PreSortWeights!$C$2:$C$186,"OFFICES")+SUMIFS(Fact_SortedWeights!$E$2:$E$89,Fact_SortedWeights!$C$2:$C$89,"OFFICES",Fact_SortedWeights!$B$2:$B$89,"Cardboard Recycling")+SUMIFS(Fact_PreSortWeights!$E$2:$E$186,Fact_PreSortWeights!$C$2:$C$186,"CAFÉ BOH")+SUMIFS(Fact_SortedWeights!$E$2:$E$89,Fact_SortedWeights!$C$2:$C$89,"CAFÉ BOH",Fact_SortedWeights!$B$2:$B$89,"Cardboard Recycling")+SUMIFS(Fact_PreSortWeights!$E$2:$E$186,Fact_PreSortWeights!$C$2:$C$186,"LOCATION C")+SUMIFS(Fact_SortedWeights!$E$2:$E$89,Fact_SortedWeights!$C$2:$C$89,"LOCATION C",Fact_SortedWeights!$B$2:$B$89,"Cardboard Recycling")+SUMIFS(Fact_PreSortWeights!$E$2:$E$186,Fact_PreSortWeights!$C$2:$C$186,"LOCATION D")+SUMIFS(Fact_SortedWeights!$E$2:$E$89,Fact_SortedWeights!$C$2:$C$89,"LOCATION D",Fact_SortedWeights!$B$2:$B$89,"Cardboard Recycling")+SUMIFS(Fact_PreSortWeights!$E$2:$E$186,Fact_PreSortWeights!$C$2:$C$186,"BATHROOM")+SUMIFS(Fact_SortedWeights!$E$2:$E$89,Fact_SortedWeights!$C$2:$C$89,"BATHROOM",Fact_SortedWeights!$B$2:$B$89,"Cardboard Recycling"))) -> 0.56478456 | D63: =C63-B63 -> 0.36628595

Sheet OFFICES Summary
A1: Total Waste Generation — Day of Audit
A2: Waste Stream | B2: Waste Stream Weight (lbs.) | C2: % of Total Waste Stream | D2: Weight of Material Diverted (lbs.) | E2: % of Material Diverted
A3: Trash | B3: =SUMIFS(Fact_PreSortWeights!$E$2:$E$186,Fact_PreSortWeights!$C$2:$C$186,"OFFICES",Fact_PreSortWeights!$B$2:$B$186,"Trash") -> 689.4 | C3: =IF($B$9=0,0,B3/$B$9) -> 0.41862324 | D3: =SUMIFS(Fact_Extrapolated!$F$2:$F$781,Fact_Extrapolated!$B$2:$B$781,A3,Fact_Extrapolated!$A$2:$A$781,"OFFICES",Fact_Extrapolated!$G$2:$G$781,1) -> 0
A4: GMPC Recycling | B4: =SUMIFS(Fact_PreSortWeights!$E$2:$E$186,Fact_PreSortWeights!$C$2:$C$186,"OFFICES",Fact_PreSortWeights!$B$2:$B$186,"GMPC Recycling") -> 40.4 | C4: =IF($B$9=0,0,B4/$B$9) -> 0.024532026 | D4: =SUMIFS(Fact_Extrapolated!$F$2:$F$781,Fact_Extrapolated!$B$2:$B$781,A4,Fact_Extrapolated!$A$2:$A$781,"OFFICES",Fact_Extrapolated!$G$2:$G$781,1) -> 8.3976984
A5: Organics Recycling | B5: =SUMIFS(Fact_PreSortWeights!$E$2:$E$186,Fact_PreSortWeights!$C$2:$C$186,"OFFICES",Fact_PreSortWeights!$B$2:$B$186,"Organics Recycling") -> 547.3 | C5: =IF($B$9=0,0,B5/$B$9) -> 0.33233609 | D5: =SUMIFS(Fact_Extrapolated!$F$2:$F$781,Fact_Extrapolated!$B$2:$B$781,A5,Fact_Extrapolated!$A$2:$A$781,"OFFICES",Fact_Extrapolated!$G$2:$G$781,1) -> 179.99752
A6: Cardboard Recycling | B6: =SUMIFS(Fact_SortedWeights!$E$2:$E$89,Fact_SortedWeights!$C$2:$C$89,"OFFICES",Fact_SortedWeights!$B$2:$B$89,"Cardboard Recycling") -> 349.82687 | C6: =IF($B$9=0,0,B6/$B$9) -> 0.2124248 | D6: =SUMIFS(Fact_Extrapolated!$F$2:$F$781,Fact_Extrapolated!$B$2:$B$781,A6,Fact_Extrapolated!$A$2:$A$781,"OFFICES",Fact_Extrapolated!$G$2:$G$781,1) -> 335.14312
A7: Paper Recycling | B7: =SUMIFS(Fact_PreSortWeights!$E$2:$E$186,Fact_PreSortWeights!$C$2:$C$186,"OFFICES",Fact_PreSortWeights!$B$2:$B$186,"Paper Recycling") -> 16.7 | C7: =IF($B$9=0,0,B7/$B$9) -> 0.010140714 | D7: =SUMIFS(Fact_Extrapolated!$F$2:$F$781,Fact_Extrapolated!$B$2:$B$781,A7,Fact_Extrapolated!$A$2:$A$781,"OFFICES",Fact_Extrapolated!$G$2:$G$781,1) -> 16.623547
A8: Terracycle | B8: =SUMIFS(Fact_PreSortWeights!$E$2:$E$186,Fact_PreSortWeights!$C$2:$C$186,"OFFICES",Fact_PreSortWeights!$B$2:$B$186,"Terracycle") -> 3.2 | C8: =IF($B$9=0,0,B8/$B$9) -> 0.0019431308 | D8: =SUMIFS(Fact_Extrapolated!$F$2:$F$781,Fact_Extrapolated!$B$2:$B$781,A8,Fact_Extrapolated!$A$2:$A$781,"OFFICES",Fact_Extrapolated!$G$2:$G$781,1) -> 3.0717999
A9: Total | B9: =SUM(B3:B8) -> 1646.8269 | C9: =IF($B$9=0,0,B9/$B$9) -> 1 | D9: =SUM(D3:D8) -> 543.23369 | E9: =IF(B9=0,0,D9/B9) -> 0.32986691
A11: Waste Stream Breakdown — by Material Type
A12: Material Type Category | B12: Material Type | C12: Total Material Type Weight (lbs.) | D12: % of Total Waste Stream | E12: Weight of Material Diverted (lbs.) | F12: % of Material Diverted | G12: Currently Divertible?
A13: Fibers | B13: Corrugated Cardboard | C13: =SUMIFS(Fact_Extrapolated!$F$2:$F$781,Fact_Extrapolated!$C$2:$C$781,"FIB01",Fact_Extrapolated!$A$2:$A$781,"OFFICES") -> 301.78 | D13: =IF($B$9=0,0,C13/$B$9) -> 0.18324938 | E13: =SUMIFS(Fact_Extrapolated!$F$2:$F$781,Fact_Extrapolated!$C$2:$C$781,"FIB01",Fact_Extrapolated!$A$2:$A$781,"OFFICES",Fact_Extrapolated!$G$2:$G$781,1) -> 301.78 | F13: =IF(C13=0,0,E13/C13) -> 1 | G13: =INDEX('Materials Master'!$D$2:$D$27,MATCH(B13,'Materials Master'!$B$2:$B$27,0)) -> Yes
B14: Soiled Cardboard | C14: =SUMIFS(Fact_Extrapolated!$F$2:$F$781,Fact_Extrapolated!$C$2:$C$781,"FIB02",Fact_Extrapolated!$A$2:$A$781,"OFFICES") -> 0 | D14: =IF($B$9=0,0,C14/$B$9) -> 0 | E14: =SUMIFS(Fact_Extrapolated!$F$2:$F$781,Fact_Extrapolated!$C$2:$C$781,"FIB02",Fact_Extrapolated!$A$2:$A$781,"OFFICES",Fact_Extrapolated!$G$2:$G$781,1) -> 0 | F14: =IF(C14=0,0,E14/C14) -> 0 | G14: =INDEX('Materials Master'!$D$2:$D$27,MATCH(B14,'Materials Master'!$B$2:$B$27,0)) -> No
B15: Waxed Cardboard | C15: =SUMIFS(Fact_Extrapolated!$F$2:$F$781,Fact_Extrapolated!$C$2:$C$781,"FIB03",Fact_Extrapolated!$A$2:$A$781,"OFFICES") -> 4.4 | D15: =IF($B$9=0,0,C15/$B$9) -> 0.0026718048 | E15: =SUMIFS(Fact_Extrapolated!$F$2:$F$781,Fact_Extrapolated!$C$2:$C$781,"FIB03",Fact_Extrapolated!$A$2:$A$781,"OFFICES",Fact_Extrapolated!$G$2:$G$781,1) -> 0 | F15: =IF(C15=0,0,E15/C15) -> 0 | G15: =INDEX('Materials Master'!$D$2:$D$27,MATCH(B15,'Materials Master'!$B$2:$B$27,0)) -> No
B16: Mixed Paper | C16: =SUMIFS(Fact_Extrapolated!$F$2:$F$781,Fact_Extrapolated!$C$2:$C$781,"FIB04",Fact_Extrapolated!$A$2:$A$781,"OFFICES") -> 93.370763 | D16: =IF($B$9=0,0,C16/$B$9) -> 0.056697376 | E16: =SUMIFS(Fact_Extrapolated!$F$2:$F$781,Fact_Extrapolated!$C$2:$C$781,"FIB04",Fact_Extrapolated!$A$2:$A$781,"OFFICES",Fact_Extrapolated!$G$2:$G$781,1) -> 52.303145 | F16: =IF(C16=0,0,E16/C16) -> 0.56016619 | G16: =INDEX('Materials Master'!$D$2:$D$27,MATCH(B16,'Materials Master'!$B$2:$B$27,0)) -> Yes
B17: Soiled Paper | C17: =SUMIFS(Fact_Extrapolated!$F$2:$F$781,Fact_Extrapolated!$C$2:$C$781,"FIB05",Fact_Extrapolated!$A$2:$A$781,"OFFICES") -> 0 | D17: =IF($B$9=0,0,C17/$B$9) -> 0 | E17: =SUMIFS(Fact_Extrapolated!$F$2:$F$781,Fact_Extrapolated!$C$2:$C$781,"FIB05",Fact_Extrapolated!$A$2:$A$781,"OFFICES",Fact_Extrapolated!$G$2:$G$781,1) -> 0 | F17: =IF(C17=0,0,E17/C17) -> 0 | G17: =INDEX('Materials Master'!$D$2:$D$27,MATCH(B17,'Materials Master'!$B$2:$B$27,0)) -> No
B18: Beverage Cartons | C18: =SUMIFS(Fact_Extrapolated!$F$2:$F$781,Fact_Extrapolated!$C$2:$C$781,"FIB06",Fact_Extrapolated!$A$2:$A$781,"OFFICES") -> 11.723247 | D18: =IF($B$9=0,0,C18/$B$9) -> 0.0071186882 | E18: =SUMIFS(Fact_Extrapolated!$F$2:$F$781,Fact_Extrapolated!$C$2:$C$781,"FIB06",Fact_Extrapolated!$A$2:$A$781,"OFFICES",Fact_Extrapolated!$G$2:$G$781,1) -> 0.81208208 | F18: =IF(C18=0,0,E18/C18) -> 0.069271089 | G18: =INDEX('Materials Master'!$D$2:$D$27,MATCH(B18,'Materials Master'!$B$2:$B$27,0)) -> Yes
B19: Soiled Beverage Cartons | C19: =SUMIFS(Fact_Extrapolated!$F$2:$F$781,Fact_Extrapolated!$C$2:$C$781,"FIB07",Fact_Extrapolated!$A$2:$A$781,"OFFICES") -> 0 | D19: =IF($B$9=0,0,C19/$B$9) -> 0 | E19: =SUMIFS(Fact_Extrapolated!$F$2:$F$781,Fact_Extrapolated!$C$2:$C$781,"FIB07",Fact_Extrapolated!$A$2:$A$781,"OFFICES",Fact_Extrapolated!$G$2:$G$781,1) -> 0 | F19: =IF(C19=0,0,E19/C19) -> 0 | G19: =INDEX('Materials Master'!$D$2:$D$27,MATCH(B19,'Materials Master'!$B$2:$B$27,0)) -> No
B20: Paper Cups / Other Coated Paper Containers | C20: =SUMIFS(Fact_Extrapolated!$F$2:$F$781,Fact_Extrapolated!$C$2:$C$781,"FIB08",Fact_Extrapolated!$A$2:$A$781,"OFFICES") -> 4.2985114 | D20: =IF($B$9=0,0,C20/$B$9) -> 0.0026101781 | E20: =SUMIFS(Fact_Extrapolated!$F$2:$F$781,Fact_Extrapolated!$C$2:$C$781,"FIB08",Fact_Extrapolated!$A$2:$A$781,"OFFICES",Fact_Extrapolated!$G$2:$G$781,1) -> 0 | F20: =IF(C20=0,0,E20/C20) -> 0 | G20: =INDEX('Materials Master'!$D$2:$D$27,MATCH(B20,'Materials Master'!$B$2:$B$27,0)) -> No
A21: Glass | B21: Glass Bottles & Jars | C21: =SUMIFS(Fact_Extrapolated!$F$2:$F$781,Fact_Extrapolated!$C$2:$C$781,"GLA01",Fact_Extrapolated!$A$2:$A$781,"OFFICES") -> 3.0136385 | D21: =IF($B$9=0,0,C21/$B$9) -> 0.0018299668 | E21: =SUMIFS(Fact_Extrapolated!$F$2:$F$781,Fact_Extrapolated!$C$2:$C$781,"GLA01",Fact_Extrapolated!$A$2:$A$781,"OFFICES",Fact_Extrapolated!$G$2:$G$781,1) -> 0 | F21: =IF(C21=0,0,E21/C21) -> 0 | G21: =INDEX('Materials Master'!$D$2:$D$27,MATCH(B21,'Materials Master'!$B$2:$B$27,0)) -> Yes
B22: Soiled Glass | C22: =SUMIFS(Fact_Extrapolated!$F$2:$F$781,Fact_Extrapolated!$C$2:$C$781,"GLA02",Fact_Extrapolated!$A$2:$A$781,"OFFICES") -> 0 | D22: =IF($B$9=0,0,C22/$B$9) -> 0 | E22: =SUMIFS(Fact_Extrapolated!$F$2:$F$781,Fact_Extrapolated!$C$2:$C$781,"GLA02",Fact_Extrapolated!$A$2:$A$781,"OFFICES",Fact_Extrapolated!$G$2:$G$781,1) -> 0 | F22: =IF(C22=0,0,E22/C22) -> 0 | G22: =INDEX('Materials Master'!$D$2:$D$27,MATCH(B22,'Materials Master'!$B$2:$B$27,0)) -> No
A23: Metals | B23: Aluminum & Bi-Metal Containers | C23: =SUMIFS(Fact_Extrapolated!$F$2:$F$781,Fact_Extrapolated!$C$2:$C$781,"MET01",Fact_Extrapolated!$A$2:$A$781,"OFFICES") -> 2.2057805 | D23: =IF($B$9=0,0,C23/$B$9) -> 0.0013394125 | E23: =SUMIFS(Fact_Extrapolated!$F$2:$F$781,Fact_Extrapolated!$C$2:$C$781,"MET01",Fact_Extrapolated!$A$2:$A$781,"OFFICES",Fact_Extrapolated!$G$2:$G$781,1) -> 0.6198993 | F23: =IF(C23=0,0,E23/C23) -> 0.28103399 | G23: =INDEX('Materials Master'!$D$2:$D$27,MATCH(B23,'Materials Master'!$B$2:$B$27,0)) -> Yes
B24: Soiled Metals | C24: =SUMIFS(Fact_Extrapolated!$F$2:$F$781,Fact_Extrapolated!$C$2:$C$781,"MET02",Fact_Extrapolated!$A$2:$A$781,"OFFICES") -> 1.2397986 | D24: =IF($B$9=0,0,C24/$B$9) -> 0.00075284089 | E24: =SUMIFS(Fact_Extrapolated!$F$2:$F$781,Fact_Extrapolated!$C$2:$C$781,"MET02",Fact_Extrapolated!$A$2:$A$781,"OFFICES",Fact_Extrapolated!$G$2:$G$781,1) -> 0 | F24: =IF(C24=0,0,E24/C24) -> 0 | G24: =INDEX('Materials Master'!$D$2:$D$27,MATCH(B24,'Materials Master'!$B$2:$B$27,0)) -> No
A25: Plastics | B25: Rigid Plastics (1-6) | C25: =SUMIFS(Fact_Extrapolated!$F$2:$F$781,Fact_Extrapolated!$C$2:$C$781,"PLA01",Fact_Extrapolated!$A$2:$A$781,"OFFICES") -> 109.37926 | D25: =IF($B$9=0,0,C25/$B$9) -> 0.066418189 | E25: =SUMIFS(Fact_Extrapolated!$F$2:$F$781,Fact_Extrapolated!$C$2:$C$781,"PLA01",Fact_Extrapolated!$A$2:$A$781,"OFFICES",Fact_Extrapolated!$G$2:$G$781,1) -> 4.6492448 | F25: =IF(C25=0,0,E25/C25) -> 0.042505726 | G25: =INDEX('Materials Master'!$D$2:$D$27,MATCH(B25,'Materials Master'!$B$2:$B$27,0)) -> Yes
B26: Soiled Rigid Plastics | C26: =SUMIFS(Fact_Extrapolated!$F$2:$F$781,Fact_Extrapolated!$C$2:$C$781,"PLA02",Fact_Extrapolated!$A$2:$A$781,"OFFICES") -> 0 | D26: =IF($B$9=0,0,C26/$B$9) -> 0 | E26: =SUMIFS(Fact_Extrapolated!$F$2:$F$781,Fact_Extrapolated!$C$2:$C$781,"PLA02",Fact_Extrapolated!$A$2:$A$781,"OFFICES",Fact_Extrapolated!$G$2:$G$781,1) -> 0 | F26: =IF(C26=0,0,E26/C26) -> 0 | G26: =INDEX('Materials Master'!$D$2:$D$27,MATCH(B26,'Materials Master'!$B$2:$B$27,0)) -> No
B27: Film Plastics | C27: =SUMIFS(Fact_Extrapolated!$F$2:$F$781,Fact_Extrapolated!$C$2:$C$781,"PLA03",Fact_Extrapolated!$A$2:$A$781,"OFFICES") -> 81.084165 | D27: =IF($B$9=0,0,C27/$B$9) -> 0.049236606 | E27: =SUMIFS(Fact_Extrapolated!$F$2:$F$781,Fact_Extrapolated!$C$2:$C$781,"PLA03",Fact_Extrapolated!$A$2:$A$781,"OFFICES",Fact_Extrapolated!$G$2:$G$781,1) -> 0 | F27: =IF(C27=0,0,E27/C27) -> 0 | G27: =INDEX('Materials Master'!$D$2:$D$27,MATCH(B27,'Materials Master'!$B$2:$B$27,0)) -> No
B28: Foams | C28: =SUMIFS(Fact_Extrapolated!$F$2:$F$781,Fact_Extrapolated!$C$2:$C$781,"PLA04",Fact_Extrapolated!$A$2:$A$781,"OFFICES") -> 0.15 | D28: =IF($B$9=0,0,C28/$B$9) -> 9.1084256e-05 | E28: =SUMIFS(Fact_Extrapolated!$F$2:$F$781,Fact_Extrapolated!$C$2:$C$781,"PLA04",Fact_Extrapolated!$A$2:$A$781,"OFFICES",Fact_Extrapolated!$G$2:$G$781,1) -> 0 | F28: =IF(C28=0,0,E28/C28) -> 0 | G28: =INDEX('Materials Master'!$D$2:$D$27,MATCH(B28,'Materials Master'!$B$2:$B$27,0)) -> No
A29: Organics | B29: Food Waste | C29: =SUMIFS(Fact_Extrapolated!$F$2:$F$781,Fact_Extrapolated!$C$2:$C$781,"ORG01",Fact_Extrapolated!$A$2:$A$781,"OFFICES") -> 362.68406 | D29: =IF($B$9=0,0,C29/$B$9) -> 0.22023205 | E29: =SUMIFS(Fact_Extrapolated!$F$2:$F$781,Fact_Extrapolated!$C$2:$C$781,"ORG01",Fact_Extrapolated!$A$2:$A$781,"OFFICES",Fact_Extrapolated!$G$2:$G$781,1) -> 179.99752 | F29: =IF(C29=0,0,E29/C29) -> 0.49629289 | G29: =INDEX('Materials Master'!$D$2:$D$27,MATCH(B29,'Materials Master'!$B$2:$B$27,0)) -> Yes
B30: Paper Fibers and Food-Soiled Paper (FSP) | C30: =SUMIFS(Fact_Extrapolated!$F$2:$F$781,Fact_Extrapolated!$C$2:$C$781,"ORG02",Fact_Extrapolated!$A$2:$A$781,"OFFICES") -> 143.6919 | D30: =IF($B$9=0,0,C30/$B$9) -> 0.0872538 | E30: =SUMIFS(Fact_Extrapolated!$F$2:$F$781,Fact_Extrapolated!$C$2:$C$781,"ORG02",Fact_Extrapolated!$A$2:$A$781,"OFFICES",Fact_Extrapolated!$G$2:$G$781,1) -> 0 | F30: =IF(C30=0,0,E30/C30) -> 0 | G30: =INDEX('Materials Master'!$D$2:$D$27,MATCH(B30,'Materials Master'!$B$2:$B$27,0)) -> No
B31: Fiber-based Compostable Serviceware | C31: =SUMIFS(Fact_Extrapolated!$F$2:$F$781,Fact_Extrapolated!$C$2:$C$781,"ORG03",Fact_Extrapolated!$A$2:$A$781,"OFFICES") -> 228.89678 | D31: =IF($B$9=0,0,C31/$B$9) -> 0.13899262 | E31: =SUMIFS(Fact_Extrapolated!$F$2:$F$781,Fact_Extrapolated!$C$2:$C$781,"ORG03",Fact_Extrapolated!$A$2:$A$781,"OFFICES",Fact_Extrapolated!$G$2:$G$781,1) -> 0 | F31: =IF(C31=0,0,E31/C31) -> 0 | G31: =INDEX('Materials Master'!$D$2:$D$27,MATCH(B31,'Materials Master'!$B$2:$B$27,0)) -> No
B32: PLA Compostable Serviceware | C32: =SUMIFS(Fact_Extrapolated!$F$2:$F$781,Fact_Extrapolated!$C$2:$C$781,"ORG04",Fact_Extrapolated!$A$2:$A$781,"OFFICES") -> 163.82765 | D32: =IF($B$9=0,0,C32/$B$9) -> 0.099480798 | E32: =SUMIFS(Fact_Extrapolated!$F$2:$F$781,Fact_Extrapolated!$C$2:$C$781,"ORG04",Fact_Extrapolated!$A$2:$A$781,"OFFICES",Fact_Extrapolated!$G$2:$G$781,1) -> 0 | F32: =IF(C32=0,0,E32/C32) -> 0 | G32: =INDEX('Materials Master'!$D$2:$D$27,MATCH(B32,'Materials Master'!$B$2:$B$27,0)) -> No
A33: Unacceptable | B33: E/U Waste | C33: =SUMIFS(Fact_Extrapolated!$F$2:$F$781,Fact_Extrapolated!$C$2:$C$781,"UNA01",Fact_Extrapolated!$A$2:$A$781,"OFFICES") -> 0 | D33: =IF($B$9=0,0,C33/$B$9) -> 0 | E33: =SUMIFS(Fact_Extrapolated!$F$2:$F$781,Fact_Extrapolated!$C$2:$C$781,"UNA01",Fact_Extrapolated!$A$2:$A$781,"OFFICES",Fact_Extrapolated!$G$2:$G$781,1) -> 0 | F33: =IF(C33=0,0,E33/C33) -> 0 | G33: =INDEX('Materials Master'!$D$2:$D$27,MATCH(B33,'Materials Master'!$B$2:$B$27,0)) -> Unacceptable
B34: Textiles | C34: =SUMIFS(Fact_Extrapolated!$F$2:$F$781,Fact_Extrapolated!$C$2:$C$781,"UNA02",Fact_Extrapolated!$A$2:$A$781,"OFFICES") -> 0.45748119 | D34: =IF($B$9=0,0,C34/$B$9) -> 0.00027779556 | E34: =SUMIFS(Fact_Extrapolated!$F$2:$F$781,Fact_Extrapolated!$C$2:$C$781,"UNA02",Fact_Extrapolated!$A$2:$A$781,"OFFICES",Fact_Extrapolated!$G$2:$G$781,1) -> 0 | F34: =IF(C34=0,0,E34/C34) -> 0 | G34: =INDEX('Materials Master'!$D$2:$D$27,MATCH(B34,'Materials Master'!$B$2:$B$27,0)) -> Unacceptable
B35: Other Unacceptable (specify) | C35: =SUMIFS(Fact_Extrapolated!$F$2:$F$781,Fact_Extrapolated!$C$2:$C$781,"UNA03",Fact_Extrapolated!$A$2:$A$781,"OFFICES") -> 3.2857477 | D35: =IF($B$9=0,0,C35/$B$9) -> 0.0019951992 | E35: =SUMIFS(Fact_Extrapolated!$F$2:$F$781,Fact_Extrapolated!$C$2:$C$781,"UNA03",Fact_Extrapolated!$A$2:$A$781,"OFFICES",Fact_Extrapolated!$G$2:$G$781,1) -> 0 | F35: =IF(C35=0,0,E35/C35) -> 0 | G35: =INDEX('Materials Master'!$D$2:$D$27,MATCH(B35,'Materials Master'!$B$2:$B$27,0)) -> Unacceptable
B36: Liquids | C36: =SUMIFS(Fact_Extrapolated!$F$2:$F$781,Fact_Extrapolated!$C$2:$C$781,"UNA04",Fact_Extrapolated!$A$2:$A$781,"OFFICES") -> 40.650221 | D36: =IF($B$9=0,0,C36/$B$9) -> 0.024683967 | E36: =SUMIFS(Fact_Extrapolated!$F$2:$F$781,Fact_Extrapolated!$C$2:$C$781,"UNA04",Fact_Extrapolated!$A$2:$A$781,"OFFICES",Fact_Extrapolated!$G$2:$G$781,1) -> 0 | F36: =IF(C36=0,0,E36/C36) -> 0 | G36: =INDEX('Materials Master'!$D$2:$D$27,MATCH(B36,'Materials Master'!$B$2:$B$27,0)) -> Unacceptable
A37: Other | B37: Snack Wrappers (Composites) | C37: =SUMIFS(Fact_Extrapolated!$F$2:$F$781,Fact_Extrapolated!$C$2:$C$781,"OTH01",Fact_Extrapolated!$A$2:$A$781,"OFFICES") -> 17.418955 | D37: =IF($B$9=0,0,C37/$B$9) -> 0.010577284 | E37: =SUMIFS(Fact_Extrapolated!$F$2:$F$781,Fact_Extrapolated!$C$2:$C$781,"OTH01",Fact_Extrapolated!$A$2:$A$781,"OFFICES",Fact_Extrapolated!$G$2:$G$781,1) -> 3.0717999 | F37: =IF(C37=0,0,E37/C37) -> 0.17634812 | G37: =INDEX('Materials Master'!$D$2:$D$27,MATCH(B37,'Materials Master'!$B$2:$B$27,0)) -> No
B38: Other/Residual Materials | C38: =SUMIFS(Fact_Extrapolated!$F$2:$F$781,Fact_Extrapolated!$C$2:$C$781,"OTH02",Fact_Extrapolated!$A$2:$A$781,"OFFICES") -> 73.268913 | D38: =IF($B$9=0,0,C38/$B$9) -> 0.044490963 | E38: =SUMIFS(Fact_Extrapolated!$F$2:$F$781,Fact_Extrapolated!$C$2:$C$781,"OTH02",Fact_Extrapolated!$A$2:$A$781,"OFFICES",Fact_Extrapolated!$G$2:$G$781,1) -> 0 | F38: =IF(C38=0,0,E38/C38) -> 0 | G38: =INDEX('Materials Master'!$D$2:$D$27,MATCH(B38,'Materials Master'!$B$2:$B$27,0)) -> No
A40: Total Waste Consumption
A41: Material Type | B41: Total Material Type Weight (lbs.) | C41: % of Total Waste Stream
A42: Fibers | B42: =SUM(C13:C20) -> 415.57252 | C42: =IF($B$9=0,0,B42/$B$9) -> 0.25234743
A43: Glass | B43: =SUM(C21:C22) -> 3.0136385 | C43: =IF($B$9=0,0,B43/$B$9) -> 0.0018299668
A44: Metals | B44: =SUM(C23:C24) -> 3.4455791 | C44: =IF($B$9=0,0,B44/$B$9) -> 0.0020922534
A45: Plastics | B45: =SUM(C25:C28) -> 190.61342 | C45: =IF($B$9=0,0,B45/$B$9) -> 0.11574588
A46: Organics | B46: =SUM(C29:C32) -> 899.1004 | C46: =IF($B$9=0,0,B46/$B$9) -> 0.54595927
A47: Unacceptable | B47: =SUM(C33:C36) -> 44.39345 | C47: =IF($B$9=0,0,B47/$B$9) -> 0.026956962
A48: Other | B48: =SUM(C37:C38) -> 90.687868 | C48: =IF($B$9=0,0,B48/$B$9) -> 0.055068246
A49: Unsorted (not broken down by material) | B49: =$B$9-SUM(B42:B48) -> 0 | C49: =IF($B$9=0,0,B49/$B$9) -> 0
A50: Total | B50: =SUM(B42:B49) -> 1646.8269 | C50: =IF(B50=0,0,B50/$B$9) -> 1

Sheet CAFÉ BOH Summary
A1: Total Waste Generation — Day of Audit
A2: Waste Stream | B2: Waste Stream Weight (lbs.) | C2: % of Total Waste Stream | D2: Weight of Material Diverted (lbs.) | E2: % of Material Diverted
A3: Trash | B3: =SUMIFS(Fact_PreSortWeights!$E$2:$E$186,Fact_PreSortWeights!$C$2:$C$186,"CAFÉ BOH",Fact_PreSortWeights!$B$2:$B$186,"Trash") -> 1133.9 | C3: =IF($B$9=0,0,B3/$B$9) -> 0.9241992 | D3: =SUMIFS(Fact_Extrapolated!$F$2:$F$781,Fact_Extrapolated!$B$2:$B$781,A3,Fact_Extrapolated!$A$2:$A$781,"CAFÉ BOH",Fact_Extrapolated!$G$2:$G$781,1) -> 0
A4: GMPC Recycling | B4: =SUMIFS(Fact_PreSortWeights!$E$2:$E$186,Fact_PreSortWeights!$C$2:$C$186,"CAFÉ BOH",Fact_PreSortWeights!$B$2:$B$186,"GMPC Recycling") -> 4.8 | C4: =IF($B$9=0,0,B4/$B$9) -> 0.0039122993 | D4: =SUMIFS(Fact_Extrapolated!$F$2:$F$781,Fact_Extrapolated!$B$2:$B$781,A4,Fact_Extrapolated!$A$2:$A$781,"CAFÉ BOH",Fact_Extrapolated!$G$2:$G$781,1) -> 1.0358491
A5: Organics Recycling | B5: =SUMIFS(Fact_PreSortWeights!$E$2:$E$186,Fact_PreSortWeights!$C$2:$C$186,"CAFÉ BOH",Fact_PreSortWeights!$B$2:$B$186,"Organics Recycling") -> 88.2 | C5: =IF($B$9=0,0,B5/$B$9) -> 0.071888499 | D5: =SUMIFS(Fact_Extrapolated!$F$2:$F$781,Fact_Extrapolated!$B$2:$B$781,A5,Fact_Extrapolated!$A$2:$A$781,"CAFÉ BOH",Fact_Extrapolated!$G$2:$G$781,1) -> 67.310007
A6: Cardboard Recycling | B6: =SUMIFS(Fact_SortedWeights!$E$2:$E$89,Fact_SortedWeights!$C$2:$C$89,"CAFÉ BOH",Fact_SortedWeights!$B$2:$B$89,"Cardboard Recycling") -> 0 | C6: =IF($B$9=0,0,B6/$B$9) -> 0 | D6: =SUMIFS(Fact_Extrapolated!$F$2:$F$781,Fact_Extrapolated!$B$2:$B$781,A6,Fact_Extrapolated!$A$2:$A$781,"CAFÉ BOH",Fact_Extrapolated!$G$2:$G$781,1) -> 0
A7: Paper Recycling | B7: =SUMIFS(Fact_PreSortWeights!$E$2:$E$186,Fact_PreSortWeights!$C$2:$C$186,"CAFÉ BOH",Fact_PreSortWeights!$B$2:$B$186,"Paper Recycling") -> 0 | C7: =IF($B$9=0,0,B7/$B$9) -> 0 | D7: =SUMIFS(Fact_Extrapolated!$F$2:$F$781,Fact_Extrapolated!$B$2:$B$781,A7,Fact_Extrapolated!$A$2:$A$781,"CAFÉ BOH",Fact_Extrapolated!$G$2:$G$781,1) -> 0
A8: Terracycle | B8: =SUMIFS(Fact_PreSortWeights!$E$2:$E$186,Fact_PreSortWeights!$C$2:$C$186,"CAFÉ BOH",Fact_PreSortWeights!$B$2:$B$186,"Terracycle") -> 0 | C8: =IF($B$9=0,0,B8/$B$9) -> 0 | D8: =SUMIFS(Fact_Extrapolated!$F$2:$F$781,Fact_Extrapolated!$B$2:$B$781,A8,Fact_Extrapolated!$A$2:$A$781,"CAFÉ BOH",Fact_Extrapolated!$G$2:$G$781,1) -> 0
A9: Total | B9: =SUM(B3:B8) -> 1226.9 | C9: =IF($B$9=0,0,B9/$B$9) -> 1 | D9: =SUM(D3:D8) -> 68.345856 | E9: =IF(B9=0,0,D9/B9) -> 0.055706134
A11: Waste Stream Breakdown — by Material Type
A12: Material Type Category | B12: Material Type | C12: Total Material Type Weight (lbs.) | D12: % of Total Waste Stream | E12: Weight of Material Diverted (lbs.) | F12: % of Material Diverted | G12: Currently Divertible?
A13: Fibers | B13: Corrugated Cardboard | C13: =SUMIFS(Fact_Extrapolated!$F$2:$F$781,Fact_Extrapolated!$C$2:$C$781,"FIB01",Fact_Extrapolated!$A$2:$A$781,"CAFÉ BOH") -> 0 | D13: =IF($B$9=0,0,C13/$B$9) -> 0 | E13: =SUMIFS(Fact_Extrapolated!$F$2:$F$781,Fact_Extrapolated!$C$2:$C$781,"FIB01",Fact_Extrapolated!$A$2:$A$781,"CAFÉ BOH",Fact_Extrapolated!$G$2:$G$781,1) -> 0 | F13: =IF(C13=0,0,E13/C13) -> 0 | G13: =INDEX('Materials Master'!$D$2:$D$27,MATCH(B13,'Materials Master'!$B$2:$B$27,0)) -> Yes
B14: Soiled Cardboard | C14: =SUMIFS(Fact_Extrapolated!$F$2:$F$781,Fact_Extrapolated!$C$2:$C$781,"FIB02",Fact_Extrapolated!$A$2:$A$781,"CAFÉ BOH") -> 0 | D14: =IF($B$9=0,0,C14/$B$9) -> 0 | E14: =SUMIFS(Fact_Extrapolated!$F$2:$F$781,Fact_Extrapolated!$C$2:$C$781,"FIB02",Fact_Extrapolated!$A$2:$A$781,"CAFÉ BOH",Fact_Extrapolated!$G$2:$G$781,1) -> 0 | F14: =IF(C14=0,0,E14/C14) -> 0 | G14: =INDEX('Materials Master'!$D$2:$D$27,MATCH(B14,'Materials Master'!$B$2:$B$27,0)) -> No
B15: Waxed Cardboard | C15: =SUMIFS(Fact_Extrapolated!$F$2:$F$781,Fact_Extrapolated!$C$2:$C$781,"FIB03",Fact_Extrapolated!$A$2:$A$781,"CAFÉ BOH") -> 0 | D15: =IF($B$9=0,0,C15/$B$9) -> 0 | E15: =SUMIFS(Fact_Extrapolated!$F$2:$F$781,Fact_Extrapolated!$C$2:$C$781,"FIB03",Fact_Extrapolated!$A$2:$A$781,"CAFÉ BOH",Fact_Extrapolated!$G$2:$G$781,1) -> 0 | F15: =IF(C15=0,0,E15/C15) -> 0 | G15: =INDEX('Materials Master'!$D$2:$D$27,MATCH(B15,'Materials Master'!$B$2:$B$27,0)) -> No
B16: Mixed Paper | C16: =SUMIFS(Fact_Extrapolated!$F$2:$F$781,Fact_Extrapolated!$C$2:$C$781,"FIB04",Fact_Extrapolated!$A$2:$A$781,"CAFÉ BOH") -> 63.456365 | D16: =IF($B$9=0,0,C16/$B$9) -> 0.051720894 | E16: =SUMIFS(Fact_Extrapolated!$F$2:$F$781,Fact_Extrapolated!$C$2:$C$781,"FIB04",Fact_Extrapolated!$A$2:$A$781,"CAFÉ BOH",Fact_Extrapolated!$G$2:$G$781,1) -> 0.34811321 | F16: =IF(C16=0,0,E16/C16) -> 0.0054858674 | G16: =INDEX('Materials Master'!$D$2:$D$27,MATCH(B16,'Materials Master'!$B$2:$B$27,0)) -> Yes
B17: Soiled Paper | C17: =SUMIFS(Fact_Extrapolated!$F$2:$F$781,Fact_Extrapolated!$C$2:$C$781,"FIB05",Fact_Extrapolated!$A$2:$A$781,"CAFÉ BOH") -> 0 | D17: =IF($B$9=0,0,C17/$B$9) -> 0 | E17: =SUMIFS(Fact_Extrapolated!$F$2:$F$781,Fact_Extrapolated!$C$2:$C$781,"FIB05",Fact_Extrapolated!$A$2:$A$781,"CAFÉ BOH",Fact_Extrapolated!$G$2:$G$781,1) -> 0 | F17: =IF(C17=0,0,E17/C17) -> 0 | G17: =INDEX('Materials Master'!$D$2:$D$27,MATCH(B17,'Materials Master'!$B$2:$B$27,0)) -> No
B18: Beverage Cartons | C18: =SUMIFS(Fact_Extrapolated!$F$2:$F$781,Fact_Extrapolated!$C$2:$C$781,"FIB06",Fact_Extrapolated!$A$2:$A$781,"CAFÉ BOH") -> 10.978047 | D18: =IF($B$9=0,0,C18/$B$9) -> 0.0089477926 | E18: =SUMIFS(Fact_Extrapolated!$F$2:$F$781,Fact_Extrapolated!$C$2:$C$781,"FIB06",Fact_Extrapolated!$A$2:$A$781,"CAFÉ BOH",Fact_Extrapolated!$G$2:$G$781,1) -> 0.68773585 | F18: =IF(C18=0,0,E18/C18) -> 0.062646468 | G18: =INDEX('Materials Master'!$D$2:$D$27,MATCH(B18,'Materials Master'!$B$2:$B$27,0)) -> Yes
B19: Soiled Beverage Cartons | C19: =SUMIFS(Fact_Extrapolated!$F$2:$F$781,Fact_Extrapolated!$C$2:$C$781,"FIB07",Fact_Extrapolated!$A$2:$A$781,"CAFÉ BOH") -> 0 | D19: =IF($B$9=0,0,C19/$B$9) -> 0 | E19: =SUMIFS(Fact_Extrapolated!$F$2:$F$781,Fact_Extrapolated!$C$2:$C$781,"FIB07",Fact_Extrapolated!$A$2:$A$781,"CAFÉ BOH",Fact_Extrapolated!$G$2:$G$781,1) -> 0 | F19: =IF(C19=0,0,E19/C19) -> 0 | G19: =INDEX('Materials Master'!$D$2:$D$27,MATCH(B19,'Materials Master'!$B$2:$B$27,0)) -> No
B20: Paper Cups / Other Coated Paper Containers | C20: =SUMIFS(Fact_Extrapolated!$F$2:$F$781,Fact_Extrapolated!$C$2:$C$781,"FIB08",Fact_Extrapolated!$A$2:$A$781,"CAFÉ BOH") -> 0.80943396 | D20: =IF($B$9=0,0,C20/$B$9) -> 0.00065973915 | E20: =SUMIFS(Fact_Extrapolated!$F$2:$F$781,Fact_Extrapolated!$C$2:$C$781,"FIB08",Fact_Extrapolated!$A$2:$A$781,"CAFÉ BOH",Fact_Extrapolated!$G$2:$G$781,1) -> 0 | F20: =IF(C20=0,0,E20/C20) -> 0 | G20: =INDEX('Materials Master'!$D$2:$D$27,MATCH(B20,'Materials Master'!$B$2:$B$27,0)) -> No
A21: Glass | B21: Glass Bottles & Jars | C21: =SUMIFS(Fact_Extrapolated!$F$2:$F$781,Fact_Extrapolated!$C$2:$C$781,"GLA01",Fact_Extrapolated!$A$2:$A$781,"CAFÉ BOH") -> 0 | D21: =IF($B$9=0,0,C21/$B$9) -> 0 | E21: =SUMIFS(Fact_Extrapolated!$F$2:$F$781,Fact_Extrapolated!$C$2:$C$781,"GLA01",Fact_Extrapolated!$A$2:$A$781,"CAFÉ BOH",Fact_Extrapolated!$G$2:$G$781,1) -> 0 | F21: =IF(C21=0,0,E21/C21) -> 0 | G21: =INDEX('Materials Master'!$D$2:$D$27,MATCH(B21,'Materials Master'!$B$2:$B$27,0)) -> Yes
B22: Soiled Glass | C22: =SUMIFS(Fact_Extrapolated!$F$2:$F$781,Fact_Extrapolated!$C$2:$C$781,"GLA02",Fact_Extrapolated!$A$2:$A$781,"CAFÉ BOH") -> 0 | D22: =IF($B$9=0,0,C22/$B$9) -> 0 | E22: =SUMIFS(Fact_Extrapolated!$F$2:$F$781,Fact_Extrapolated!$C$2:$C$781,"GLA02",Fact_Extrapolated!$A$2:$A$781,"CAFÉ BOH",Fact_Extrapolated!$G$2:$G$781,1) -> 0 | F22: =IF(C22=0,0,E22/C22) -> 0 | G22: =INDEX('Materials Master'!$D$2:$D$27,MATCH(B22,'Materials Master'!$B$2:$B$27,0)) -> No
A23: Metals | B23: Aluminum & Bi-Metal Containers | C23: =SUMIFS(Fact_Extrapolated!$F$2:$F$781,Fact_Extrapolated!$C$2:$C$781,"MET01",Fact_Extrapolated!$A$2:$A$781,"CAFÉ BOH") -> 1.7439249 | D23: =IF($B$9=0,0,C23/$B$9) -> 0.0014214076 | E23: =SUMIFS(Fact_Extrapolated!$F$2:$F$781,Fact_Extrapolated!$C$2:$C$781,"MET01",Fact_Extrapolated!$A$2:$A$781,"CAFÉ BOH",Fact_Extrapolated!$G$2:$G$781,1) -> 0 | F23: =IF(C23=0,0,E23/C23) -> 0 | G23: =INDEX('Materials Master'!$D$2:$D$27,MATCH(B23,'Materials Master'!$B$2:$B$27,0)) -> Yes
B24: Soiled Metals | C24: =SUMIFS(Fact_Extrapolated!$F$2:$F$781,Fact_Extrapolated!$C$2:$C$781,"MET02",Fact_Extrapolated!$A$2:$A$781,"CAFÉ BOH") -> 0 | D24: =IF($B$9=0,0,C24/$B$9) -> 0 | E24: =SUMIFS(Fact_Extrapolated!$F$2:$F$781,Fact_Extrapolated!$C$2:$C$781,"MET02",Fact_Extrapolated!$A$2:$A$781,"CAFÉ BOH",Fact_Extrapolated!$G$2:$G$781,1) -> 0 | F24: =IF(C24=0,0,E24/C24) -> 0 | G24: =INDEX('Materials Master'!$D$2:$D$27,MATCH(B24,'Materials Master'!$B$2:$B$27,0)) -> No
A25: Plastics | B25: Rigid Plastics (1-6) | C25: =SUMIFS(Fact_Extrapolated!$F$2:$F$781,Fact_Extrapolated!$C$2:$C$781,"PLA01",Fact_Extrapolated!$A$2:$A$781,"CAFÉ BOH") -> 105.56712 | D25: =IF($B$9=0,0,C25/$B$9) -> 0.086043787 | E25: =SUMIFS(Fact_Extrapolated!$F$2:$F$781,Fact_Extrapolated!$C$2:$C$781,"PLA01",Fact_Extrapolated!$A$2:$A$781,"CAFÉ BOH",Fact_Extrapolated!$G$2:$G$781,1) -> 0 | F25: =IF(C25=0,0,E25/C25) -> 0 | G25: =INDEX('Materials Master'!$D$2:$D$27,MATCH(B25,'Materials Master'!$B$2:$B$27,0)) -> Yes
B26: Soiled Rigid Plastics | C26: =SUMIFS(Fact_Extrapolated!$F$2:$F$781,Fact_Extrapolated!$C$2:$C$781,"PLA02",Fact_Extrapolated!$A$2:$A$781,"CAFÉ BOH") -> 0 | D26: =IF($B$9=0,0,C26/$B$9) -> 0 | E26: =SUMIFS(Fact_Extrapolated!$F$2:$F$781,Fact_Extrapolated!$C$2:$C$781,"PLA02",Fact_Extrapolated!$A$2:$A$781,"CAFÉ BOH",Fact_Extrapolated!$G$2:$G$781,1) -> 0 | F26: =IF(C26=0,0,E26/C26) -> 0 | G26: =INDEX('Materials Master'!$D$2:$D$27,MATCH(B26,'Materials Master'!$B$2:$B$27,0)) -> No
B27: Film Plastics | C27: =SUMIFS(Fact_Extrapolated!$F$2:$F$781,Fact_Extrapolated!$C$2:$C$781,"PLA03",Fact_Extrapolated!$A$2:$A$781,"CAFÉ BOH") -> 95.30255 | D27: =IF($B$9=0,0,C27/$B$9) -> 0.077677521 | E27: =SUMIFS(Fact_Extrapolated!$F$2:$F$781,Fact_Extrapolated!$C$2:$C$781,"PLA03",Fact_Extrapolated!$A$2:$A$781,"CAFÉ BOH",Fact_Extrapolated!$G$2:$G$781,1) -> 0 | F27: =IF(C27=0,0,E27/C27) -> 0 | G27: =INDEX('Materials Master'!$D$2:$D$27,MATCH(B27,'Materials Master'!$B$2:$B$27,0)) -> No
B28: Foams | C28: =SUMIFS(Fact_Extrapolated!$F$2:$F$781,Fact_Extrapolated!$C$2:$C$781,"PLA04",Fact_Extrapolated!$A$2:$A$781,"CAFÉ BOH") -> 2.9564775 | D28: =IF($B$9=0,0,C28/$B$9) -> 0.0024097135 | E28: =SUMIFS(Fact_Extrapolated!$F$2:$F$781,Fact_Extrapolated!$C$2:$C$781,"PLA04",Fact_Extrapolated!$A$2:$A$781,"CAFÉ BOH",Fact_Extrapolated!$G$2:$G$781,1) -> 0 | F28: =IF(C28=0,0,E28/C28) -> 0 | G28: =INDEX('Materials Master'!$D$2:$D$27,MATCH(B28,'Materials Master'!$B$2:$B$27,0)) -> No
A29: Organics | B29: Food Waste | C29: =SUMIFS(Fact_Extrapolated!$F$2:$F$781,Fact_Extrapolated!$C$2:$C$781,"ORG01",Fact_Extrapolated!$A$2:$A$781,"CAFÉ BOH") -> 651.28794 | D29: =IF($B$9=0,0,C29/$B$9) -> 0.53084028 | E29: =SUMIFS(Fact_Extrapolated!$F$2:$F$781,Fact_Extrapolated!$C$2:$C$781,"ORG01",Fact_Extrapolated!$A$2:$A$781,"CAFÉ BOH",Fact_Extrapolated!$G$2:$G$781,1) -> 67.310007 | F29: =IF(C29=0,0,E29/C29) -> 0.10334908 | G29: =INDEX('Materials Master'!$D$2:$D$27,MATCH(B29,'Materials Master'!$B$2:$B$27,0)) -> Yes
B30: Paper Fibers and Food-Soiled Paper (FSP) | C30: =SUMIFS(Fact_Extrapolated!$F$2:$F$781,Fact_Extrapolated!$C$2:$C$781,"ORG02",Fact_Extrapolated!$A$2:$A$781,"CAFÉ BOH") -> 62.282782 | D30: =IF($B$9=0,0,C30/$B$9) -> 0.050764351 | E30: =SUMIFS(Fact_Extrapolated!$F$2:$F$781,Fact_Extrapolated!$C$2:$C$781,"ORG02",Fact_Extrapolated!$A$2:$A$781,"CAFÉ BOH",Fact_Extrapolated!$G$2:$G$781,1) -> 0 | F30: =IF(C30=0,0,E30/C30) -> 0 | G30: =INDEX('Materials Master'!$D$2:$D$27,MATCH(B30,'Materials Master'!$B$2:$B$27,0)) -> No
B31: Fiber-based Compostable Serviceware | C31: =SUMIFS(Fact_Extrapolated!$F$2:$F$781,Fact_Extrapolated!$C$2:$C$781,"ORG03",Fact_Extrapolated!$A$2:$A$781,"CAFÉ BOH") -> 47.266959 | D31: =IF($B$9=0,0,C31/$B$9) -> 0.038525519 | E31: =SUMIFS(Fact_Extrapolated!$F$2:$F$781,Fact_Extrapolated!$C$2:$C$781,"ORG03",Fact_Extrapolated!$A$2:$A$781,"CAFÉ BOH",Fact_Extrapolated!$G$2:$G$781,1) -> 0 | F31: =IF(C31=0,0,E31/C31) -> 0 | G31: =INDEX('Materials Master'!$D$2:$D$27,MATCH(B31,'Materials Master'!$B$2:$B$27,0)) -> No
B32: PLA Compostable Serviceware | C32: =SUMIFS(Fact_Extrapolated!$F$2:$F$781,Fact_Extrapolated!$C$2:$C$781,"ORG04",Fact_Extrapolated!$A$2:$A$781,"CAFÉ BOH") -> 22.984518 | D32: =IF($B$9=0,0,C32/$B$9) -> 0.018733815 | E32: =SUMIFS(Fact_Extrapolated!$F$2:$F$781,Fact_Extrapolated!$C$2:$C$781,"ORG04",Fact_Extrapolated!$A$2:$A$781,"CAFÉ BOH",Fact_Extrapolated!$G$2:$G$781,1) -> 0 | F32: =IF(C32=0,0,E32/C32) -> 0 | G32: =INDEX('Materials Master'!$D$2:$D$27,MATCH(B32,'Materials Master'!$B$2:$B$27,0)) -> No
A33: Unacceptable | B33: E/U Waste | C33: =SUMIFS(Fact_Extrapolated!$F$2:$F$781,Fact_Extrapolated!$C$2:$C$781,"UNA01",Fact_Extrapolated!$A$2:$A$781,"CAFÉ BOH") -> 0 | D33: =IF($B$9=0,0,C33/$B$9) -> 0 | E33: =SUMIFS(Fact_Extrapolated!$F$2:$F$781,Fact_Extrapolated!$C$2:$C$781,"UNA01",Fact_Extrapolated!$A$2:$A$781,"CAFÉ BOH",Fact_Extrapolated!$G$2:$G$781,1) -> 0 | F33: =IF(C33=0,0,E33/C33) -> 0 | G33: =INDEX('Materials Master'!$D$2:$D$27,MATCH(B33,'Materials Master'!$B$2:$B$27,0)) -> Unacceptable
B34: Textiles | C34: =SUMIFS(Fact_Extrapolated!$F$2:$F$781,Fact_Extrapolated!$C$2:$C$781,"UNA02",Fact_Extrapolated!$A$2:$A$781,"CAFÉ BOH") -> 0 | D34: =IF($B$9=0,0,C34/$B$9) -> 0 | E34: =SUMIFS(Fact_Extrapolated!$F$2:$F$781,Fact_Extrapolated!$C$2:$C$781,"UNA02",Fact_Extrapolated!$A$2:$A$781,"CAFÉ BOH",Fact_Extrapolated!$G$2:$G$781,1) -> 0 | F34: =IF(C34=0,0,E34/C34) -> 0 | G34: =INDEX('Materials Master'!$D$2:$D$27,MATCH(B34,'Materials Master'!$B$2:$B$27,0)) -> Unacceptable
B35: Other Unacceptable (specify) | C35: =SUMIFS(Fact_Extrapolated!$F$2:$F$781,Fact_Extrapolated!$C$2:$C$781,"UNA03",Fact_Extrapolated!$A$2:$A$781,"CAFÉ BOH") -> 0 | D35: =IF($B$9=0,0,C35/$B$9) -> 0 | E35: =SUMIFS(Fact_Extrapolated!$F$2:$F$781,Fact_Extrapolated!$C$2:$C$781,"UNA03",Fact_Extrapolated!$A$2:$A$781,"CAFÉ BOH",Fact_Extrapolated!$G$2:$G$781,1) -> 0 | F35: =IF(C35=0,0,E35/C35) -> 0 | G35: =INDEX('Materials Master'!$D$2:$D$27,MATCH(B35,'Materials Master'!$B$2:$B$27,0)) -> Unacceptable
B36: Liquids | C36: =SUMIFS(Fact_Extrapolated!$F$2:$F$781,Fact_Extrapolated!$C$2:$C$781,"UNA04",Fact_Extrapolated!$A$2:$A$781,"CAFÉ BOH") -> 15.34654 | D36: =IF($B$9=0,0,C36/$B$9) -> 0.012508387 | E36: =SUMIFS(Fact_Extrapolated!$F$2:$F$781,Fact_Extrapolated!$C$2:$C$781,"UNA04",Fact_Extrapolated!$A$2:$A$781,"CAFÉ BOH",Fact_Extrapolated!$G$2:$G$781,1) -> 0 | F36: =IF(C36=0,0,E36/C36) -> 0 | G36: =INDEX('Materials Master'!$D$2:$D$27,MATCH(B36,'Materials Master'!$B$2:$B$27,0)) -> Unacceptable
A37: Other | B37: Snack Wrappers (Composites) | C37: =SUMIFS(Fact_Extrapolated!$F$2:$F$781,Fact_Extrapolated!$C$2:$C$781,"OTH01",Fact_Extrapolated!$A$2:$A$781,"CAFÉ BOH") -> 5.507311 | D37: =IF($B$9=0,0,C37/$B$9) -> 0.0044888019 | E37: =SUMIFS(Fact_Extrapolated!$F$2:$F$781,Fact_Extrapolated!$C$2:$C$781,"OTH01",Fact_Extrapolated!$A$2:$A$781,"CAFÉ BOH",Fact_Extrapolated!$G$2:$G$781,1) -> 0 | F37: =IF(C37=0,0,E37/C37) -> 0 | G37: =INDEX('Materials Master'!$D$2:$D$27,MATCH(B37,'Materials Master'!$B$2:$B$27,0)) -> No
B38: Other/Residual Materials | C38: =SUMIFS(Fact_Extrapolated!$F$2:$F$781,Fact_Extrapolated!$C$2:$C$781,"OTH02",Fact_Extrapolated!$A$2:$A$781,"CAFÉ BOH") -> 141.41003 | D38: =IF($B$9=0,0,C38/$B$9) -> 0.11525799 | E38: =SUMIFS(Fact_Extrapolated!$F$2:$F$781,Fact_Extrapolated!$C$2:$C$781,"OTH02",Fact_Extrapolated!$A$2:$A$781,"CAFÉ BOH",Fact_Extrapolated!$G$2:$G$781,1) -> 0 | F38: =IF(C38=0,0,E38/C38) -> 0 | G38: =INDEX('Materials Master'!$D$2:$D$27,MATCH(B38,'Materials Master'!$B$2:$B$27,0)) -> No
A40: Total Waste Consumption
A41: Material Type | B41: Total Material Type Weight (lbs.) | C41: % of Total Waste Stream
A42: Fibers | B42: =SUM(C13:C20) -> 75.243846 | C42: =IF($B$9=0,0,B42/$B$9) -> 0.061328426
A43: Glass | B43: =SUM(C21:C22) -> 0 | C43: =IF($B$9=0,0,B43/$B$9) -> 0
A44: Metals | B44: =SUM(C23:C24) -> 1.7439249 | C44: =IF($B$9=0,0,B44/$B$9) -> 0.0014214076
A45: Plastics | B45: =SUM(C25:C28) -> 203.82615 | C45: =IF($B$9=0,0,B45/$B$9) -> 0.16613102
A46: Organics | B46: =SUM(C29:C32) -> 783.8222 | C46: =IF($B$9=0,0,B46/$B$9) -> 0.63886397
A47: Unacceptable | B47: =SUM(C33:C36) -> 15.34654 | C47: =IF($B$9=0,0,B47/$B$9) -> 0.012508387
A48: Other | B48: =SUM(C37:C38) -> 146.91734 | C48: =IF($B$9=0,0,B48/$B$9) -> 0.11974679
A49: Unsorted (not broken down by material) | B49: =$B$9-SUM(B42:B48) -> 0 | C49: =IF($B$9=0,0,B49/$B$9) -> 0
A50: Total | B50: =SUM(B42:B49) -> 1226.9 | C50: =IF(B50=0,0,B50/$B$9) -> 1

Sheet LOCATION C Summary
A1: Total Waste Generation — Day of Audit
A2: Waste Stream | B2: Waste Stream Weight (lbs.) | C2: % of Total Waste Stream | D2: Weight of Material Diverted (lbs.) | E2: % of Material Diverted
A3: Trash | B3: =SUMIFS(Fact_PreSortWeights!$E$2:$E$186,Fact_PreSortWeights!$C$2:$C$186,"LOCATION C",Fact_PreSortWeights!$B$2:$B$186,"Trash") -> 0 | C3: =IF($B$9=0,0,B3/$B$9) -> 0 | D3: =SUMIFS(Fact_Extrapolated!$F$2:$F$781,Fact_Extrapolated!$B$2:$B$781,A3,Fact_Extrapolated!$A$2:$A$781,"LOCATION C",Fact_Extrapolated!$G$2:$G$781,1) -> 0
A4: GMPC Recycling | B4: =SUMIFS(Fact_PreSortWeights!$E$2:$E$186,Fact_PreSortWeights!$C$2:$C$186,"LOCATION C",Fact_PreSortWeights!$B$2:$B$186,"GMPC Recycling") -> 0 | C4: =IF($B$9=0,0,B4/$B$9) -> 0 | D4: =SUMIFS(Fact_Extrapolated!$F$2:$F$781,Fact_Extrapolated!$B$2:$B$781,A4,Fact_Extrapolated!$A$2:$A$781,"LOCATION C",Fact_Extrapolated!$G$2:$G$781,1) -> 0
A5: Organics Recycling | B5: =SUMIFS(Fact_PreSortWeights!$E$2:$E$186,Fact_PreSortWeights!$C$2:$C$186,"LOCATION C",Fact_PreSortWeights!$B$2:$B$186,"Organics Recycling") -> 0 | C5: =IF($B$9=0,0,B5/$B$9) -> 0 | D5: =SUMIFS(Fact_Extrapolated!$F$2:$F$781,Fact_Extrapolated!$B$2:$B$781,A5,Fact_Extrapolated!$A$2:$A$781,"LOCATION C",Fact_Extrapolated!$G$2:$G$781,1) -> 0
A6: Cardboard Recycling | B6: =SUMIFS(Fact_SortedWeights!$E$2:$E$89,Fact_SortedWeights!$C$2:$C$89,"LOCATION C",Fact_SortedWeights!$B$2:$B$89,"Cardboard Recycling") -> 0 | C6: =IF($B$9=0,0,B6/$B$9) -> 0 | D6: =SUMIFS(Fact_Extrapolated!$F$2:$F$781,Fact_Extrapolated!$B$2:$B$781,A6,Fact_Extrapolated!$A$2:$A$781,"LOCATION C",Fact_Extrapolated!$G$2:$G$781,1) -> 0
A7: Paper Recycling | B7: =SUMIFS(Fact_PreSortWeights!$E$2:$E$186,Fact_PreSortWeights!$C$2:$C$186,"LOCATION C",Fact_PreSortWeights!$B$2:$B$186,"Paper Recycling") -> 0 | C7: =IF($B$9=0,0,B7/$B$9) -> 0 | D7: =SUMIFS(Fact_Extrapolated!$F$2:$F$781,Fact_Extrapolated!$B$2:$B$781,A7,Fact_Extrapolated!$A$2:$A$781,"LOCATION C",Fact_Extrapolated!$G$2:$G$781,1) -> 0
A8: Terracycle | B8: =SUMIFS(Fact_PreSortWeights!$E$2:$E$186,Fact_PreSortWeights!$C$2:$C$186,"LOCATION C",Fact_PreSortWeights!$B$2:$B$186,"Terracycle") -> 0 | C8: =IF($B$9=0,0,B8/$B$9) -> 0 | D8: =SUMIFS(Fact_Extrapolated!$F$2:$F$781,Fact_Extrapolated!$B$2:$B$781,A8,Fact_Extrapolated!$A$2:$A$781,"LOCATION C",Fact_Extrapolated!$G$2:$G$781,1) -> 0
A9: Total | B9: =SUM(B3:B8) -> 0 | C9: =IF($B$9=0,0,B9/$B$9) -> 0 | D9: =SUM(D3:D8) -> 0 | E9: =IF(B9=0,0,D9/B9) -> 0
A11: Waste Stream Breakdown — by Material Type
A12: Material Type Category | B12: Material Type | C12: Total Material Type Weight (lbs.) | D12: % of Total Waste Stream | E12: Weight of Material Diverted (lbs.) | F12: % of Material Diverted | G12: Currently Divertible?
A13: Fibers | B13: Corrugated Cardboard | C13: =SUMIFS(Fact_Extrapolated!$F$2:$F$781,Fact_Extrapolated!$C$2:$C$781,"FIB01",Fact_Extrapolated!$A$2:$A$781,"LOCATION C") -> 0 | D13: =IF($B$9=0,0,C13/$B$9) -> 0 | E13: =SUMIFS(Fact_Extrapolated!$F$2:$F$781,Fact_Extrapolated!$C$2:$C$781,"FIB01",Fact_Extrapolated!$A$2:$A$781,"LOCATION C",Fact_Extrapolated!$G$2:$G$781,1) -> 0 | F13: =IF(C13=0,0,E13/C13) -> 0 | G13: =INDEX('Materials Master'!$D$2:$D$27,MATCH(B13,'Materials Master'!$B$2:$B$27,0)) -> Yes
B14: Soiled Cardboard | C14: =SUMIFS(Fact_Extrapolated!$F$2:$F$781,Fact_Extrapolated!$C$2:$C$781,"FIB02",Fact_Extrapolated!$A$2:$A$781,"LOCATION C") -> 0 | D14: =IF($B$9=0,0,C14/$B$9) -> 0 | E14: =SUMIFS(Fact_Extrapolated!$F$2:$F$781,Fact_Extrapolated!$C$2:$C$781,"FIB02",Fact_Extrapolated!$A$2:$A$781,"LOCATION C",Fact_Extrapolated!$G$2:$G$781,1) -> 0 | F14: =IF(C14=0,0,E14/C14) -> 0 | G14: =INDEX('Materials Master'!$D$2:$D$27,MATCH(B14,'Materials Master'!$B$2:$B$27,0)) -> No
B15: Waxed Cardboard | C15: =SUMIFS(Fact_Extrapolated!$F$2:$F$781,Fact_Extrapolated!$C$2:$C$781,"FIB03",Fact_Extrapolated!$A$2:$A$781,"LOCATION C") -> 0 | D15: =IF($B$9=0,0,C15/$B$9) -> 0 | E15: =SUMIFS(Fact_Extrapolated!$F$2:$F$781,Fact_Extrapolated!$C$2:$C$781,"FIB03",Fact_Extrapolated!$A$2:$A$781,"LOCATION C",Fact_Extrapolated!$G$2:$G$781,1) -> 0 | F15: =IF(C15=0,0,E15/C15) -> 0 | G15: =INDEX('Materials Master'!$D$2:$D$27,MATCH(B15,'Materials Master'!$B$2:$B$27,0)) -> No
B16: Mixed Paper | C16: =SUMIFS(Fact_Extrapolated!$F$2:$F$781,Fact_Extrapolated!$C$2:$C$781,"FIB04",Fact_Extrapolated!$A$2:$A$781,"LOCATION C") -> 0 | D16: =IF($B$9=0,0,C16/$B$9) -> 0 | E16: =SUMIFS(Fact_Extrapolated!$F$2:$F$781,Fact_Extrapolated!$C$2:$C$781,"FIB04",Fact_Extrapolated!$A$2:$A$781,"LOCATION C",Fact_Extrapolated!$G$2:$G$781,1) -> 0 | F16: =IF(C16=0,0,E16/C16) -> 0 | G16: =INDEX('Materials Master'!$D$2:$D$27,MATCH(B16,'Materials Master'!$B$2:$B$27,0)) -> Yes
B17: Soiled Paper | C17: =SUMIFS(Fact_Extrapolated!$F$2:$F$781,Fact_Extrapolated!$C$2:$C$781,"FIB05",Fact_Extrapolated!$A$2:$A$781,"LOCATION C") -> 0 | D17: =IF($B$9=0,0,C17/$B$9) -> 0 | E17: =SUMIFS(Fact_Extrapolated!$F$2:$F$781,Fact_Extrapolated!$C$2:$C$781,"FIB05",Fact_Extrapolated!$A$2:$A$781,"LOCATION C",Fact_Extrapolated!$G$2:$G$781,1) -> 0 | F17: =IF(C17=0,0,E17/C17) -> 0 | G17: =INDEX('Materials Master'!$D$2:$D$27,MATCH(B17,'Materials Master'!$B$2:$B$27,0)) -> No
B18: Beverage Cartons | C18: =SUMIFS(Fact_Extrapolated!$F$2:$F$781,Fact_Extrapolated!$C$2:$C$781,"FIB06",Fact_Extrapolated!$A$2:$A$781,"LOCATION C") -> 0 | D18: =IF($B$9=0,0,C18/$B$9) -> 0 | E18: =SUMIFS(Fact_Extrapolated!$F$2:$F$781,Fact_Extrapolated!$C$2:$C$781,"FIB06",Fact_Extrapolated!$A$2:$A$781,"LOCATION C",Fact_Extrapolated!$G$2:$G$781,1) -> 0 | F18: =IF(C18=0,0,E18/C18) -> 0 | G18: =INDEX('Materials Master'!$D$2:$D$27,MATCH(B18,'Materials Master'!$B$2:$B$27,0)) -> Yes
B19: Soiled Beverage Cartons | C19: =SUMIFS(Fact_Extrapolated!$F$2:$F$781,Fact_Extrapolated!$C$2:$C$781,"FIB07",Fact_Extrapolated!$A$2:$A$781,"LOCATION C") -> 0 | D19: =IF($B$9=0,0,C19/$B$9) -> 0 | E19: =SUMIFS(Fact_Extrapolated!$F$2:$F$781,Fact_Extrapolated!$C$2:$C$781,"FIB07",Fact_Extrapolated!$A$2:$A$781,"LOCATION C",Fact_Extrapolated!$G$2:$G$781,1) -> 0 | F19: =IF(C19=0,0,E19/C19) -> 0 | G19: =INDEX('Materials Master'!$D$2:$D$27,MATCH(B19,'Materials Master'!$B$2:$B$27,0)) -> No
B20: Paper Cups / Other Coated Paper Containers | C20: =SUMIFS(Fact_Extrapolated!$F$2:$F$781,Fact_Extrapolated!$C$2:$C$781,"FIB08",Fact_Extrapolated!$A$2:$A$781,"LOCATION C") -> 0 | D20: =IF($B$9=0,0,C20/$B$9) -> 0 | E20: =SUMIFS(Fact_Extrapolated!$F$2:$F$781,Fact_Extrapolated!$C$2:$C$781,"FIB08",Fact_Extrapolated!$A$2:$A$781,"LOCATION C",Fact_Extrapolated!$G$2:$G$781,1) -> 0 | F20: =IF(C20=0,0,E20/C20) -> 0 | G20: =INDEX('Materials Master'!$D$2:$D$27,MATCH(B20,'Materials Master'!$B$2:$B$27,0)) -> No
A21: Glass | B21: Glass Bottles & Jars | C21: =SUMIFS(Fact_Extrapolated!$F$2:$F$781,Fact_Extrapolated!$C$2:$C$781,"GLA01",Fact_Extrapolated!$A$2:$A$781,"LOCATION C") -> 0 | D21: =IF($B$9=0,0,C21/$B$9) -> 0 | E21: =SUMIFS(Fact_Extrapolated!$F$2:$F$781,Fact_Extrapolated!$C$2:$C$781,"GLA01",Fact_Extrapolated!$A$2:$A$781,"LOCATION C",Fact_Extrapolated!$G$2:$G$781,1) -> 0 | F21: =IF(C21=0,0,E21/C21) -> 0 | G21: =INDEX('Materials Master'!$D$2:$D$27,MATCH(B21,'Materials Master'!$B$2:$B$27,0)) -> Yes
B22: Soiled Glass | C22: =SUMIFS(Fact_Extrapolated!$F$2:$F$781,Fact_Extrapolated!$C$2:$C$781,"GLA02",Fact_Extrapolated!$A$2:$A$781,"LOCATION C") -> 0 | D22: =IF($B$9=0,0,C22/$B$9) -> 0 | E22: =SUMIFS(Fact_Extrapolated!$F$2:$F$781,Fact_Extrapolated!$C$2:$C$781,"GLA02",Fact_Extrapolated!$A$2:$A$781,"LOCATION C",Fact_Extrapolated!$G$2:$G$781,1) -> 0 | F22: =IF(C22=0,0,E22/C22) -> 0 | G22: =INDEX('Materials Master'!$D$2:$D$27,MATCH(B22,'Materials Master'!$B$2:$B$27,0)) -> No
A23: Metals | B23: Aluminum & Bi-Metal Containers | C23: =SUMIFS(Fact_Extrapolated!$F$2:$F$781,Fact_Extrapolated!$C$2:$C$781,"MET01",Fact_Extrapolated!$A$2:$A$781,"LOCATION C") -> 0 | D23: =IF($B$9=0,0,C23/$B$9) -> 0 | E23: =SUMIFS(Fact_Extrapolated!$F$2:$F$781,Fact_Extrapolated!$C$2:$C$781,"MET01",Fact_Extrapolated!$A$2:$A$781,"LOCATION C",Fact_Extrapolated!$G$2:$G$781,1) -> 0 | F23: =IF(C23=0,0,E23/C23) -> 0 | G23: =INDEX('Materials Master'!$D$2:$D$27,MATCH(B23,'Materials Master'!$B$2:$B$27,0)) -> Yes
B24: Soiled Metals | C24: =SUMIFS(Fact_Extrapolated!$F$2:$F$781,Fact_Extrapolated!$C$2:$C$781,"MET02",Fact_Extrapolated!$A$2:$A$781,"LOCATION C") -> 0 | D24: =IF($B$9=0,0,C24/$B$9) -> 0 | E24: =SUMIFS(Fact_Extrapolated!$F$2:$F$781,Fact_Extrapolated!$C$2:$C$781,"MET02",Fact_Extrapolated!$A$2:$A$781,"LOCATION C",Fact_Extrapolated!$G$2:$G$781,1) -> 0 | F24: =IF(C24=0,0,E24/C24) -> 0 | G24: =INDEX('Materials Master'!$D$2:$D$27,MATCH(B24,'Materials Master'!$B$2:$B$27,0)) -> No
A25: Plastics | B25: Rigid Plastics (1-6) | C25: =SUMIFS(Fact_Extrapolated!$F$2:$F$781,Fact_Extrapolated!$C$2:$C$781,"PLA01",Fact_Extrapolated!$A$2:$A$781,"LOCATION C") -> 0 | D25: =IF($B$9=0,0,C25/$B$9) -> 0 | E25: =SUMIFS(Fact_Extrapolated!$F$2:$F$781,Fact_Extrapolated!$C$2:$C$781,"PLA01",Fact_Extrapolated!$A$2:$A$781,"LOCATION C",Fact_Extrapolated!$G$2:$G$781,1) -> 0 | F25: =IF(C25=0,0,E25/C25) -> 0 | G25: =INDEX('Materials Master'!$D$2:$D$27,MATCH(B25,'Materials Master'!$B$2:$B$27,0)) -> Yes
B26: Soiled Rigid Plastics | C26: =SUMIFS(Fact_Extrapolated!$F$2:$F$781,Fact_Extrapolated!$C$2:$C$781,"PLA02",Fact_Extrapolated!$A$2:$A$781,"LOCATION C") -> 0 | D26: =IF($B$9=0,0,C26/$B$9) -> 0 | E26: =SUMIFS(Fact_Extrapolated!$F$2:$F$781,Fact_Extrapolated!$C$2:$C$781,"PLA02",Fact_Extrapolated!$A$2:$A$781,"LOCATION C",Fact_Extrapolated!$G$2:$G$781,1) -> 0 | F26: =IF(C26=0,0,E26/C26) -> 0 | G26: =INDEX('Materials Master'!$D$2:$D$27,MATCH(B26,'Materials Master'!$B$2:$B$27,0)) -> No
B27: Film Plastics | C27: =SUMIFS(Fact_Extrapolated!$F$2:$F$781,Fact_Extrapolated!$C$2:$C$781,"PLA03",Fact_Extrapolated!$A$2:$A$781,"LOCATION C") -> 0 | D27: =IF($B$9=0,0,C27/$B$9) -> 0 | E27: =SUMIFS(Fact_Extrapolated!$F$2:$F$781,Fact_Extrapolated!$C$2:$C$781,"PLA03",Fact_Extrapolated!$A$2:$A$781,"LOCATION C",Fact_Extrapolated!$G$2:$G$781,1) -> 0 | F27: =IF(C27=0,0,E27/C27) -> 0 | G27: =INDEX('Materials Master'!$D$2:$D$27,MATCH(B27,'Materials Master'!$B$2:$B$27,0)) -> No
B28: Foams | C28: =SUMIFS(Fact_Extrapolated!$F$2:$F$781,Fact_Extrapolated!$C$2:$C$781,"PLA04",Fact_Extrapolated!$A$2:$A$781,"LOCATION C") -> 0 | D28: =IF($B$9=0,0,C28/$B$9) -> 0 | E28: =SUMIFS(Fact_Extrapolated!$F$2:$F$781,Fact_Extrapolated!$C$2:$C$781,"PLA04",Fact_Extrapolated!$A$2:$A$781,"LOCATION C",Fact_Extrapolated!$G$2:$G$781,1) -> 0 | F28: =IF(C28=0,0,E28/C28) -> 0 | G28: =INDEX('Materials Master'!$D$2:$D$27,MATCH(B28,'Materials Master'!$B$2:$B$27,0)) -> No
A29: Organics | B29: Food Waste | C29: =SUMIFS(Fact_Extrapolated!$F$2:$F$781,Fact_Extrapolated!$C$2:$C$781,"ORG01",Fact_Extrapolated!$A$2:$A$781,"LOCATION C") -> 0 | D29: =IF($B$9=0,0,C29/$B$9) -> 0 | E29: =SUMIFS(Fact_Extrapolated!$F$2:$F$781,Fact_Extrapolated!$C$2:$C$781,"ORG01",Fact_Extrapolated!$A$2:$A$781,"LOCATION C",Fact_Extrapolated!$G$2:$G$781,1) -> 0 | F29: =IF(C29=0,0,E29/C29) -> 0 | G29: =INDEX('Materials Master'!$D$2:$D$27,MATCH(B29,'Materials Master'!$B$2:$B$27,0)) -> Yes
B30: Paper Fibers and Food-Soiled Paper (FSP) | C30: =SUMIFS(Fact_Extrapolated!$F$2:$F$781,Fact_Extrapolated!$C$2:$C$781,"ORG02",Fact_Extrapolated!$A$2:$A$781,"LOCATION C") -> 0 | D30: =IF($B$9=0,0,C30/$B$9) -> 0 | E30: =SUMIFS(Fact_Extrapolated!$F$2:$F$781,Fact_Extrapolated!$C$2:$C$781,"ORG02",Fact_Extrapolated!$A$2:$A$781,"LOCATION C",Fact_Extrapolated!$G$2:$G$781,1) -> 0 | F30: =IF(C30=0,0,E30/C30) -> 0 | G30: =INDEX('Materials Master'!$D$2:$D$27,MATCH(B30,'Materials Master'!$B$2:$B$27,0)) -> No
B31: Fiber-based Compostable Serviceware | C31: =SUMIFS(Fact_Extrapolated!$F$2:$F$781,Fact_Extrapolated!$C$2:$C$781,"ORG03",Fact_Extrapolated!$A$2:$A$781,"LOCATION C") -> 0 | D31: =IF($B$9=0,0,C31/$B$9) -> 0 | E31: =SUMIFS(Fact_Extrapolated!$F$2:$F$781,Fact_Extrapolated!$C$2:$C$781,"ORG03",Fact_Extrapolated!$A$2:$A$781,"LOCATION C",Fact_Extrapolated!$G$2:$G$781,1) -> 0 | F31: =IF(C31=0,0,E31/C31) -> 0 | G31: =INDEX('Materials Master'!$D$2:$D$27,MATCH(B31,'Materials Master'!$B$2:$B$27,0)) -> No
B32: PLA Compostable Serviceware | C32: =SUMIFS(Fact_Extrapolated!$F$2:$F$781,Fact_Extrapolated!$C$2:$C$781,"ORG04",Fact_Extrapolated!$A$2:$A$781,"LOCATION C") -> 0 | D32: =IF($B$9=0,0,C32/$B$9) -> 0 | E32: =SUMIFS(Fact_Extrapolated!$F$2:$F$781,Fact_Extrapolated!$C$2:$C$781,"ORG04",Fact_Extrapolated!$A$2:$A$781,"LOCATION C",Fact_Extrapolated!$G$2:$G$781,1) -> 0 | F32: =IF(C32=0,0,E32/C32) -> 0 | G32: =INDEX('Materials Master'!$D$2:$D$27,MATCH(B32,'Materials Master'!$B$2:$B$27,0)) -> No
A33: Unacceptable | B33: E/U Waste | C33: =SUMIFS(Fact_Extrapolated!$F$2:$F$781,Fact_Extrapolated!$C$2:$C$781,"UNA01",Fact_Extrapolated!$A$2:$A$781,"LOCATION C") -> 0 | D33: =IF($B$9=0,0,C33/$B$9) -> 0 | E33: =SUMIFS(Fact_Extrapolated!$F$2:$F$781,Fact_Extrapolated!$C$2:$C$781,"UNA01",Fact_Extrapolated!$A$2:$A$781,"LOCATION C",Fact_Extrapolated!$G$2:$G$781,1) -> 0 | F33: =IF(C33=0,0,E33/C33) -> 0 | G33: =INDEX('Materials Master'!$D$2:$D$27,MATCH(B33,'Materials Master'!$B$2:$B$27,0)) -> Unacceptable
B34: Textiles | C34: =SUMIFS(Fact_Extrapolated!$F$2:$F$781,Fact_Extrapolated!$C$2:$C$781,"UNA02",Fact_Extrapolated!$A$2:$A$781,"LOCATION C") -> 0 | D34: =IF($B$9=0,0,C34/$B$9) -> 0 | E34: =SUMIFS(Fact_Extrapolated!$F$2:$F$781,Fact_Extrapolated!$C$2:$C$781,"UNA02",Fact_Extrapolated!$A$2:$A$781,"LOCATION C",Fact_Extrapolated!$G$2:$G$781,1) -> 0 | F34: =IF(C34=0,0,E34/C34) -> 0 | G34: =INDEX('Materials Master'!$D$2:$D$27,MATCH(B34,'Materials Master'!$B$2:$B$27,0)) -> Unacceptable
B35: Other Unacceptable (specify) | C35: =SUMIFS(Fact_Extrapolated!$F$2:$F$781,Fact_Extrapolated!$C$2:$C$781,"UNA03",Fact_Extrapolated!$A$2:$A$781,"LOCATION C") -> 0 | D35: =IF($B$9=0,0,C35/$B$9) -> 0 | E35: =SUMIFS(Fact_Extrapolated!$F$2:$F$781,Fact_Extrapolated!$C$2:$C$781,"UNA03",Fact_Extrapolated!$A$2:$A$781,"LOCATION C",Fact_Extrapolated!$G$2:$G$781,1) -> 0 | F35: =IF(C35=0,0,E35/C35) -> 0 | G35: =INDEX('Materials Master'!$D$2:$D$27,MATCH(B35,'Materials Master'!$B$2:$B$27,0)) -> Unacceptable
B36: Liquids | C36: =SUMIFS(Fact_Extrapolated!$F$2:$F$781,Fact_Extrapolated!$C$2:$C$781,"UNA04",Fact_Extrapolated!$A$2:$A$781,"LOCATION C") -> 0 | D36: =IF($B$9=0,0,C36/$B$9) -> 0 | E36: =SUMIFS(Fact_Extrapolated!$F$2:$F$781,Fact_Extrapolated!$C$2:$C$781,"UNA04",Fact_Extrapolated!$A$2:$A$781,"LOCATION C",Fact_Extrapolated!$G$2:$G$781,1) -> 0 | F36: =IF(C36=0,0,E36/C36) -> 0 | G36: =INDEX('Materials Master'!$D$2:$D$27,MATCH(B36,'Materials Master'!$B$2:$B$27,0)) -> Unacceptable
A37: Other | B37: Snack Wrappers (Composites) | C37: =SUMIFS(Fact_Extrapolated!$F$2:$F$781,Fact_Extrapolated!$C$2:$C$781,"OTH01",Fact_Extrapolated!$A$2:$A$781,"LOCATION C") -> 0 | D37: =IF($B$9=0,0,C37/$B$9) -> 0 | E37: =SUMIFS(Fact_Extrapolated!$F$2:$F$781,Fact_Extrapolated!$C$2:$C$781,"OTH01",Fact_Extrapolated!$A$2:$A$781,"LOCATION C",Fact_Extrapolated!$G$2:$G$781,1) -> 0 | F37: =IF(C37=0,0,E37/C37) -> 0 | G37: =INDEX('Materials Master'!$D$2:$D$27,MATCH(B37,'Materials Master'!$B$2:$B$27,0)) -> No
B38: Other/Residual Materials | C38: =SUMIFS(Fact_Extrapolated!$F$2:$F$781,Fact_Extrapolated!$C$2:$C$781,"OTH02",Fact_Extrapolated!$A$2:$A$781,"LOCATION C") -> 0 | D38: =IF($B$9=0,0,C38/$B$9) -> 0 | E38: =SUMIFS(Fact_Extrapolated!$F$2:$F$781,Fact_Extrapolated!$C$2:$C$781,"OTH02",Fact_Extrapolated!$A$2:$A$781,"LOCATION C",Fact_Extrapolated!$G$2:$G$781,1) -> 0 | F38: =IF(C38=0,0,E38/C38) -> 0 | G38: =INDEX('Materials Master'!$D$2:$D$27,MATCH(B38,'Materials Master'!$B$2:$B$27,0)) -> No
A40: Total Waste Consumption
A41: Material Type | B41: Total Material Type Weight (lbs.) | C41: % of Total Waste Stream
A42: Fibers | B42: =SUM(C13:C20) -> 0 | C42: =IF($B$9=0,0,B42/$B$9) -> 0
A43: Glass | B43: =SUM(C21:C22) -> 0 | C43: =IF($B$9=0,0,B43/$B$9) -> 0
A44: Metals | B44: =SUM(C23:C24) -> 0 | C44: =IF($B$9=0,0,B44/$B$9) -> 0
A45: Plastics | B45: =SUM(C25:C28) -> 0 | C45: =IF($B$9=0,0,B45/$B$9) -> 0
A46: Organics | B46: =SUM(C29:C32) -> 0 | C46: =IF($B$9=0,0,B46/$B$9) -> 0
A47: Unacceptable | B47: =SUM(C33:C36) -> 0 | C47: =IF($B$9=0,0,B47/$B$9) -> 0
A48: Other | B48: =SUM(C37:C38) -> 0 | C48: =IF($B$9=0,0,B48/$B$9) -> 0
A49: Unsorted (not broken down by material) | B49: =$B$9-SUM(B42:B48) -> 0 | C49: =IF($B$9=0,0,B49/$B$9) -> 0
A50: Total | B50: =SUM(B42:B49) -> 0 | C50: =IF(B50=0,0,B50/$B$9) -> 0

Sheet LOCATION D Summary
A1: Total Waste Generation — Day of Audit
A2: Waste Stream | B2: Waste Stream Weight (lbs.) | C2: % of Total Waste Stream | D2: Weight of Material Diverted (lbs.) | E2: % of Material Diverted
A3: Trash | B3: =SUMIFS(Fact_PreSortWeights!$E$2:$E$186,Fact_PreSortWeights!$C$2:$C$186,"LOCATION D",Fact_PreSortWeights!$B$2:$B$186,"Trash") -> 0 | C3: =IF($B$9=0,0,B3/$B$9) -> 0 | D3: =SUMIFS(Fact_Extrapolated!$F$2:$F$781,Fact_Extrapolated!$B$2:$B$781,A3,Fact_Extrapolated!$A$2:$A$781,"LOCATION D",Fact_Extrapolated!$G$2:$G$781,1) -> 0
A4: GMPC Recycling | B4: =SUMIFS(Fact_PreSortWeights!$E$2:$E$186,Fact_PreSortWeights!$C$2:$C$186,"LOCATION D",Fact_PreSortWeights!$B$2:$B$186,"GMPC Recycling") -> 0 | C4: =IF($B$9=0,0,B4/$B$9) -> 0 | D4: =SUMIFS(Fact_Extrapolated!$F$2:$F$781,Fact_Extrapolated!$B$2:$B$781,A4,Fact_Extrapolated!$A$2:$A$781,"LOCATION D",Fact_Extrapolated!$G$2:$G$781,1) -> 0
A5: Organics Recycling | B5: =SUMIFS(Fact_PreSortWeights!$E$2:$E$186,Fact_PreSortWeights!$C$2:$C$186,"LOCATION D",Fact_PreSortWeights!$B$2:$B$186,"Organics Recycling") -> 0 | C5: =IF($B$9=0,0,B5/$B$9) -> 0 | D5: =SUMIFS(Fact_Extrapolated!$F$2:$F$781,Fact_Extrapolated!$B$2:$B$781,A5,Fact_Extrapolated!$A$2:$A$781,"LOCATION D",Fact_Extrapolated!$G$2:$G$781,1) -> 0
A6: Cardboard Recycling | B6: =SUMIFS(Fact_SortedWeights!$E$2:$E$89,Fact_SortedWeights!$C$2:$C$89,"LOCATION D",Fact_SortedWeights!$B$2:$B$89,"Cardboard Recycling") -> 0 | C6: =IF($B$9=0,0,B6/$B$9) -> 0 | D6: =SUMIFS(Fact_Extrapolated!$F$2:$F$781,Fact_Extrapolated!$B$2:$B$781,A6,Fact_Extrapolated!$A$2:$A$781,"LOCATION D",Fact_Extrapolated!$G$2:$G$781,1) -> 0
A7: Paper Recycling | B7: =SUMIFS(Fact_PreSortWeights!$E$2:$E$186,Fact_PreSortWeights!$C$2:$C$186,"LOCATION D",Fact_PreSortWeights!$B$2:$B$186,"Paper Recycling") -> 0 | C7: =IF($B$9=0,0,B7/$B$9) -> 0 | D7: =SUMIFS(Fact_Extrapolated!$F$2:$F$781,Fact_Extrapolated!$B$2:$B$781,A7,Fact_Extrapolated!$A$2:$A$781,"LOCATION D",Fact_Extrapolated!$G$2:$G$781,1) -> 0
A8: Terracycle | B8: =SUMIFS(Fact_PreSortWeights!$E$2:$E$186,Fact_PreSortWeights!$C$2:$C$186,"LOCATION D",Fact_PreSortWeights!$B$2:$B$186,"Terracycle") -> 0 | C8: =IF($B$9=0,0,B8/$B$9) -> 0 | D8: =SUMIFS(Fact_Extrapolated!$F$2:$F$781,Fact_Extrapolated!$B$2:$B$781,A8,Fact_Extrapolated!$A$2:$A$781,"LOCATION D",Fact_Extrapolated!$G$2:$G$781,1) -> 0
A9: Total | B9: =SUM(B3:B8) -> 0 | C9: =IF($B$9=0,0,B9/$B$9) -> 0 | D9: =SUM(D3:D8) -> 0 | E9: =IF(B9=0,0,D9/B9) -> 0
A11: Waste Stream Breakdown — by Material Type
A12: Material Type Category | B12: Material Type | C12: Total Material Type Weight (lbs.) | D12: % of Total Waste Stream | E12: Weight of Material Diverted (lbs.) | F12: % of Material Diverted | G12: Currently Divertible?
A13: Fibers | B13: Corrugated Cardboard | C13: =SUMIFS(Fact_Extrapolated!$F$2:$F$781,Fact_Extrapolated!$C$2:$C$781,"FIB01",Fact_Extrapolated!$A$2:$A$781,"LOCATION D") -> 0 | D13: =IF($B$9=0,0,C13/$B$9) -> 0 | E13: =SUMIFS(Fact_Extrapolated!$F$2:$F$781,Fact_Extrapolated!$C$2:$C$781,"FIB01",Fact_Extrapolated!$A$2:$A$781,"LOCATION D",Fact_Extrapolated!$G$2:$G$781,1) -> 0 | F13: =IF(C13=0,0,E13/C13) -> 0 | G13: =INDEX('Materials Master'!$D$2:$D$27,MATCH(B13,'Materials Master'!$B$2:$B$27,0)) -> Yes
B14: Soiled Cardboard | C14: =SUMIFS(Fact_Extrapolated!$F$2:$F$781,Fact_Extrapolated!$C$2:$C$781,"FIB02",Fact_Extrapolated!$A$2:$A$781,"LOCATION D") -> 0 | D14: =IF($B$9=0,0,C14/$B$9) -> 0 | E14: =SUMIFS(Fact_Extrapolated!$F$2:$F$781,Fact_Extrapolated!$C$2:$C$781,"FIB02",Fact_Extrapolated!$A$2:$A$781,"LOCATION D",Fact_Extrapolated!$G$2:$G$781,1) -> 0 | F14: =IF(C14=0,0,E14/C14) -> 0 | G14: =INDEX('Materials Master'!$D$2:$D$27,MATCH(B14,'Materials Master'!$B$2:$B$27,0)) -> No
B15: Waxed Cardboard | C15: =SUMIFS(Fact_Extrapolated!$F$2:$F$781,Fact_Extrapolated!$C$2:$C$781,"FIB03",Fact_Extrapolated!$A$2:$A$781,"LOCATION D") -> 0 | D15: =IF($B$9=0,0,C15/$B$9) -> 0 | E15: =SUMIFS(Fact_Extrapolated!$F$2:$F$781,Fact_Extrapolated!$C$2:$C$781,"FIB03",Fact_Extrapolated!$A$2:$A$781,"LOCATION D",Fact_Extrapolated!$G$2:$G$781,1) -> 0 | F15: =IF(C15=0,0,E15/C15) -> 0 | G15: =INDEX('Materials Master'!$D$2:$D$27,MATCH(B15,'Materials Master'!$B$2:$B$27,0)) -> No
B16: Mixed Paper | C16: =SUMIFS(Fact_Extrapolated!$F$2:$F$781,Fact_Extrapolated!$C$2:$C$781,"FIB04",Fact_Extrapolated!$A$2:$A$781,"LOCATION D") -> 0 | D16: =IF($B$9=0,0,C16/$B$9) -> 0 | E16: =SUMIFS(Fact_Extrapolated!$F$2:$F$781,Fact_Extrapolated!$C$2:$C$781,"FIB04",Fact_Extrapolated!$A$2:$A$781,"LOCATION D",Fact_Extrapolated!$G$2:$G$781,1) -> 0 | F16: =IF(C16=0,0,E16/C16) -> 0 | G16: =INDEX('Materials Master'!$D$2:$D$27,MATCH(B16,'Materials Master'!$B$2:$B$27,0)) -> Yes
B17: Soiled Paper | C17: =SUMIFS(Fact_Extrapolated!$F$2:$F$781,Fact_Extrapolated!$C$2:$C$781,"FIB05",Fact_Extrapolated!$A$2:$A$781,"LOCATION D") -> 0 | D17: =IF($B$9=0,0,C17/$B$9) -> 0 | E17: =SUMIFS(Fact_Extrapolated!$F$2:$F$781,Fact_Extrapolated!$C$2:$C$781,"FIB05",Fact_Extrapolated!$A$2:$A$781,"LOCATION D",Fact_Extrapolated!$G$2:$G$781,1) -> 0 | F17: =IF(C17=0,0,E17/C17) -> 0 | G17: =INDEX('Materials Master'!$D$2:$D$27,MATCH(B17,'Materials Master'!$B$2:$B$27,0)) -> No
B18: Beverage Cartons | C18: =SUMIFS(Fact_Extrapolated!$F$2:$F$781,Fact_Extrapolated!$C$2:$C$781,"FIB06",Fact_Extrapolated!$A$2:$A$781,"LOCATION D") -> 0 | D18: =IF($B$9=0,0,C18/$B$9) -> 0 | E18: =SUMIFS(Fact_Extrapolated!$F$2:$F$781,Fact_Extrapolated!$C$2:$C$781,"FIB06",Fact_Extrapolated!$A$2:$A$781,"LOCATION D",Fact_Extrapolated!$G$2:$G$781,1) -> 0 | F18: =IF(C18=0,0,E18/C18) -> 0 | G18: =INDEX('Materials Master'!$D$2:$D$27,MATCH(B18,'Materials Master'!$B$2:$B$27,0)) -> Yes
B19: Soiled Beverage Cartons | C19: =SUMIFS(Fact_Extrapolated!$F$2:$F$781,Fact_Extrapolated!$C$2:$C$781,"FIB07",Fact_Extrapolated!$A$2:$A$781,"LOCATION D") -> 0 | D19: =IF($B$9=0,0,C19/$B$9) -> 0 | E19: =SUMIFS(Fact_Extrapolated!$F$2:$F$781,Fact_Extrapolated!$C$2:$C$781,"FIB07",Fact_Extrapolated!$A$2:$A$781,"LOCATION D",Fact_Extrapolated!$G$2:$G$781,1) -> 0 | F19: =IF(C19=0,0,E19/C19) -> 0 | G19: =INDEX('Materials Master'!$D$2:$D$27,MATCH(B19,'Materials Master'!$B$2:$B$27,0)) -> No
B20: Paper Cups / Other Coated Paper Containers | C20: =SUMIFS(Fact_Extrapolated!$F$2:$F$781,Fact_Extrapolated!$C$2:$C$781,"FIB08",Fact_Extrapolated!$A$2:$A$781,"LOCATION D") -> 0 | D20: =IF($B$9=0,0,C20/$B$9) -> 0 | E20: =SUMIFS(Fact_Extrapolated!$F$2:$F$781,Fact_Extrapolated!$C$2:$C$781,"FIB08",Fact_Extrapolated!$A$2:$A$781,"LOCATION D",Fact_Extrapolated!$G$2:$G$781,1) -> 0 | F20: =IF(C20=0,0,E20/C20) -> 0 | G20: =INDEX('Materials Master'!$D$2:$D$27,MATCH(B20,'Materials Master'!$B$2:$B$27,0)) -> No
A21: Glass | B21: Glass Bottles & Jars | C21: =SUMIFS(Fact_Extrapolated!$F$2:$F$781,Fact_Extrapolated!$C$2:$C$781,"GLA01",Fact_Extrapolated!$A$2:$A$781,"LOCATION D") -> 0 | D21: =IF($B$9=0,0,C21/$B$9) -> 0 | E21: =SUMIFS(Fact_Extrapolated!$F$2:$F$781,Fact_Extrapolated!$C$2:$C$781,"GLA01",Fact_Extrapolated!$A$2:$A$781,"LOCATION D",Fact_Extrapolated!$G$2:$G$781,1) -> 0 | F21: =IF(C21=0,0,E21/C21) -> 0 | G21: =INDEX('Materials Master'!$D$2:$D$27,MATCH(B21,'Materials Master'!$B$2:$B$27,0)) -> Yes
B22: Soiled Glass | C22: =SUMIFS(Fact_Extrapolated!$F$2:$F$781,Fact_Extrapolated!$C$2:$C$781,"GLA02",Fact_Extrapolated!$A$2:$A$781,"LOCATION D") -> 0 | D22: =IF($B$9=0,0,C22/$B$9) -> 0 | E22: =SUMIFS(Fact_Extrapolated!$F$2:$F$781,Fact_Extrapolated!$C$2:$C$781,"GLA02",Fact_Extrapolated!$A$2:$A$781,"LOCATION D",Fact_Extrapolated!$G$2:$G$781,1) -> 0 | F22: =IF(C22=0,0,E22/C22) -> 0 | G22: =INDEX('Materials Master'!$D$2:$D$27,MATCH(B22,'Materials Master'!$B$2:$B$27,0)) -> No
A23: Metals | B23: Aluminum & Bi-Metal Containers | C23: =SUMIFS(Fact_Extrapolated!$F$2:$F$781,Fact_Extrapolated!$C$2:$C$781,"MET01",Fact_Extrapolated!$A$2:$A$781,"LOCATION D") -> 0 | D23: =IF($B$9=0,0,C23/$B$9) -> 0 | E23: =SUMIFS(Fact_Extrapolated!$F$2:$F$781,Fact_Extrapolated!$C$2:$C$781,"MET01",Fact_Extrapolated!$A$2:$A$781,"LOCATION D",Fact_Extrapolated!$G$2:$G$781,1) -> 0 | F23: =IF(C23=0,0,E23/C23) -> 0 | G23: =INDEX('Materials Master'!$D$2:$D$27,MATCH(B23,'Materials Master'!$B$2:$B$27,0)) -> Yes
B24: Soiled Metals | C24: =SUMIFS(Fact_Extrapolated!$F$2:$F$781,Fact_Extrapolated!$C$2:$C$781,"MET02",Fact_Extrapolated!$A$2:$A$781,"LOCATION D") -> 0 | D24: =IF($B$9=0,0,C24/$B$9) -> 0 | E24: =SUMIFS(Fact_Extrapolated!$F$2:$F$781,Fact_Extrapolated!$C$2:$C$781,"MET02",Fact_Extrapolated!$A$2:$A$781,"LOCATION D",Fact_Extrapolated!$G$2:$G$781,1) -> 0 | F24: =IF(C24=0,0,E24/C24) -> 0 | G24: =INDEX('Materials Master'!$D$2:$D$27,MATCH(B24,'Materials Master'!$B$2:$B$27,0)) -> No
A25: Plastics | B25: Rigid Plastics (1-6) | C25: =SUMIFS(Fact_Extrapolated!$F$2:$F$781,Fact_Extrapolated!$C$2:$C$781,"PLA01",Fact_Extrapolated!$A$2:$A$781,"LOCATION D") -> 0 | D25: =IF($B$9=0,0,C25/$B$9) -> 0 | E25: =SUMIFS(Fact_Extrapolated!$F$2:$F$781,Fact_Extrapolated!$C$2:$C$781,"PLA01",Fact_Extrapolated!$A$2:$A$781,"LOCATION D",Fact_Extrapolated!$G$2:$G$781,1) -> 0 | F25: =IF(C25=0,0,E25/C25) -> 0 | G25: =INDEX('Materials Master'!$D$2:$D$27,MATCH(B25,'Materials Master'!$B$2:$B$27,0)) -> Yes
B26: Soiled Rigid Plastics | C26: =SUMIFS(Fact_Extrapolated!$F$2:$F$781,Fact_Extrapolated!$C$2:$C$781,"PLA02",Fact_Extrapolated!$A$2:$A$781,"LOCATION D") -> 0 | D26: =IF($B$9=0,0,C26/$B$9) -> 0 | E26: =SUMIFS(Fact_Extrapolated!$F$2:$F$781,Fact_Extrapolated!$C$2:$C$781,"PLA02",Fact_Extrapolated!$A$2:$A$781,"LOCATION D",Fact_Extrapolated!$G$2:$G$781,1) -> 0 | F26: =IF(C26=0,0,E26/C26) -> 0 | G26: =INDEX('Materials Master'!$D$2:$D$27,MATCH(B26,'Materials Master'!$B$2:$B$27,0)) -> No
B27: Film Plastics | C27: =SUMIFS(Fact_Extrapolated!$F$2:$F$781,Fact_Extrapolated!$C$2:$C$781,"PLA03",Fact_Extrapolated!$A$2:$A$781,"LOCATION D") -> 0 | D27: =IF($B$9=0,0,C27/$B$9) -> 0 | E27: =SUMIFS(Fact_Extrapolated!$F$2:$F$781,Fact_Extrapolated!$C$2:$C$781,"PLA03",Fact_Extrapolated!$A$2:$A$781,"LOCATION D",Fact_Extrapolated!$G$2:$G$781,1) -> 0 | F27: =IF(C27=0,0,E27/C27) -> 0 | G27: =INDEX('Materials Master'!$D$2:$D$27,MATCH(B27,'Materials Master'!$B$2:$B$27,0)) -> No
B28: Foams | C28: =SUMIFS(Fact_Extrapolated!$F$2:$F$781,Fact_Extrapolated!$C$2:$C$781,"PLA04",Fact_Extrapolated!$A$2:$A$781,"LOCATION D") -> 0 | D28: =IF($B$9=0,0,C28/$B$9) -> 0 | E28: =SUMIFS(Fact_Extrapolated!$F$2:$F$781,Fact_Extrapolated!$C$2:$C$781,"PLA04",Fact_Extrapolated!$A$2:$A$781,"LOCATION D",Fact_Extrapolated!$G$2:$G$781,1) -> 0 | F28: =IF(C28=0,0,E28/C28) -> 0 | G28: =INDEX('Materials Master'!$D$2:$D$27,MATCH(B28,'Materials Master'!$B$2:$B$27,0)) -> No
A29: Organics | B29: Food Waste | C29: =SUMIFS(Fact_Extrapolated!$F$2:$F$781,Fact_Extrapolated!$C$2:$C$781,"ORG01",Fact_Extrapolated!$A$2:$A$781,"LOCATION D") -> 0 | D29: =IF($B$9=0,0,C29/$B$9) -> 0 | E29: =SUMIFS(Fact_Extrapolated!$F$2:$F$781,Fact_Extrapolated!$C$2:$C$781,"ORG01",Fact_Extrapolated!$A$2:$A$781,"LOCATION D",Fact_Extrapolated!$G$2:$G$781,1) -> 0 | F29: =IF(C29=0,0,E29/C29) -> 0 | G29: =INDEX('Materials Master'!$D$2:$D$27,MATCH(B29,'Materials Master'!$B$2:$B$27,0)) -> Yes
B30: Paper Fibers and Food-Soiled Paper (FSP) | C30: =SUMIFS(Fact_Extrapolated!$F$2:$F$781,Fact_Extrapolated!$C$2:$C$781,"ORG02",Fact_Extrapolated!$A$2:$A$781,"LOCATION D") -> 0 | D30: =IF($B$9=0,0,C30/$B$9) -> 0 | E30: =SUMIFS(Fact_Extrapolated!$F$2:$F$781,Fact_Extrapolated!$C$2:$C$781,"ORG02",Fact_Extrapolated!$A$2:$A$781,"LOCATION D",Fact_Extrapolated!$G$2:$G$781,1) -> 0 | F30: =IF(C30=0,0,E30/C30) -> 0 | G30: =INDEX('Materials Master'!$D$2:$D$27,MATCH(B30,'Materials Master'!$B$2:$B$27,0)) -> No
B31: Fiber-based Compostable Serviceware | C31: =SUMIFS(Fact_Extrapolated!$F$2:$F$781,Fact_Extrapolated!$C$2:$C$781,"ORG03",Fact_Extrapolated!$A$2:$A$781,"LOCATION D") -> 0 | D31: =IF($B$9=0,0,C31/$B$9) -> 0 | E31: =SUMIFS(Fact_Extrapolated!$F$2:$F$781,Fact_Extrapolated!$C$2:$C$781,"ORG03",Fact_Extrapolated!$A$2:$A$781,"LOCATION D",Fact_Extrapolated!$G$2:$G$781,1) -> 0 | F31: =IF(C31=0,0,E31/C31) -> 0 | G31: =INDEX('Materials Master'!$D$2:$D$27,MATCH(B31,'Materials Master'!$B$2:$B$27,0)) -> No
B32: PLA Compostable Serviceware | C32: =SUMIFS(Fact_Extrapolated!$F$2:$F$781,Fact_Extrapolated!$C$2:$C$781,"ORG04",Fact_Extrapolated!$A$2:$A$781,"LOCATION D") -> 0 | D32: =IF($B$9=0,0,C32/$B$9) -> 0 | E32: =SUMIFS(Fact_Extrapolated!$F$2:$F$781,Fact_Extrapolated!$C$2:$C$781,"ORG04",Fact_Extrapolated!$A$2:$A$781,"LOCATION D",Fact_Extrapolated!$G$2:$G$781,1) -> 0 | F32: =IF(C32=0,0,E32/C32) -> 0 | G32: =INDEX('Materials Master'!$D$2:$D$27,MATCH(B32,'Materials Master'!$B$2:$B$27,0)) -> No
A33: Unacceptable | B33: E/U Waste | C33: =SUMIFS(Fact_Extrapolated!$F$2:$F$781,Fact_Extrapolated!$C$2:$C$781,"UNA01",Fact_Extrapolated!$A$2:$A$781,"LOCATION D") -> 0 | D33: =IF($B$9=0,0,C33/$B$9) -> 0 | E33: =SUMIFS(Fact_Extrapolated!$F$2:$F$781,Fact_Extrapolated!$C$2:$C$781,"UNA01",Fact_Extrapolated!$A$2:$A$781,"LOCATION D",Fact_Extrapolated!$G$2:$G$781,1) -> 0 | F33: =IF(C33=0,0,E33/C33) -> 0 | G33: =INDEX('Materials Master'!$D$2:$D$27,MATCH(B33,'Materials Master'!$B$2:$B$27,0)) -> Unacceptable
B34: Textiles | C34: =SUMIFS(Fact_Extrapolated!$F$2:$F$781,Fact_Extrapolated!$C$2:$C$781,"UNA02",Fact_Extrapolated!$A$2:$A$781,"LOCATION D") -> 0 | D34: =IF($B$9=0,0,C34/$B$9) -> 0 | E34: =SUMIFS(Fact_Extrapolated!$F$2:$F$781,Fact_Extrapolated!$C$2:$C$781,"UNA02",Fact_Extrapolated!$A$2:$A$781,"LOCATION D",Fact_Extrapolated!$G$2:$G$781,1) -> 0 | F34: =IF(C34=0,0,E34/C34) -> 0 | G34: =INDEX('Materials Master'!$D$2:$D$27,MATCH(B34,'Materials Master'!$B$2:$B$27,0)) -> Unacceptable
B35: Other Unacceptable (specify) | C35: =SUMIFS(Fact_Extrapolated!$F$2:$F$781,Fact_Extrapolated!$C$2:$C$781,"UNA03",Fact_Extrapolated!$A$2:$A$781,"LOCATION D") -> 0 | D35: =IF($B$9=0,0,C35/$B$9) -> 0 | E35: =SUMIFS(Fact_Extrapolated!$F$2:$F$781,Fact_Extrapolated!$C$2:$C$781,"UNA03",Fact_Extrapolated!$A$2:$A$781,"LOCATION D",Fact_Extrapolated!$G$2:$G$781,1) -> 0 | F35: =IF(C35=0,0,E35/C35) -> 0 | G35: =INDEX('Materials Master'!$D$2:$D$27,MATCH(B35,'Materials Master'!$B$2:$B$27,0)) -> Unacceptable
B36: Liquids | C36: =SUMIFS(Fact_Extrapolated!$F$2:$F$781,Fact_Extrapolated!$C$2:$C$781,"UNA04",Fact_Extrapolated!$A$2:$A$781,"LOCATION D") -> 0 | D36: =IF($B$9=0,0,C36/$B$9) -> 0 | E36: =SUMIFS(Fact_Extrapolated!$F$2:$F$781,Fact_Extrapolated!$C$2:$C$781,"UNA04",Fact_Extrapolated!$A$2:$A$781,"LOCATION D",Fact_Extrapolated!$G$2:$G$781,1) -> 0 | F36: =IF(C36=0,0,E36/C36) -> 0 | G36: =INDEX('Materials Master'!$D$2:$D$27,MATCH(B36,'Materials Master'!$B$2:$B$27,0)) -> Unacceptable
A37: Other | B37: Snack Wrappers (Composites) | C37: =SUMIFS(Fact_Extrapolated!$F$2:$F$781,Fact_Extrapolated!$C$2:$C$781,"OTH01",Fact_Extrapolated!$A$2:$A$781,"LOCATION D") -> 0 | D37: =IF($B$9=0,0,C37/$B$9) -> 0 | E37: =SUMIFS(Fact_Extrapolated!$F$2:$F$781,Fact_Extrapolated!$C$2:$C$781,"OTH01",Fact_Extrapolated!$A$2:$A$781,"LOCATION D",Fact_Extrapolated!$G$2:$G$781,1) -> 0 | F37: =IF(C37=0,0,E37/C37) -> 0 | G37: =INDEX('Materials Master'!$D$2:$D$27,MATCH(B37,'Materials Master'!$B$2:$B$27,0)) -> No
B38: Other/Residual Materials | C38: =SUMIFS(Fact_Extrapolated!$F$2:$F$781,Fact_Extrapolated!$C$2:$C$781,"OTH02",Fact_Extrapolated!$A$2:$A$781,"LOCATION D") -> 0 | D38: =IF($B$9=0,0,C38/$B$9) -> 0 | E38: =SUMIFS(Fact_Extrapolated!$F$2:$F$781,Fact_Extrapolated!$C$2:$C$781,"OTH02",Fact_Extrapolated!$A$2:$A$781,"LOCATION D",Fact_Extrapolated!$G$2:$G$781,1) -> 0 | F38: =IF(C38=0,0,E38/C38) -> 0 | G38: =INDEX('Materials Master'!$D$2:$D$27,MATCH(B38,'Materials Master'!$B$2:$B$27,0)) -> No
A40: Total Waste Consumption
A41: Material Type | B41: Total Material Type Weight (lbs.) | C41: % of Total Waste Stream
A42: Fibers | B42: =SUM(C13:C20) -> 0 | C42: =IF($B$9=0,0,B42/$B$9) -> 0
A43: Glass | B43: =SUM(C21:C22) -> 0 | C43: =IF($B$9=0,0,B43/$B$9) -> 0
A44: Metals | B44: =SUM(C23:C24) -> 0 | C44: =IF($B$9=0,0,B44/$B$9) -> 0
A45: Plastics | B45: =SUM(C25:C28) -> 0 | C45: =IF($B$9=0,0,B45/$B$9) -> 0
A46: Organics | B46: =SUM(C29:C32) -> 0 | C46: =IF($B$9=0,0,B46/$B$9) -> 0
A47: Unacceptable | B47: =SUM(C33:C36) -> 0 | C47: =IF($B$9=0,0,B47/$B$9) -> 0
A48: Other | B48: =SUM(C37:C38) -> 0 | C48: =IF($B$9=0,0,B48/$B$9) -> 0
A49: Unsorted (not broken down by material) | B49: =$B$9-SUM(B42:B48) -> 0 | C49: =IF($B$9=0,0,B49/$B$9) -> 0
A50: Total | B50: =SUM(B42:B49) -> 0 | C50: =IF(B50=0,0,B50/$B$9) -> 0

Sheet BATHROOM Summary
A1: Total Waste Generation — Day of Audit
A2: Waste Stream | B2: Waste Stream Weight (lbs.) | C2: % of Total Waste Stream | D2: Weight of Material Diverted (lbs.) | E2: % of Material Diverted
A3: Trash | B3: =0 -> 0 | C3: =IF($B$10=0,0,B3/$B$10) -> 0 | D3: =SUMIFS(Fact_Extrapolated!$F$2:$F$781,Fact_Extrapolated!$B$2:$B$781,A3,Fact_Extrapolated!$A$2:$A$781,"BATHROOM",Fact_Extrapolated!$G$2:$G$781,1) -> 0
A4: GMPC Recycling | B4: =0 -> 0 | C4: =IF($B$10=0,0,B4/$B$10) -> 0 | D4: =SUMIFS(Fact_Extrapolated!$F$2:$F$781,Fact_Extrapolated!$B$2:$B$781,A4,Fact_Extrapolated!$A$2:$A$781,"BATHROOM",Fact_Extrapolated!$G$2:$G$781,1) -> 0
A5: Organics Recycling | B5: =0 -> 0 | C5: =IF($B$10=0,0,B5/$B$10) -> 0 | D5: =SUMIFS(Fact_Extrapolated!$F$2:$F$781,Fact_Extrapolated!$B$2:$B$781,A5,Fact_Extrapolated!$A$2:$A$781,"BATHROOM",Fact_Extrapolated!$G$2:$G$781,1) -> 0
A6: Cardboard Recycling | B6: =0 -> 0 | C6: =IF($B$10=0,0,B6/$B$10) -> 0 | D6: =SUMIFS(Fact_Extrapolated!$F$2:$F$781,Fact_Extrapolated!$B$2:$B$781,A6,Fact_Extrapolated!$A$2:$A$781,"BATHROOM",Fact_Extrapolated!$G$2:$G$781,1) -> 0
A7: Paper Recycling | B7: =0 -> 0 | C7: =IF($B$10=0,0,B7/$B$10) -> 0 | D7: =SUMIFS(Fact_Extrapolated!$F$2:$F$781,Fact_Extrapolated!$B$2:$B$781,A7,Fact_Extrapolated!$A$2:$A$781,"BATHROOM",Fact_Extrapolated!$G$2:$G$781,1) -> 0
A8: Terracycle | B8: =0 -> 0 | C8: =IF($B$10=0,0,B8/$B$10) -> 0 | D8: =SUMIFS(Fact_Extrapolated!$F$2:$F$781,Fact_Extrapolated!$B$2:$B$781,A8,Fact_Extrapolated!$A$2:$A$781,"BATHROOM",Fact_Extrapolated!$G$2:$G$781,1) -> 0
A9: BATHROOM Waste | B9: =SUMIFS(Fact_PreSortWeights!$E$2:$E$186,Fact_PreSortWeights!$C$2:$C$186,"BATHROOM")+SUMIFS(Fact_SortedWeights!$E$2:$E$89,Fact_SortedWeights!$C$2:$C$89,"BATHROOM",Fact_SortedWeights!$B$2:$B$89,"Cardboard Recycling") -> 207.3 | C9: =IF($B$10=0,0,B9/$B$10) -> 1 | D9: 0
A10: Total | B10: =SUM(B3:B9) -> 207.3 | C10: =IF($B$10=0,0,B10/$B$10) -> 1 | D10: =SUM(D3:D9) -> 0 | E10: =IF(B10=0,0,D10/B10) -> 0
A12: Waste Stream Breakdown — by Material Type
A13: Material Type Category | B13: Material Type | C13: Total Material Type Weight (lbs.) | D13: % of Total Waste Stream | E13: Weight of Material Diverted (lbs.) | F13: % of Material Diverted | G13: Currently Divertible?
A14: Fibers | B14: Corrugated Cardboard | C14: =SUMIFS(Fact_Extrapolated!$F$2:$F$781,Fact_Extrapolated!$C$2:$C$781,"FIB01",Fact_Extrapolated!$A$2:$A$781,"BATHROOM") -> 0 | D14: =IF($B$10=0,0,C14/$B$10) -> 0 | E14: =SUMIFS(Fact_Extrapolated!$F$2:$F$781,Fact_Extrapolated!$C$2:$C$781,"FIB01",Fact_Extrapolated!$A$2:$A$781,"BATHROOM",Fact_Extrapolated!$G$2:$G$781,1) -> 0 | F14: =IF(C14=0,0,E14/C14) -> 0 | G14: =INDEX('Materials Master'!$D$2:$D$27,MATCH(B14,'Materials Master'!$B$2:$B$27,0)) -> Yes
B15: Soiled Cardboard | C15: =SUMIFS(Fact_Extrapolated!$F$2:$F$781,Fact_Extrapolated!$C$2:$C$781,"FIB02",Fact_Extrapolated!$A$2:$A$781,"BATHROOM") -> 0 | D15: =IF($B$10=0,0,C15/$B$10) -> 0 | E15: =SUMIFS(Fact_Extrapolated!$F$2:$F$781,Fact_Extrapolated!$C$2:$C$781,"FIB02",Fact_Extrapolated!$A$2:$A$781,"BATHROOM",Fact_Extrapolated!$G$2:$G$781,1) -> 0 | F15: =IF(C15=0,0,E15/C15) -> 0 | G15: =INDEX('Materials Master'!$D$2:$D$27,MATCH(B15,'Materials Master'!$B$2:$B$27,0)) -> No
B16: Waxed Cardboard | C16: =SUMIFS(Fact_Extrapolated!$F$2:$F$781,Fact_Extrapolated!$C$2:$C$781,"FIB03",Fact_Extrapolated!$A$2:$A$781,"BATHROOM") -> 0 | D16: =IF($B$10=0,0,C16/$B$10) -> 0 | E16: =SUMIFS(Fact_Extrapolated!$F$2:$F$781,Fact_Extrapolated!$C$2:$C$781,"FIB03",Fact_Extrapolated!$A$2:$A$781,"BATHROOM",Fact_Extrapolated!$G$2:$G$781,1) -> 0 | F16: =IF(C16=0,0,E16/C16) -> 0 | G16: =INDEX('Materials Master'!$D$2:$D$27,MATCH(B16,'Materials Master'!$B$2:$B$27,0)) -> No
B17: Mixed Paper | C17: =SUMIFS(Fact_Extrapolated!$F$2:$F$781,Fact_Extrapolated!$C$2:$C$781,"FIB04",Fact_Extrapolated!$A$2:$A$781,"BATHROOM") -> 0 | D17: =IF($B$10=0,0,C17/$B$10) -> 0 | E17: =SUMIFS(Fact_Extrapolated!$F$2:$F$781,Fact_Extrapolated!$C$2:$C$781,"FIB04",Fact_Extrapolated!$A$2:$A$781,"BATHROOM",Fact_Extrapolated!$G$2:$G$781,1) -> 0 | F17: =IF(C17=0,0,E17/C17) -> 0 | G17: =INDEX('Materials Master'!$D$2:$D$27,MATCH(B17,'Materials Master'!$B$2:$B$27,0)) -> Yes
B18: Soiled Paper | C18: =SUMIFS(Fact_Extrapolated!$F$2:$F$781,Fact_Extrapolated!$C$2:$C$781,"FIB05",Fact_Extrapolated!$A$2:$A$781,"BATHROOM") -> 0 | D18: =IF($B$10=0,0,C18/$B$10) -> 0 | E18: =SUMIFS(Fact_Extrapolated!$F$2:$F$781,Fact_Extrapolated!$C$2:$C$781,"FIB05",Fact_Extrapolated!$A$2:$A$781,"BATHROOM",Fact_Extrapolated!$G$2:$G$781,1) -> 0 | F18: =IF(C18=0,0,E18/C18) -> 0 | G18: =INDEX('Materials Master'!$D$2:$D$27,MATCH(B18,'Materials Master'!$B$2:$B$27,0)) -> No
B19: Beverage Cartons | C19: =SUMIFS(Fact_Extrapolated!$F$2:$F$781,Fact_Extrapolated!$C$2:$C$781,"FIB06",Fact_Extrapolated!$A$2:$A$781,"BATHROOM") -> 0 | D19: =IF($B$10=0,0,C19/$B$10) -> 0 | E19: =SUMIFS(Fact_Extrapolated!$F$2:$F$781,Fact_Extrapolated!$C$2:$C$781,"FIB06",Fact_Extrapolated!$A$2:$A$781,"BATHROOM",Fact_Extrapolated!$G$2:$G$781,1) -> 0 | F19: =IF(C19=0,0,E19/C19) -> 0 | G19: =INDEX('Materials Master'!$D$2:$D$27,MATCH(B19,'Materials Master'!$B$2:$B$27,0)) -> Yes
B20: Soiled Beverage Cartons | C20: =SUMIFS(Fact_Extrapolated!$F$2:$F$781,Fact_Extrapolated!$C$2:$C$781,"FIB07",Fact_Extrapolated!$A$2:$A$781,"BATHROOM") -> 0 | D20: =IF($B$10=0,0,C20/$B$10) -> 0 | E20: =SUMIFS(Fact_Extrapolated!$F$2:$F$781,Fact_Extrapolated!$C$2:$C$781,"FIB07",Fact_Extrapolated!$A$2:$A$781,"BATHROOM",Fact_Extrapolated!$G$2:$G$781,1) -> 0 | F20: =IF(C20=0,0,E20/C20) -> 0 | G20: =INDEX('Materials Master'!$D$2:$D$27,MATCH(B20,'Materials Master'!$B$2:$B$27,0)) -> No
B21: Paper Cups / Other Coated Paper Containers | C21: =SUMIFS(Fact_Extrapolated!$F$2:$F$781,Fact_Extrapolated!$C$2:$C$781,"FIB08",Fact_Extrapolated!$A$2:$A$781,"BATHROOM") -> 0 | D21: =IF($B$10=0,0,C21/$B$10) -> 0 | E21: =SUMIFS(Fact_Extrapolated!$F$2:$F$781,Fact_Extrapolated!$C$2:$C$781,"FIB08",Fact_Extrapolated!$A$2:$A$781,"BATHROOM",Fact_Extrapolated!$G$2:$G$781,1) -> 0 | F21: =IF(C21=0,0,E21/C21) -> 0 | G21: =INDEX('Materials Master'!$D$2:$D$27,MATCH(B21,'Materials Master'!$B$2:$B$27,0)) -> No
A22: Glass | B22: Glass Bottles & Jars | C22: =SUMIFS(Fact_Extrapolated!$F$2:$F$781,Fact_Extrapolated!$C$2:$C$781,"GLA01",Fact_Extrapolated!$A$2:$A$781,"BATHROOM") -> 0 | D22: =IF($B$10=0,0,C22/$B$10) -> 0 | E22: =SUMIFS(Fact_Extrapolated!$F$2:$F$781,Fact_Extrapolated!$C$2:$C$781,"GLA01",Fact_Extrapolated!$A$2:$A$781,"BATHROOM",Fact_Extrapolated!$G$2:$G$781,1) -> 0 | F22: =IF(C22=0,0,E22/C22) -> 0 | G22: =INDEX('Materials Master'!$D$2:$D$27,MATCH(B22,'Materials Master'!$B$2:$B$27,0)) -> Yes
B23: Soiled Glass | C23: =SUMIFS(Fact_Extrapolated!$F$2:$F$781,Fact_Extrapolated!$C$2:$C$781,"GLA02",Fact_Extrapolated!$A$2:$A$781,"BATHROOM") -> 0 | D23: =IF($B$10=0,0,C23/$B$10) -> 0 | E23: =SUMIFS(Fact_Extrapolated!$F$2:$F$781,Fact_Extrapolated!$C$2:$C$781,"GLA02",Fact_Extrapolated!$A$2:$A$781,"BATHROOM",Fact_Extrapolated!$G$2:$G$781,1) -> 0 | F23: =IF(C23=0,0,E23/C23) -> 0 | G23: =INDEX('Materials Master'!$D$2:$D$27,MATCH(B23,'Materials Master'!$B$2:$B$27,0)) -> No
A24: Metals | B24: Aluminum & Bi-Metal Containers | C24: =SUMIFS(Fact_Extrapolated!$F$2:$F$781,Fact_Extrapolated!$C$2:$C$781,"MET01",Fact_Extrapolated!$A$2:$A$781,"BATHROOM") -> 0 | D24: =IF($B$10=0,0,C24/$B$10) -> 0 | E24: =SUMIFS(Fact_Extrapolated!$F$2:$F$781,Fact_Extrapolated!$C$2:$C$781,"MET01",Fact_Extrapolated!$A$2:$A$781,"BATHROOM",Fact_Extrapolated!$G$2:$G$781,1) -> 0 | F24: =IF(C24=0,0,E24/C24) -> 0 | G24: =INDEX('Materials Master'!$D$2:$D$27,MATCH(B24,'Materials Master'!$B$2:$B$27,0)) -> Yes
B25: Soiled Metals | C25: =SUMIFS(Fact_Extrapolated!$F$2:$F$781,Fact_Extrapolated!$C$2:$C$781,"MET02",Fact_Extrapolated!$A$2:$A$781,"BATHROOM") -> 0 | D25: =IF($B$10=0,0,C25/$B$10) -> 0 | E25: =SUMIFS(Fact_Extrapolated!$F$2:$F$781,Fact_Extrapolated!$C$2:$C$781,"MET02",Fact_Extrapolated!$A$2:$A$781,"BATHROOM",Fact_Extrapolated!$G$2:$G$781,1) -> 0 | F25: =IF(C25=0,0,E25/C25) -> 0 | G25: =INDEX('Materials Master'!$D$2:$D$27,MATCH(B25,'Materials Master'!$B$2:$B$27,0)) -> No
A26: Plastics | B26: Rigid Plastics (1-6) | C26: =SUMIFS(Fact_Extrapolated!$F$2:$F$781,Fact_Extrapolated!$C$2:$C$781,"PLA01",Fact_Extrapolated!$A$2:$A$781,"BATHROOM") -> 0 | D26: =IF($B$10=0,0,C26/$B$10) -> 0 | E26: =SUMIFS(Fact_Extrapolated!$F$2:$F$781,Fact_Extrapolated!$C$2:$C$781,"PLA01",Fact_Extrapolated!$A$2:$A$781,"BATHROOM",Fact_Extrapolated!$G$2:$G$781,1) -> 0 | F26: =IF(C26=0,0,E26/C26) -> 0 | G26: =INDEX('Materials Master'!$D$2:$D$27,MATCH(B26,'Materials Master'!$B$2:$B$27,0)) -> Yes
B27: Soiled Rigid Plastics | C27: =SUMIFS(Fact_Extrapolated!$F$2:$F$781,Fact_Extrapolated!$C$2:$C$781,"PLA02",Fact_Extrapolated!$A$2:$A$781,"BATHROOM") -> 0 | D27: =IF($B$10=0,0,C27/$B$10) -> 0 | E27: =SUMIFS(Fact_Extrapolated!$F$2:$F$781,Fact_Extrapolated!$C$2:$C$781,"PLA02",Fact_Extrapolated!$A$2:$A$781,"BATHROOM",Fact_Extrapolated!$G$2:$G$781,1) -> 0 | F27: =IF(C27=0,0,E27/C27) -> 0 | G27: =INDEX('Materials Master'!$D$2:$D$27,MATCH(B27,'Materials Master'!$B$2:$B$27,0)) -> No
B28: Film Plastics | C28: =SUMIFS(Fact_Extrapolated!$F$2:$F$781,Fact_Extrapolated!$C$2:$C$781,"PLA03",Fact_Extrapolated!$A$2:$A$781,"BATHROOM") -> 0 | D28: =IF($B$10=0,0,C28/$B$10) -> 0 | E28: =SUMIFS(Fact_Extrapolated!$F$2:$F$781,Fact_Extrapolated!$C$2:$C$781,"PLA03",Fact_Extrapolated!$A$2:$A$781,"BATHROOM",Fact_Extrapolated!$G$2:$G$781,1) -> 0 | F28: =IF(C28=0,0,E28/C28) -> 0 | G28: =INDEX('Materials Master'!$D$2:$D$27,MATCH(B28,'Materials Master'!$B$2:$B$27,0)) -> No
B29: Foams | C29: =SUMIFS(Fact_Extrapolated!$F$2:$F$781,Fact_Extrapolated!$C$2:$C$781,"PLA04",Fact_Extrapolated!$A$2:$A$781,"BATHROOM") -> 0 | D29: =IF($B$10=0,0,C29/$B$10) -> 0 | E29: =SUMIFS(Fact_Extrapolated!$F$2:$F$781,Fact_Extrapolated!$C$2:$C$781,"PLA04",Fact_Extrapolated!$A$2:$A$781,"BATHROOM",Fact_Extrapolated!$G$2:$G$781,1) -> 0 | F29: =IF(C29=0,0,E29/C29) -> 0 | G29: =INDEX('Materials Master'!$D$2:$D$27,MATCH(B29,'Materials Master'!$B$2:$B$27,0)) -> No
A30: Organics | B30: Food Waste | C30: =SUMIFS(Fact_Extrapolated!$F$2:$F$781,Fact_Extrapolated!$C$2:$C$781,"ORG01",Fact_Extrapolated!$A$2:$A$781,"BATHROOM") -> 0 | D30: =IF($B$10=0,0,C30/$B$10) -> 0 | E30: =SUMIFS(Fact_Extrapolated!$F$2:$F$781,Fact_Extrapolated!$C$2:$C$781,"ORG01",Fact_Extrapolated!$A$2:$A$781,"BATHROOM",Fact_Extrapolated!$G$2:$G$781,1) -> 0 | F30: =IF(C30=0,0,E30/C30) -> 0 | G30: =INDEX('Materials Master'!$D$2:$D$27,MATCH(B30,'Materials Master'!$B$2:$B$27,0)) -> Yes
B31: Paper Fibers and Food-Soiled Paper (FSP) | C31: =SUMIFS(Fact_Extrapolated!$F$2:$F$781,Fact_Extrapolated!$C$2:$C$781,"ORG02",Fact_Extrapolated!$A$2:$A$781,"BATHROOM") -> 0 | D31: =IF($B$10=0,0,C31/$B$10) -> 0 | E31: =SUMIFS(Fact_Extrapolated!$F$2:$F$781,Fact_Extrapolated!$C$2:$C$781,"ORG02",Fact_Extrapolated!$A$2:$A$781,"BATHROOM",Fact_Extrapolated!$G$2:$G$781,1) -> 0 | F31: =IF(C31=0,0,E31/C31) -> 0 | G31: =INDEX('Materials Master'!$D$2:$D$27,MATCH(B31,'Materials Master'!$B$2:$B$27,0)) -> No
B32: Fiber-based Compostable Serviceware | C32: =SUMIFS(Fact_Extrapolated!$F$2:$F$781,Fact_Extrapolated!$C$2:$C$781,"ORG03",Fact_Extrapolated!$A$2:$A$781,"BATHROOM") -> 0 | D32: =IF($B$10=0,0,C32/$B$10) -> 0 | E32: =SUMIFS(Fact_Extrapolated!$F$2:$F$781,Fact_Extrapolated!$C$2:$C$781,"ORG03",Fact_Extrapolated!$A$2:$A$781,"BATHROOM",Fact_Extrapolated!$G$2:$G$781,1) -> 0 | F32: =IF(C32=0,0,E32/C32) -> 0 | G32: =INDEX('Materials Master'!$D$2:$D$27,MATCH(B32,'Materials Master'!$B$2:$B$27,0)) -> No
B33: PLA Compostable Serviceware | C33: =SUMIFS(Fact_Extrapolated!$F$2:$F$781,Fact_Extrapolated!$C$2:$C$781,"ORG04",Fact_Extrapolated!$A$2:$A$781,"BATHROOM") -> 0 | D33: =IF($B$10=0,0,C33/$B$10) -> 0 | E33: =SUMIFS(Fact_Extrapolated!$F$2:$F$781,Fact_Extrapolated!$C$2:$C$781,"ORG04",Fact_Extrapolated!$A$2:$A$781,"BATHROOM",Fact_Extrapolated!$G$2:$G$781,1) -> 0 | F33: =IF(C33=0,0,E33/C33) -> 0 | G33: =INDEX('Materials Master'!$D$2:$D$27,MATCH(B33,'Materials Master'!$B$2:$B$27,0)) -> No
A34: Unacceptable | B34: E/U Waste | C34: =SUMIFS(Fact_Extrapolated!$F$2:$F$781,Fact_Extrapolated!$C$2:$C$781,"UNA01",Fact_Extrapolated!$A$2:$A$781,"BATHROOM") -> 0 | D34: =IF($B$10=0,0,C34/$B$10) -> 0 | E34: =SUMIFS(Fact_Extrapolated!$F$2:$F$781,Fact_Extrapolated!$C$2:$C$781,"UNA01",Fact_Extrapolated!$A$2:$A$781,"BATHROOM",Fact_Extrapolated!$G$2:$G$781,1) -> 0 | F34: =IF(C34=0,0,E34/C34) -> 0 | G34: =INDEX('Materials Master'!$D$2:$D$27,MATCH(B34,'Materials Master'!$B$2:$B$27,0)) -> Unacceptable
B35: Textiles | C35: =SUMIFS(Fact_Extrapolated!$F$2:$F$781,Fact_Extrapolated!$C$2:$C$781,"UNA02",Fact_Extrapolated!$A$2:$A$781,"BATHROOM") -> 0 | D35: =IF($B$10=0,0,C35/$B$10) -> 0 | E35: =SUMIFS(Fact_Extrapolated!$F$2:$F$781,Fact_Extrapolated!$C$2:$C$781,"UNA02",Fact_Extrapolated!$A$2:$A$781,"BATHROOM",Fact_Extrapolated!$G$2:$G$781,1) -> 0 | F35: =IF(C35=0,0,E35/C35) -> 0 | G35: =INDEX('Materials Master'!$D$2:$D$27,MATCH(B35,'Materials Master'!$B$2:$B$27,0)) -> Unacceptable
B36: Other Unacceptable (specify) | C36: =SUMIFS(Fact_Extrapolated!$F$2:$F$781,Fact_Extrapolated!$C$2:$C$781,"UNA03",Fact_Extrapolated!$A$2:$A$781,"BATHROOM") -> 0 | D36: =IF($B$10=0,0,C36/$B$10) -> 0 | E36: =SUMIFS(Fact_Extrapolated!$F$2:$F$781,Fact_Extrapolated!$C$2:$C$781,"UNA03",Fact_Extrapolated!$A$2:$A$781,"BATHROOM",Fact_Extrapolated!$G$2:$G$781,1) -> 0 | F36: =IF(C36=0,0,E36/C36) -> 0 | G36: =INDEX('Materials Master'!$D$2:$D$27,MATCH(B36,'Materials Master'!$B$2:$B$27,0)) -> Unacceptable
B37: Liquids | C37: =SUMIFS(Fact_Extrapolated!$F$2:$F$781,Fact_Extrapolated!$C$2:$C$781,"UNA04",Fact_Extrapolated!$A$2:$A$781,"BATHROOM") -> 0 | D37: =IF($B$10=0,0,C37/$B$10) -> 0 | E37: =SUMIFS(Fact_Extrapolated!$F$2:$F$781,Fact_Extrapolated!$C$2:$C$781,"UNA04",Fact_Extrapolated!$A$2:$A$781,"BATHROOM",Fact_Extrapolated!$G$2:$G$781,1) -> 0 | F37: =IF(C37=0,0,E37/C37) -> 0 | G37: =INDEX('Materials Master'!$D$2:$D$27,MATCH(B37,'Materials Master'!$B$2:$B$27,0)) -> Unacceptable
A38: Other | B38: Snack Wrappers (Composites) | C38: =SUMIFS(Fact_Extrapolated!$F$2:$F$781,Fact_Extrapolated!$C$2:$C$781,"OTH01",Fact_Extrapolated!$A$2:$A$781,"BATHROOM") -> 0 | D38: =IF($B$10=0,0,C38/$B$10) -> 0 | E38: =SUMIFS(Fact_Extrapolated!$F$2:$F$781,Fact_Extrapolated!$C$2:$C$781,"OTH01",Fact_Extrapolated!$A$2:$A$781,"BATHROOM",Fact_Extrapolated!$G$2:$G$781,1) -> 0 | F38: =IF(C38=0,0,E38/C38) -> 0 | G38: =INDEX('Materials Master'!$D$2:$D$27,MATCH(B38,'Materials Master'!$B$2:$B$27,0)) -> No
B39: Other/Residual Materials | C39: =SUMIFS(Fact_Extrapolated!$F$2:$F$781,Fact_Extrapolated!$C$2:$C$781,"OTH02",Fact_Extrapolated!$A$2:$A$781,"BATHROOM") -> 0 | D39: =IF($B$10=0,0,C39/$B$10) -> 0 | E39: =SUMIFS(Fact_Extrapolated!$F$2:$F$781,Fact_Extrapolated!$C$2:$C$781,"OTH02",Fact_Extrapolated!$A$2:$A$781,"BATHROOM",Fact_Extrapolated!$G$2:$G$781,1) -> 0 | F39: =IF(C39=0,0,E39/C39) -> 0 | G39: =INDEX('Materials Master'!$D$2:$D$27,MATCH(B39,'Materials Master'!$B$2:$B$27,0)) -> No
A41: Total Waste Consumption
A42: Material Type | B42: Total Material Type Weight (lbs.) | C42: % of Total Waste Stream
A43: Fibers | B43: =SUM(C14:C21) -> 0 | C43: =IF($B$10=0,0,B43/$B$10) -> 0
A44: Glass | B44: =SUM(C22:C23) -> 0 | C44: =IF($B$10=0,0,B44/$B$10) -> 0
A45: Metals | B45: =SUM(C24:C25) -> 0 | C45: =IF($B$10=0,0,B45/$B$10) -> 0
A46: Plastics | B46: =SUM(C26:C29) -> 0 | C46: =IF($B$10=0,0,B46/$B$10) -> 0
A47: Organics | B47: =SUM(C30:C33) -> 0 | C47: =IF($B$10=0,0,B47/$B$10) -> 0
A48: Unacceptable | B48: =SUM(C34:C37) -> 0 | C48: =IF($B$10=0,0,B48/$B$10) -> 0
A49: Other | B49: =SUM(C38:C39) -> 0 | C49: =IF($B$10=0,0,B49/$B$10) -> 0
A50: Unsorted (not broken down by material) | B50: =$B$10-SUM(B43:B49) -> 207.3 | C50: =IF($B$10=0,0,B50/$B$10) -> 1
A51: Total | B51: =SUM(B43:B50) -> 207.3 | C51: =IF(B51=0,0,B51/$B$10) -> 1

Sheet Notes & Assumptions
A1: Notes & Assumptions
A3: Total Waste Generation reflects the full pre-sort weight for each stream — everything that went on the scale — not just the portion that was hand-sorted into materials. The material breakdown is extrapolated: whatever percentage each material represented in the sorted sample is applied to the full pre-sort weight for that area/stream.
A5: Cardboard Recycling is weighed loose rather than bagged, so its "pre-sort total" is the same as its sorted total (100% sorted by definition, no extrapolation needed).
A7: GMPC Recycling, Cardboard Recycling, and Paper Recycling are treated as the same underlying dry-recyclables program for contamination purposes (collected differently — bagged vs. loose — but processed together) — a recyclable found in any of the three is not counted as contamination. Terracycle is a separate specialty program with its own accepted materials.
A9: Any area with pre-sort weight but zero sorted-material rows (nothing was hand-sorted there) is reported as its own "[Area] Waste" line rather than folded into a stream it was never actually sorted into.
A11: "Currently Divertible?" is pulled live from the Materials Master tab for this site’s specific recycling program, so it stays consistent across every summary sheet automatically.

Sheet QA_Reconciliation
A1: QA — Pre-sort bag weights vs. sorted material weights
A3: area | B3: stream | C3: presort_total_lbs | D3: sorted_total_lbs | E3: variance_lbs | F3: variance_pct | G3: flag
A4: OFFICES | B4: Trash | C4: =SUMIFS(Fact_PreSortWeights!$E$2:$E$186,Fact_PreSortWeights!$C$2:$C$186,A4,Fact_PreSortWeights!$B$2:$B$186,B4) -> 689.4 | D4: =SUMIFS(Fact_SortedWeights!$E$2:$E$89,Fact_SortedWeights!$C$2:$C$89,A4,Fact_SortedWeights!$B$2:$B$89,B4) -> 285.37813 | E4: =D4-C4 -> -404.02188 | F4: =IF(C4=0,"n/a",E4/C4) -> -0.58604856 | G4: =IF(AND(C4=0,D4=0),"no data yet",IF(C4=0,"no presort data",IF(D4=0,"NOT YET SORTED",IF(ABS(F4)>0.15,"CHECK >15% variance","OK")))) -> CHECK >15% variance
A5: OFFICES | B5: GMPC Recycling | C5: =SUMIFS(Fact_PreSortWeights!$E$2:$E$186,Fact_PreSortWeights!$C$2:$C$186,A5,Fact_PreSortWeights!$B$2:$B$186,B5) -> 40.4 | D5: =SUMIFS(Fact_SortedWeights!$E$2:$E$89,Fact_SortedWeights!$C$2:$C$89,A5,Fact_SortedWeights!$B$2:$B$89,B5) -> 13.034375 | E5: =D5-C5 -> -27.365625 | F5: =IF(C5=0,"n/a",E5/C5) -> -0.67736696 | G5: =IF(AND(C5=0,D5=0),"no data yet",IF(C5=0,"no presort data",IF(D5=0,"NOT YET SORTED",IF(ABS(F5)>0.15,"CHECK >15% variance","OK")))) -> CHECK >15% variance
A6: OFFICES | B6: Organics Recycling | C6: =SUMIFS(Fact_PreSortWeights!$E$2:$E$186,Fact_PreSortWeights!$C$2:$C$186,A6,Fact_PreSortWeights!$B$2:$B$186,B6) -> 547.3 | D6: =SUMIFS(Fact_SortedWeights!$E$2:$E$89,Fact_SortedWeights!$C$2:$C$89,A6,Fact_SortedWeights!$B$2:$B$89,B6) -> 138.04313 | E6: =D6-C6 -> -409.25687 | F6: =IF(C6=0,"n/a",E6/C6) -> -0.7477743 | G6: =IF(AND(C6=0,D6=0),"no data yet",IF(C6=0,"no presort data",IF(D6=0,"NOT YET SORTED",IF(ABS(F6)>0.15,"CHECK >15% variance","OK")))) -> CHECK >15% variance
A7: OFFICES | B7: Cardboard Recycling | C7: =SUMIFS(Fact_PreSortWeights!$E$2:$E$186,Fact_PreSortWeights!$C$2:$C$186,A7,Fact_PreSortWeights!$B$2:$B$186,B7) -> 0 | D7: =SUMIFS(Fact_SortedWeights!$E$2:$E$89,Fact_SortedWeights!$C$2:$C$89,A7,Fact_SortedWeights!$B$2:$B$89,B7) -> 349.82687 | E7: =D7-C7 -> 349.82687 | F7: =IF(C7=0,"n/a",E7/C7) -> n/a | G7: =IF(AND(C7=0,D7=0),"no data yet",IF(C7=0,"no presort data",IF(D7=0,"NOT YET SORTED",IF(ABS(F7)>0.15,"CHECK >15% variance","OK")))) -> no presort data
A8: OFFICES | B8: Paper Recycling | C8: =SUMIFS(Fact_PreSortWeights!$E$2:$E$186,Fact_PreSortWeights!$C$2:$C$186,A8,Fact_PreSortWeights!$B$2:$B$186,B8) -> 16.7 | D8: =SUMIFS(Fact_SortedWeights!$E$2:$E$89,Fact_SortedWeights!$C$2:$C$89,A8,Fact_SortedWeights!$B$2:$B$89,B8) -> 5.324375 | E8: =D8-C8 -> -11.375625 | F8: =IF(C8=0,"n/a",E8/C8) -> -0.68117515 | G8: =IF(AND(C8=0,D8=0),"no data yet",IF(C8=0,"no presort data",IF(D8=0,"NOT YET SORTED",IF(ABS(F8)>0.15,"CHECK >15% variance","OK")))) -> CHECK >15% variance
A9: OFFICES | B9: Terracycle | C9: =SUMIFS(Fact_PreSortWeights!$E$2:$E$186,Fact_PreSortWeights!$C$2:$C$186,A9,Fact_PreSortWeights!$B$2:$B$186,B9) -> 3.2 | D9: =SUMIFS(Fact_SortedWeights!$E$2:$E$89,Fact_SortedWeights!$C$2:$C$89,A9,Fact_SortedWeights!$B$2:$B$89,B9) -> 3.198125 | E9: =D9-C9 -> -0.001875 | F9: =IF(C9=0,"n/a",E9/C9) -> -0.0005859375 | G9: =IF(AND(C9=0,D9=0),"no data yet",IF(C9=0,"no presort data",IF(D9=0,"NOT YET SORTED",IF(ABS(F9)>0.15,"CHECK >15% variance","OK")))) -> OK
A10: CAFÉ BOH | B10: Trash | C10: =SUMIFS(Fact_PreSortWeights!$E$2:$E$186,Fact_PreSortWeights!$C$2:$C$186,A10,Fact_PreSortWeights!$B$2:$B$186,B10) -> 1133.9 | D10: =SUMIFS(Fact_SortedWeights!$E$2:$E$89,Fact_SortedWeights!$C$2:$C$89,A10,Fact_SortedWeights!$B$2:$B$89,B10) -> 325.1 | E10: =D10-C10 -> -808.8 | F10: =IF(C10=0,"n/a",E10/C10) -> -0.71329041 | G10: =IF(AND(C10=0,D10=0),"no data yet",IF(C10=0,"no presort data",IF(D10=0,"NOT YET SORTED",IF(ABS(F10)>0.15,"CHECK >15% variance","OK")))) -> CHECK >15% variance
A11: CAFÉ BOH | B11: GMPC Recycling | C11: =SUMIFS(Fact_PreSortWeights!$E$2:$E$186,Fact_PreSortWeights!$C$2:$C$186,A11,Fact_PreSortWeights!$B$2:$B$186,B11) -> 4.8 | D11: =SUMIFS(Fact_SortedWeights!$E$2:$E$89,Fact_SortedWeights!$C$2:$C$89,A11,Fact_SortedWeights!$B$2:$B$89,B11) -> 1.06 | E11: =D11-C11 -> -3.74 | F11: =IF(C11=0,"n/a",E11/C11) -> -0.77916667 | G11: =IF(AND(C11=0,D11=0),"no data yet",IF(C11=0,"no presort data",IF(D11=0,"NOT YET SORTED",IF(ABS(F11)>0.15,"CHECK >15% variance","OK")))) -> CHECK >15% variance
A12: CAFÉ BOH | B12: Organics Recycling | C12: =SUMIFS(Fact_PreSortWeights!$E$2:$E$186,Fact_PreSortWeights!$C$2:$C$186,A12,Fact_PreSortWeights!$B$2:$B$186,B12) -> 88.2 | D12: =SUMIFS(Fact_SortedWeights!$E$2:$E$89,Fact_SortedWeights!$C$2:$C$89,A12,Fact_SortedWeights!$B$2:$B$89,B12) -> 53.069375 | E12: =D12-C12 -> -35.130625 | F12: =IF(C12=0,"n/a",E12/C12) -> -0.39830641 | G12: =IF(AND(C12=0,D12=0),"no data yet",IF(C12=0,"no presort data",IF(D12=0,"NOT YET SORTED",IF(ABS(F12)>0.15,"CHECK >15% variance","OK")))) -> CHECK >15% variance
A13: CAFÉ BOH | B13: Cardboard Recycling | C13: =SUMIFS(Fact_PreSortWeights!$E$2:$E$186,Fact_PreSortWeights!$C$2:$C$186,A13,Fact_PreSortWeights!$B$2:$B$186,B13) -> 0 | D13: =SUMIFS(Fact_SortedWeights!$E$2:$E$89,Fact_SortedWeights!$C$2:$C$89,A13,Fact_SortedWeights!$B$2:$B$89,B13) -> 0 | E13: =D13-C13 -> 0 | F13: =IF(C13=0,"n/a",E13/C13) -> n/a | G13: =IF(AND(C13=0,D13=0),"no data yet",IF(C13=0,"no presort data",IF(D13=0,"NOT YET SORTED",IF(ABS(F13)>0.15,"CHECK >15% variance","OK")))) -> no data yet
A14: CAFÉ BOH | B14: Paper Recycling | C14: =SUMIFS(Fact_PreSortWeights!$E$2:$E$186,Fact_PreSortWeights!$C$2:$C$186,A14,Fact_PreSortWeights!$B$2:$B$186,B14) -> 0 | D14: =SUMIFS(Fact_SortedWeights!$E$2:$E$89,Fact_SortedWeights!$C$2:$C$89,A14,Fact_SortedWeights!$B$2:$B$89,B14) -> 0 | E14: =D14-C14 -> 0 | F14: =IF(C14=0,"n/a",E14/C14) -> n/a | G14: =IF(AND(C14=0,D14=0),"no data yet",IF(C14=0,"no presort data",IF(D14=0,"NOT YET SORTED",IF(ABS(F14)>0.15,"CHECK >15% variance","OK")))) -> no data yet
A15: CAFÉ BOH | B15: Terracycle | C15: =SUMIFS(Fact_PreSortWeights!$E$2:$E$186,Fact_PreSortWeights!$C$2:$C$186,A15,Fact_PreSortWeights!$B$2:$B$186,B15) -> 0 | D15: =SUMIFS(Fact_SortedWeights!$E$2:$E$89,Fact_SortedWeights!$C$2:$C$89,A15,Fact_SortedWeights!$B$2:$B$89,B15) -> 0 | E15: =D15-C15 -> 0 | F15: =IF(C15=0,"n/a",E15/C15) -> n/a | G15: =IF(AND(C15=0,D15=0),"no data yet",IF(C15=0,"no presort data",IF(D15=0,"NOT YET SORTED",IF(ABS(F15)>0.15,"CHECK >15% variance","OK")))) -> no data yet
... A33: BATHROOM | B33: Terracycle | C33: =SUMIFS(Fact_PreSortWeights!$E$2:$E$186,Fact_PreSortWeights!$C$2:$C$186,A33,Fact_PreSortWeights!$B$2:$B$186,B33) -> 0 | D33: =SUMIFS(Fact_SortedWeights!$E$2:$E$89,Fact_SortedWeights!$C$2:$C$89,A33,Fact_SortedWeights!$B$2:$B$89,B33) -> 0 | E33: =D33-C33 -> 0 | F33: =IF(C33=0,"n/a",E33/C33) -> n/a | G33: =IF(AND(C33=0,D33=0),"no data yet",IF(C33=0,"no presort data",IF(D33=0,"NOT YET SORTED",IF(ABS(F33)>0.15,"CHECK >15% variance","OK")))) -> no data yet
