Workbook

Sheet Audit Info
A1: Audit Info
A3: Client Name | B3: [Client Name]
A4: Site Name | B4: Scenarios Demo Site
A5: Site Address
A6: Hauler
A7: Tenant/Area Breakouts
A8: Auditors | B8: Prototype walkthrough
A9: Audit Date | B9: 2026-07-23
A10: Site Occupancy
A11: Source | B11: Collected via tablet field form

Sheet Materials Master
A1: material_id | B1: material_name | C1: material_category | D1: currently_divertible | E1: accepted_in_program | F1: target: Trash | G1: target: GMPC Recycling | H1: target: Organics Recycling | I1: target: Cardboard Recycling | J1: target: Paper Recycling | K1: target: Terracycle
A2: FIB01 | B2: Corrugated Cardboard | C2: Fibers | D2: Yes | E2: Yes | F2: No | G2: Yes | H2: No | I2: Yes | J2: Yes | K2: No
A3: FIB02 | B3: Soiled Cardboard | C3: Fibers | D3: No | E3: No | F3: Yes | G3: No | H3: No | I3: No | J3: No | K3: No
A4: FIB03 | B4: Waxed Cardboard | C4: Fibers | D4: No | E4: No | F4: Yes | G4: No | H4: No | I4: No | J4: No | K4: No
A5: FIB04 | B5: Mixed Paper | C5: Fibers | D5: Yes | E5: Yes | F5: No | G5: Yes | H5: Yes | I5: No | J5: No | K5: No
A6: FIB05 | B6: Soiled Paper | C6: Fibers | D6: No | E6: No | F6: Yes | G6: No | H6: No | I6: No | J6: No | K6: No
A7: FIB06 | B7: Beverage Cartons | C7: Fibers | D7: Yes | E7: Yes | F7: No | G7: Yes | H7: No | I7: Yes | J7: Yes | K7: No
A8: FIB07 | B8: Soiled Beverage Cartons | C8: Fibers | D8: No | E8: No | F8: Yes | G8: No | H8: No | I8: No | J8: No | K8: No
A9: FIB08 | B9: Paper Cups / Other Coated Paper Containers | C9: Fibers | D9: No | E9: No | F9: Yes | G9: No | H9: No | I9: No | J9: No | K9: No
A10: GLA01 | B10: Glass Bottles & Jars | C10: Glass | D10: Yes | E10: Yes | F10: No | G10: Yes | H10: No | I10: Yes | J10: Yes | K10: No
A11: GLA02 | B11: Soiled Glass | C11: Glass | D11: No | E11: No | F11: Yes | G11: No | H11: No | I11: No | J11: No | K11: No
A12: MET01 | B12: Aluminum & Bi-Metal Containers | C12: Metals | D12: Yes | E12: Yes | F12: No | G12: Yes | H12: No | I12: Yes | J12: Yes | K12: No
... A27: OTH02 | B27: Other/Residual Materials | C27: Other | D27: No | E27: No | F27: Yes | G27: No | H27: No | I27: No | J27: No | K27: No

Sheet Areas
A1: area_id | B1: area_name | C1: rollup_group | D1: default_material_id
A2: OFFICES | B2: OFFICES | C2: Rest of Building
A3: CAFE_BOH | B3: CAFÉ BOH | C3: BOH
A4: LOC_C | B4: LOCATION C | C4: Rest of Building
A5: LOC_D | B5: LOCATION D | C5: Rest of Building
A6: BATHROOM | B6: BATHROOM | C6: Rest of Building | D6: ORG02

Sheet Streams
A1: stream_name | B1: combined_weigh_sort
A2: Trash | B2: No
A3: GMPC Recycling | B3: No
A4: Organics Recycling | B4: No
A5: Cardboard Recycling | B5: Yes
A6: Paper Recycling | B6: No
A7: Terracycle | B7: No

Sheet Fact_SortedWeights
A1: audit_id | B1: stream | C1: area | D1: material_id | E1: weight_lbs | F1: material_name | G1: material_category | H1: currently_divertible | I1: accepted_in_program | J1: belongs_here | K1: rollup_group | L1: non_representative | M1: notes
A2: 120PARK-2025 | B2: Trash | C2: OFFICES | D2: FIB04 | E2: 35 | F2: =IFERROR(INDEX('Materials Master'!$B$2:$B$27,MATCH(D2,'Materials Master'!$A$2:$A$27,0)),"") -> Mixed Paper | G2: =IFERROR(INDEX('Materials Master'!$C$2:$C$27,MATCH(D2,'Materials Master'!$A$2:$A$27,0)),"") -> Fibers | H2: =IFERROR(INDEX('Materials Master'!$D$2:$D$27,MATCH(D2,'Materials Master'!$A$2:$A$27,0)),"") -> Yes | I2: =IFERROR(INDEX('Materials Master'!$E$2:$E$27,MATCH(D2,'Materials Master'!$A$2:$A$27,0)),"") -> Yes | J2: =IFERROR(IF(B2="Trash",INDEX('Materials Master'!$F$2:$F$27,MATCH(D2,'Materials Master'!$A$2:$A$27,0)),IF(B2="GMPC Recycling",INDEX('Materials Master'!$G$2:$G$27,MATCH(D2,'Materials Master'!$A$2:$A$27,0)),IF(B2="Organics Recycling",INDEX('Materials Master'!$H$2:$H$27,MATCH(D2,'Materials Master'!$A$2:$A$27,0)),IF(B2="Cardboard Recycling",INDEX('Materials Master'!$I$2:$I$27,MATCH(D2,'Materials Master'!$A$2:$A$27,0)),IF(B2="Paper Recycling",INDEX('Materials Master'!$J$2:$J$27,MATCH(D2,'Materials Master'!$A$2:$A$27,0)),IF(B2="Terracycle",INDEX('Materials Master'!$K$2:$K$27,MATCH(D2,'Materials Master'!$A$2:$A$27,0)),"No")))))),"") -> No | K2: =IFERROR(INDEX(Areas!$C$2:$C$6,MATCH(C2,Areas!$B$2:$B$6,0)),"") -> Rest of Building | L2: No | M2: Typical sample
A3: 120PARK-2025 | B3: Trash | C3: OFFICES | D3: GLA02 | E3: 5 | F3: =IFERROR(INDEX('Materials Master'!$B$2:$B$27,MATCH(D3,'Materials Master'!$A$2:$A$27,0)),"") -> Soiled Glass | G3: =IFERROR(INDEX('Materials Master'!$C$2:$C$27,MATCH(D3,'Materials Master'!$A$2:$A$27,0)),"") -> Glass | H3: =IFERROR(INDEX('Materials Master'!$D$2:$D$27,MATCH(D3,'Materials Master'!$A$2:$A$27,0)),"") -> No | I3: =IFERROR(INDEX('Materials Master'!$E$2:$E$27,MATCH(D3,'Materials Master'!$A$2:$A$27,0)),"") -> No | J3: =IFERROR(IF(B3="Trash",INDEX('Materials Master'!$F$2:$F$27,MATCH(D3,'Materials Master'!$A$2:$A$27,0)),IF(B3="GMPC Recycling",INDEX('Materials Master'!$G$2:$G$27,MATCH(D3,'Materials Master'!$A$2:$A$27,0)),IF(B3="Organics Recycling",INDEX('Materials Master'!$H$2:$H$27,MATCH(D3,'Materials Master'!$A$2:$A$27,0)),IF(B3="Cardboard Recycling",INDEX('Materials Master'!$I$2:$I$27,MATCH(D3,'Materials Master'!$A$2:$A$27,0)),IF(B3="Paper Recycling",INDEX('Materials Master'!$J$2:$J$27,MATCH(D3,'Materials Master'!$A$2:$A$27,0)),IF(B3="Terracycle",INDEX('Materials Master'!$K$2:$K$27,MATCH(D3,'Materials Master'!$A$2:$A$27,0)),"No")))))),"") -> Yes | K3: =IFERROR(INDEX(Areas!$C$2:$C$6,MATCH(C3,Areas!$B$2:$B$6,0)),"") -> Rest of Building | L3: Yes | M3: One broken bottle found in the sample bag
A4: 120PARK-2025 | B4: Cardboard Recycling | C4: OFFICES | D4: FIB01 | E4: 50 | F4: =IFERROR(INDEX('Materials Master'!$B$2:$B$27,MATCH(D4,'Materials Master'!$A$2:$A$27,0)),"") -> Corrugated Cardboard | G4: =IFERROR(INDEX('Materials Master'!$C$2:$C$27,MATCH(D4,'Materials Master'!$A$2:$A$27,0)),"") -> Fibers | H4: =IFERROR(INDEX('Materials Master'!$D$2:$D$27,MATCH(D4,'Materials Master'!$A$2:$A$27,0)),"") -> Yes | I4: =IFERROR(INDEX('Materials Master'!$E$2:$E$27,MATCH(D4,'Materials Master'!$A$2:$A$27,0)),"") -> Yes | J4: =IFERROR(IF(B4="Trash",INDEX('Materials Master'!$F$2:$F$27,MATCH(D4,'Materials Master'!$A$2:$A$27,0)),IF(B4="GMPC Recycling",INDEX('Materials Master'!$G$2:$G$27,MATCH(D4,'Materials Master'!$A$2:$A$27,0)),IF(B4="Organics Recycling",INDEX('Materials Master'!$H$2:$H$27,MATCH(D4,'Materials Master'!$A$2:$A$27,0)),IF(B4="Cardboard Recycling",INDEX('Materials Master'!$I$2:$I$27,MATCH(D4,'Materials Master'!$A$2:$A$27,0)),IF(B4="Paper Recycling",INDEX('Materials Master'!$J$2:$J$27,MATCH(D4,'Materials Master'!$A$2:$A$27,0)),IF(B4="Terracycle",INDEX('Materials Master'!$K$2:$K$27,MATCH(D4,'Materials Master'!$A$2:$A$27,0)),"No")))))),"") -> Yes | K4: =IFERROR(INDEX(Areas!$C$2:$C$6,MATCH(C4,Areas!$B$2:$B$6,0)),"") -> Rest of Building | L4: No | M4: Weighed and sorted directly, no bagging step
A5: 120PARK-2025 | B5: GMPC Recycling | C5: OFFICES | D5: FIB04 | E5: 30 | F5: =IFERROR(INDEX('Materials Master'!$B$2:$B$27,MATCH(D5,'Materials Master'!$A$2:$A$27,0)),"") -> Mixed Paper | G5: =IFERROR(INDEX('Materials Master'!$C$2:$C$27,MATCH(D5,'Materials Master'!$A$2:$A$27,0)),"") -> Fibers | H5: =IFERROR(INDEX('Materials Master'!$D$2:$D$27,MATCH(D5,'Materials Master'!$A$2:$A$27,0)),"") -> Yes | I5: =IFERROR(INDEX('Materials Master'!$E$2:$E$27,MATCH(D5,'Materials Master'!$A$2:$A$27,0)),"") -> Yes | J5: =IFERROR(IF(B5="Trash",INDEX('Materials Master'!$F$2:$F$27,MATCH(D5,'Materials Master'!$A$2:$A$27,0)),IF(B5="GMPC Recycling",INDEX('Materials Master'!$G$2:$G$27,MATCH(D5,'Materials Master'!$A$2:$A$27,0)),IF(B5="Organics Recycling",INDEX('Materials Master'!$H$2:$H$27,MATCH(D5,'Materials Master'!$A$2:$A$27,0)),IF(B5="Cardboard Recycling",INDEX('Materials Master'!$I$2:$I$27,MATCH(D5,'Materials Master'!$A$2:$A$27,0)),IF(B5="Paper Recycling",INDEX('Materials Master'!$J$2:$J$27,MATCH(D5,'Materials Master'!$A$2:$A$27,0)),IF(B5="Terracycle",INDEX('Materials Master'!$K$2:$K$27,MATCH(D5,'Materials Master'!$A$2:$A$27,0)),"No")))))),"") -> Yes | K5: =IFERROR(INDEX(Areas!$C$2:$C$6,MATCH(C5,Areas!$B$2:$B$6,0)),"") -> Rest of Building | L5: No
A6: 120PARK-2025 | B6: Organics Recycling | C6: OFFICES | D6: FIB04 | E6: 20 | F6: =IFERROR(INDEX('Materials Master'!$B$2:$B$27,MATCH(D6,'Materials Master'!$A$2:$A$27,0)),"") -> Mixed Paper | G6: =IFERROR(INDEX('Materials Master'!$C$2:$C$27,MATCH(D6,'Materials Master'!$A$2:$A$27,0)),"") -> Fibers | H6: =IFERROR(INDEX('Materials Master'!$D$2:$D$27,MATCH(D6,'Materials Master'!$A$2:$A$27,0)),"") -> Yes | I6: =IFERROR(INDEX('Materials Master'!$E$2:$E$27,MATCH(D6,'Materials Master'!$A$2:$A$27,0)),"") -> Yes | J6: =IFERROR(IF(B6="Trash",INDEX('Materials Master'!$F$2:$F$27,MATCH(D6,'Materials Master'!$A$2:$A$27,0)),IF(B6="GMPC Recycling",INDEX('Materials Master'!$G$2:$G$27,MATCH(D6,'Materials Master'!$A$2:$A$27,0)),IF(B6="Organics Recycling",INDEX('Materials Master'!$H$2:$H$27,MATCH(D6,'Materials Master'!$A$2:$A$27,0)),IF(B6="Cardboard Recycling",INDEX('Materials Master'!$I$2:$I$27,MATCH(D6,'Materials Master'!$A$2:$A$27,0)),IF(B6="Paper Recycling",INDEX('Materials Master'!$J$2:$J$27,MATCH(D6,'Materials Master'!$A$2:$A$27,0)),IF(B6="Terracycle",INDEX('Materials Master'!$K$2:$K$27,MATCH(D6,'Materials Master'!$A$2:$A$27,0)),"No")))))),"") -> Yes | K6: =IFERROR(INDEX(Areas!$C$2:$C$6,MATCH(C6,Areas!$B$2:$B$6,0)),"") -> Rest of Building | L6: No | M6: Also accepted here at this site

Sheet Fact_PreSortWeights
A1: audit_id | B1: stream | C1: area | D1: bag_number | E1: weight_lbs | F1: known_material_id | G1: notes
A2: 120PARK-2025 | B2: Trash | C2: OFFICES | D2: 1 | E2: 40 | G2: Regular bag 1
A3: 120PARK-2025 | B3: Trash | C3: OFFICES | D3: 2 | E3: 40 | G3: Regular bag 2
A4: 120PARK-2025 | B4: Trash | C4: OFFICES | D4: 3 | E4: 40 | G4: Regular bag 3
A5: 120PARK-2025 | B5: Trash | C5: OFFICES | D5: 4 | E5: 40 | G5: Regular bag 4
A6: 120PARK-2025 | B6: Trash | C6: OFFICES | D6: 5 | E6: 40 | G6: Regular bag 5
A7: 120PARK-2025 | B7: Trash | C7: OFFICES | D7: 6 | E7: 40 | G7: Regular bag 6
A8: 120PARK-2025 | B8: Trash | C8: OFFICES | D8: 7 | E8: 40 | G8: Regular bag 7
A9: 120PARK-2025 | B9: Trash | C9: OFFICES | D9: 8 | E9: 40 | G9: Regular bag 8
A10: 120PARK-2025 | B10: Trash | C10: OFFICES | D10: 9 | E10: 40 | G10: Regular bag 9
A11: 120PARK-2025 | B11: Trash | C11: OFFICES | D11: 10 | E11: 40 | G11: Regular bag 10
A12: 120PARK-2025 | B12: Trash | C12: OFFICES | D12: 11 | E12: 20 | F12: FIB01 | G12: Known to be all cardboard
A13: 120PARK-2025 | B13: GMPC Recycling | C13: OFFICES | D13: 1 | E13: 30
A14: 120PARK-2025 | B14: Organics Recycling | C14: OFFICES | D14: 1 | E14: 20
A15: 120PARK-2025 | B15: Trash | C15: BATHROOM | D15: 1 | E15: 30 | G15: Not sorted for sanitary reasons

Sheet Fact_Extrapolated
A1: area | B1: stream | C1: material_id | D1: material_name | E1: material_category | F1: extrapolated_weight_lbs | G1: correctly_placed | H1: accepted_in_program | I1: rollup_group | J1: belongs_here
A2: OFFICES | B2: Trash | C2: FIB01 | D2: =IFERROR(INDEX('Materials Master'!$B$2:$B$27,MATCH($C2,'Materials Master'!$A$2:$A$27,0)),"") -> Corrugated Cardboard | E2: =IFERROR(INDEX('Materials Master'!$C$2:$C$27,MATCH($C2,'Materials Master'!$A$2:$A$27,0)),"") -> Fibers | F2: =(SUMIFS(Fact_PreSortWeights!$E$2:$E$15,Fact_PreSortWeights!$C$2:$C$15,$A2,Fact_PreSortWeights!$B$2:$B$15,$B2,Fact_PreSortWeights!$F$2:$F$15,$C2))+(SUMIFS(Fact_SortedWeights!$E$2:$E$6,Fact_SortedWeights!$C$2:$C$6,$A2,Fact_SortedWeights!$B$2:$B$6,$B2,Fact_SortedWeights!$D$2:$D$6,$C2,Fact_SortedWeights!$L$2:$L$6,"Yes"))+IF((SUMIFS(Fact_SortedWeights!$E$2:$E$6,Fact_SortedWeights!$C$2:$C$6,$A2,Fact_SortedWeights!$B$2:$B$6,$B2,Fact_SortedWeights!$L$2:$L$6,"No"))=0,0,(SUMIFS(Fact_SortedWeights!$E$2:$E$6,Fact_SortedWeights!$C$2:$C$6,$A2,Fact_SortedWeights!$B$2:$B$6,$B2,Fact_SortedWeights!$D$2:$D$6,$C2,Fact_SortedWeights!$L$2:$L$6,"No"))/(SUMIFS(Fact_SortedWeights!$E$2:$E$6,Fact_SortedWeights!$C$2:$C$6,$A2,Fact_SortedWeights!$B$2:$B$6,$B2,Fact_SortedWeights!$L$2:$L$6,"No"))*((SUMIFS(Fact_PreSortWeights!$E$2:$E$15,Fact_PreSortWeights!$C$2:$C$15,$A2,Fact_PreSortWeights!$B$2:$B$15,$B2,Fact_PreSortWeights!$F$2:$F$15,""))-(SUMIFS(Fact_SortedWeights!$E$2:$E$6,Fact_SortedWeights!$C$2:$C$6,$A2,Fact_SortedWeights!$B$2:$B$6,$B2,Fact_SortedWeights!$L$2:$L$6,"Yes")))) -> 20 | G2: =IF(AND(IF($B2="Trash",INDEX('Materials Master'!$F$2:$F$27,MATCH($C2,'Materials Master'!$A$2:$A$27,0)),IF($B2="GMPC Recycling",INDEX('Materials Master'!$G$2:$G$27,MATCH($C2,'Materials Master'!$A$2:$A$27,0)),IF($B2="Organics Recycling",INDEX('Materials Master'!$H$2:$H$27,MATCH($C2,'Materials Master'!$A$2:$A$27,0)),IF($B2="Cardboard Recycling",INDEX('Materials Master'!$I$2:$I$27,MATCH($C2,'Materials Master'!$A$2:$A$27,0)),IF($B2="Paper Recycling",INDEX('Materials Master'!$J$2:$J$27,MATCH($C2,'Materials Master'!$A$2:$A$27,0)),IF($B2="Terracycle",INDEX('Materials Master'!$K$2:$K$27,MATCH($C2,'Materials Master'!$A$2:$A$27,0)),"No"))))))="Yes",INDEX('Materials Master'!$E$2:$E$27,MATCH($C2,'Materials Master'!$A$2:$A$27,0))="Yes",$B2<>"Trash"),1,0) -> 0 | H2: =INDEX('Materials Master'!$E$2:$E$27,MATCH($C2,'Materials Master'!$A$2:$A$27,0)) -> Yes | I2: =IFERROR(INDEX(Areas!$C$2:$C$6,MATCH($A2,Areas!$B$2:$B$6,0)),"") -> Rest of Building | J2: =IF(IF($B2="Trash",INDEX('Materials Master'!$F$2:$F$27,MATCH($C2,'Materials Master'!$A$2:$A$27,0)),IF($B2="GMPC Recycling",INDEX('Materials Master'!$G$2:$G$27,MATCH($C2,'Materials Master'!$A$2:$A$27,0)),IF($B2="Organics Recycling",INDEX('Materials Master'!$H$2:$H$27,MATCH($C2,'Materials Master'!$A$2:$A$27,0)),IF($B2="Cardboard Recycling",INDEX('Materials Master'!$I$2:$I$27,MATCH($C2,'Materials Master'!$A$2:$A$27,0)),IF($B2="Paper Recycling",INDEX('Materials Master'!$J$2:$J$27,MATCH($C2,'Materials Master'!$A$2:$A$27,0)),IF($B2="Terracycle",INDEX('Materials Master'!$K$2:$K$27,MATCH($C2,'Materials Master'!$A$2:$A$27,0)),"No"))))))="Yes",1,0) -> 0
A3: OFFICES | B3: Trash | C3: FIB02 | D3: =IFERROR(INDEX('Materials Master'!$B$2:$B$27,MATCH($C3,'Materials Master'!$A$2:$A$27,0)),"") -> Soiled Cardboard | E3: =IFERROR(INDEX('Materials Master'!$C$2:$C$27,MATCH($C3,'Materials Master'!$A$2:$A$27,0)),"") -> Fibers | F3: =(SUMIFS(Fact_PreSortWeights!$E$2:$E$15,Fact_PreSortWeights!$C$2:$C$15,$A3,Fact_PreSortWeights!$B$2:$B$15,$B3,Fact_PreSortWeights!$F$2:$F$15,$C3))+(SUMIFS(Fact_SortedWeights!$E$2:$E$6,Fact_SortedWeights!$C$2:$C$6,$A3,Fact_SortedWeights!$B$2:$B$6,$B3,Fact_SortedWeights!$D$2:$D$6,$C3,Fact_SortedWeights!$L$2:$L$6,"Yes"))+IF((SUMIFS(Fact_SortedWeights!$E$2:$E$6,Fact_SortedWeights!$C$2:$C$6,$A3,Fact_SortedWeights!$B$2:$B$6,$B3,Fact_SortedWeights!$L$2:$L$6,"No"))=0,0,(SUMIFS(Fact_SortedWeights!$E$2:$E$6,Fact_SortedWeights!$C$2:$C$6,$A3,Fact_SortedWeights!$B$2:$B$6,$B3,Fact_SortedWeights!$D$2:$D$6,$C3,Fact_SortedWeights!$L$2:$L$6,"No"))/(SUMIFS(Fact_SortedWeights!$E$2:$E$6,Fact_SortedWeights!$C$2:$C$6,$A3,Fact_SortedWeights!$B$2:$B$6,$B3,Fact_SortedWeights!$L$2:$L$6,"No"))*((SUMIFS(Fact_PreSortWeights!$E$2:$E$15,Fact_PreSortWeights!$C$2:$C$15,$A3,Fact_PreSortWeights!$B$2:$B$15,$B3,Fact_PreSortWeights!$F$2:$F$15,""))-(SUMIFS(Fact_SortedWeights!$E$2:$E$6,Fact_SortedWeights!$C$2:$C$6,$A3,Fact_SortedWeights!$B$2:$B$6,$B3,Fact_SortedWeights!$L$2:$L$6,"Yes")))) -> 0 | G3: =IF(AND(IF($B3="Trash",INDEX('Materials Master'!$F$2:$F$27,MATCH($C3,'Materials Master'!$A$2:$A$27,0)),IF($B3="GMPC Recycling",INDEX('Materials Master'!$G$2:$G$27,MATCH($C3,'Materials Master'!$A$2:$A$27,0)),IF($B3="Organics Recycling",INDEX('Materials Master'!$H$2:$H$27,MATCH($C3,'Materials Master'!$A$2:$A$27,0)),IF($B3="Cardboard Recycling",INDEX('Materials Master'!$I$2:$I$27,MATCH($C3,'Materials Master'!$A$2:$A$27,0)),IF($B3="Paper Recycling",INDEX('Materials Master'!$J$2:$J$27,MATCH($C3,'Materials Master'!$A$2:$A$27,0)),IF($B3="Terracycle",INDEX('Materials Master'!$K$2:$K$27,MATCH($C3,'Materials Master'!$A$2:$A$27,0)),"No"))))))="Yes",INDEX('Materials Master'!$E$2:$E$27,MATCH($C3,'Materials Master'!$A$2:$A$27,0))="Yes",$B3<>"Trash"),1,0) -> 0 | H3: =INDEX('Materials Master'!$E$2:$E$27,MATCH($C3,'Materials Master'!$A$2:$A$27,0)) -> No | I3: =IFERROR(INDEX(Areas!$C$2:$C$6,MATCH($A3,Areas!$B$2:$B$6,0)),"") -> Rest of Building | J3: =IF(IF($B3="Trash",INDEX('Materials Master'!$F$2:$F$27,MATCH($C3,'Materials Master'!$A$2:$A$27,0)),IF($B3="GMPC Recycling",INDEX('Materials Master'!$G$2:$G$27,MATCH($C3,'Materials Master'!$A$2:$A$27,0)),IF($B3="Organics Recycling",INDEX('Materials Master'!$H$2:$H$27,MATCH($C3,'Materials Master'!$A$2:$A$27,0)),IF($B3="Cardboard Recycling",INDEX('Materials Master'!$I$2:$I$27,MATCH($C3,'Materials Master'!$A$2:$A$27,0)),IF($B3="Paper Recycling",INDEX('Materials Master'!$J$2:$J$27,MATCH($C3,'Materials Master'!$A$2:$A$27,0)),IF($B3="Terracycle",INDEX('Materials Master'!$K$2:$K$27,MATCH($C3,'Materials Master'!$A$2:$A$27,0)),"No"))))))="Yes",1,0) -> 1
A4: OFFICES | B4: Trash | C4: FIB03 | D4: =IFERROR(INDEX('Materials Master'!$B$2:$B$27,MATCH($C4,'Materials Master'!$A$2:$A$27,0)),"") -> Waxed Cardboard | E4: =IFERROR(INDEX('Materials Master'!$C$2:$C$27,MATCH($C4,'Materials Master'!$A$2:$A$27,0)),"") -> Fibers | F4: =(SUMIFS(Fact_PreSortWeights!$E$2:$E$15,Fact_PreSortWeights!$C$2:$C$15,$A4,Fact_PreSortWeights!$B$2:$B$15,$B4,Fact_PreSortWeights!$F$2:$F$15,$C4))+(SUMIFS(Fact_SortedWeights!$E$2:$E$6,Fact_SortedWeights!$C$2:$C$6,$A4,Fact_SortedWeights!$B$2:$B$6,$B4,Fact_SortedWeights!$D$2:$D$6,$C4,Fact_SortedWeights!$L$2:$L$6,"Yes"))+IF((SUMIFS(Fact_SortedWeights!$E$2:$E$6,Fact_SortedWeights!$C$2:$C$6,$A4,Fact_SortedWeights!$B$2:$B$6,$B4,Fact_SortedWeights!$L$2:$L$6,"No"))=0,0,(SUMIFS(Fact_SortedWeights!$E$2:$E$6,Fact_SortedWeights!$C$2:$C$6,$A4,Fact_SortedWeights!$B$2:$B$6,$B4,Fact_SortedWeights!$D$2:$D$6,$C4,Fact_SortedWeights!$L$2:$L$6,"No"))/(SUMIFS(Fact_SortedWeights!$E$2:$E$6,Fact_SortedWeights!$C$2:$C$6,$A4,Fact_SortedWeights!$B$2:$B$6,$B4,Fact_SortedWeights!$L$2:$L$6,"No"))*((SUMIFS(Fact_PreSortWeights!$E$2:$E$15,Fact_PreSortWeights!$C$2:$C$15,$A4,Fact_PreSortWeights!$B$2:$B$15,$B4,Fact_PreSortWeights!$F$2:$F$15,""))-(SUMIFS(Fact_SortedWeights!$E$2:$E$6,Fact_SortedWeights!$C$2:$C$6,$A4,Fact_SortedWeights!$B$2:$B$6,$B4,Fact_SortedWeights!$L$2:$L$6,"Yes")))) -> 0 | G4: =IF(AND(IF($B4="Trash",INDEX('Materials Master'!$F$2:$F$27,MATCH($C4,'Materials Master'!$A$2:$A$27,0)),IF($B4="GMPC Recycling",INDEX('Materials Master'!$G$2:$G$27,MATCH($C4,'Materials Master'!$A$2:$A$27,0)),IF($B4="Organics Recycling",INDEX('Materials Master'!$H$2:$H$27,MATCH($C4,'Materials Master'!$A$2:$A$27,0)),IF($B4="Cardboard Recycling",INDEX('Materials Master'!$I$2:$I$27,MATCH($C4,'Materials Master'!$A$2:$A$27,0)),IF($B4="Paper Recycling",INDEX('Materials Master'!$J$2:$J$27,MATCH($C4,'Materials Master'!$A$2:$A$27,0)),IF($B4="Terracycle",INDEX('Materials Master'!$K$2:$K$27,MATCH($C4,'Materials Master'!$A$2:$A$27,0)),"No"))))))="Yes",INDEX('Materials Master'!$E$2:$E$27,MATCH($C4,'Materials Master'!$A$2:$A$27,0))="Yes",$B4<>"Trash"),1,0) -> 0 | H4: =INDEX('Materials Master'!$E$2:$E$27,MATCH($C4,'Materials Master'!$A$2:$A$27,0)) -> No | I4: =IFERROR(INDEX(Areas!$C$2:$C$6,MATCH($A4,Areas!$B$2:$B$6,0)),"") -> Rest of Building | J4: =IF(IF($B4="Trash",INDEX('Materials Master'!$F$2:$F$27,MATCH($C4,'Materials Master'!$A$2:$A$27,0)),IF($B4="GMPC Recycling",INDEX('Materials Master'!$G$2:$G$27,MATCH($C4,'Materials Master'!$A$2:$A$27,0)),IF($B4="Organics Recycling",INDEX('Materials Master'!$H$2:$H$27,MATCH($C4,'Materials Master'!$A$2:$A$27,0)),IF($B4="Cardboard Recycling",INDEX('Materials Master'!$I$2:$I$27,MATCH($C4,'Materials Master'!$A$2:$A$27,0)),IF($B4="Paper Recycling",INDEX('Materials Master'!$J$2:$J$27,MATCH($C4,'Materials Master'!$A$2:$A$27,0)),IF($B4="Terracycle",INDEX('Materials Master'!$K$2:$K$27,MATCH($C4,'Materials Master'!$A$2:$A$27,0)),"No"))))))="Yes",1,0) -> 1
A5: OFFICES | B5: Trash | C5: FIB04 | D5: =IFERROR(INDEX('Materials Master'!$B$2:$B$27,MATCH($C5,'Materials Master'!$A$2:$A$27,0)),"") -> Mixed Paper | E5: =IFERROR(INDEX('Materials Master'!$C$2:$C$27,MATCH($C5,'Materials Master'!$A$2:$A$27,0)),"") -> Fibers | F5: =(SUMIFS(Fact_PreSortWeights!$E$2:$E$15,Fact_PreSortWeights!$C$2:$C$15,$A5,Fact_PreSortWeights!$B$2:$B$15,$B5,Fact_PreSortWeights!$F$2:$F$15,$C5))+(SUMIFS(Fact_SortedWeights!$E$2:$E$6,Fact_SortedWeights!$C$2:$C$6,$A5,Fact_SortedWeights!$B$2:$B$6,$B5,Fact_SortedWeights!$D$2:$D$6,$C5,Fact_SortedWeights!$L$2:$L$6,"Yes"))+IF((SUMIFS(Fact_SortedWeights!$E$2:$E$6,Fact_SortedWeights!$C$2:$C$6,$A5,Fact_SortedWeights!$B$2:$B$6,$B5,Fact_SortedWeights!$L$2:$L$6,"No"))=0,0,(SUMIFS(Fact_SortedWeights!$E$2:$E$6,Fact_SortedWeights!$C$2:$C$6,$A5,Fact_SortedWeights!$B$2:$B$6,$B5,Fact_SortedWeights!$D$2:$D$6,$C5,Fact_SortedWeights!$L$2:$L$6,"No"))/(SUMIFS(Fact_SortedWeights!$E$2:$E$6,Fact_SortedWeights!$C$2:$C$6,$A5,Fact_SortedWeights!$B$2:$B$6,$B5,Fact_SortedWeights!$L$2:$L$6,"No"))*((SUMIFS(Fact_PreSortWeights!$E$2:$E$15,Fact_PreSortWeights!$C$2:$C$15,$A5,Fact_PreSortWeights!$B$2:$B$15,$B5,Fact_PreSortWeights!$F$2:$F$15,""))-(SUMIFS(Fact_SortedWeights!$E$2:$E$6,Fact_SortedWeights!$C$2:$C$6,$A5,Fact_SortedWeights!$B$2:$B$6,$B5,Fact_SortedWeights!$L$2:$L$6,"Yes")))) -> 395 | G5: =IF(AND(IF($B5="Trash",INDEX('Materials Master'!$F$2:$F$27,MATCH($C5,'Materials Master'!$A$2:$A$27,0)),IF($B5="GMPC Recycling",INDEX('Materials Master'!$G$2:$G$27,MATCH($C5,'Materials Master'!$A$2:$A$27,0)),IF($B5="Organics Recycling",INDEX('Materials Master'!$H$2:$H$27,MATCH($C5,'Materials Master'!$A$2:$A$27,0)),IF($B5="Cardboard Recycling",INDEX('Materials Master'!$I$2:$I$27,MATCH($C5,'Materials Master'!$A$2:$A$27,0)),IF($B5="Paper Recycling",INDEX('Materials Master'!$J$2:$J$27,MATCH($C5,'Materials Master'!$A$2:$A$27,0)),IF($B5="Terracycle",INDEX('Materials Master'!$K$2:$K$27,MATCH($C5,'Materials Master'!$A$2:$A$27,0)),"No"))))))="Yes",INDEX('Materials Master'!$E$2:$E$27,MATCH($C5,'Materials Master'!$A$2:$A$27,0))="Yes",$B5<>"Trash"),1,0) -> 0 | H5: =INDEX('Materials Master'!$E$2:$E$27,MATCH($C5,'Materials Master'!$A$2:$A$27,0)) -> Yes | I5: =IFERROR(INDEX(Areas!$C$2:$C$6,MATCH($A5,Areas!$B$2:$B$6,0)),"") -> Rest of Building | J5: =IF(IF($B5="Trash",INDEX('Materials Master'!$F$2:$F$27,MATCH($C5,'Materials Master'!$A$2:$A$27,0)),IF($B5="GMPC Recycling",INDEX('Materials Master'!$G$2:$G$27,MATCH($C5,'Materials Master'!$A$2:$A$27,0)),IF($B5="Organics Recycling",INDEX('Materials Master'!$H$2:$H$27,MATCH($C5,'Materials Master'!$A$2:$A$27,0)),IF($B5="Cardboard Recycling",INDEX('Materials Master'!$I$2:$I$27,MATCH($C5,'Materials Master'!$A$2:$A$27,0)),IF($B5="Paper Recycling",INDEX('Materials Master'!$J$2:$J$27,MATCH($C5,'Materials Master'!$A$2:$A$27,0)),IF($B5="Terracycle",INDEX('Materials Master'!$K$2:$K$27,MATCH($C5,'Materials Master'!$A$2:$A$27,0)),"No"))))))="Yes",1,0) -> 0
A6: OFFICES | B6: Trash | C6: FIB05 | D6: =IFERROR(INDEX('Materials Master'!$B$2:$B$27,MATCH($C6,'Materials Master'!$A$2:$A$27,0)),"") -> Soiled Paper | E6: =IFERROR(INDEX('Materials Master'!$C$2:$C$27,MATCH($C6,'Materials Master'!$A$2:$A$27,0)),"") -> Fibers | F6: =(SUMIFS(Fact_PreSortWeights!$E$2:$E$15,Fact_PreSortWeights!$C$2:$C$15,$A6,Fact_PreSortWeights!$B$2:$B$15,$B6,Fact_PreSortWeights!$F$2:$F$15,$C6))+(SUMIFS(Fact_SortedWeights!$E$2:$E$6,Fact_SortedWeights!$C$2:$C$6,$A6,Fact_SortedWeights!$B$2:$B$6,$B6,Fact_SortedWeights!$D$2:$D$6,$C6,Fact_SortedWeights!$L$2:$L$6,"Yes"))+IF((SUMIFS(Fact_SortedWeights!$E$2:$E$6,Fact_SortedWeights!$C$2:$C$6,$A6,Fact_SortedWeights!$B$2:$B$6,$B6,Fact_SortedWeights!$L$2:$L$6,"No"))=0,0,(SUMIFS(Fact_SortedWeights!$E$2:$E$6,Fact_SortedWeights!$C$2:$C$6,$A6,Fact_SortedWeights!$B$2:$B$6,$B6,Fact_SortedWeights!$D$2:$D$6,$C6,Fact_SortedWeights!$L$2:$L$6,"No"))/(SUMIFS(Fact_SortedWeights!$E$2:$E$6,Fact_SortedWeights!$C$2:$C$6,$A6,Fact_SortedWeights!$B$2:$B$6,$B6,Fact_SortedWeights!$L$2:$L$6,"No"))*((SUMIFS(Fact_PreSortWeights!$E$2:$E$15,Fact_PreSortWeights!$C$2:$C$15,$A6,Fact_PreSortWeights!$B$2:$B$15,$B6,Fact_PreSortWeights!$F$2:$F$15,""))-(SUMIFS(Fact_SortedWeights!$E$2:$E$6,Fact_SortedWeights!$C$2:$C$6,$A6,Fact_SortedWeights!$B$2:$B$6,$B6,Fact_SortedWeights!$L$2:$L$6,"Yes")))) -> 0 | G6: =IF(AND(IF($B6="Trash",INDEX('Materials Master'!$F$2:$F$27,MATCH($C6,'Materials Master'!$A$2:$A$27,0)),IF($B6="GMPC Recycling",INDEX('Materials Master'!$G$2:$G$27,MATCH($C6,'Materials Master'!$A$2:$A$27,0)),IF($B6="Organics Recycling",INDEX('Materials Master'!$H$2:$H$27,MATCH($C6,'Materials Master'!$A$2:$A$27,0)),IF($B6="Cardboard Recycling",INDEX('Materials Master'!$I$2:$I$27,MATCH($C6,'Materials Master'!$A$2:$A$27,0)),IF($B6="Paper Recycling",INDEX('Materials Master'!$J$2:$J$27,MATCH($C6,'Materials Master'!$A$2:$A$27,0)),IF($B6="Terracycle",INDEX('Materials Master'!$K$2:$K$27,MATCH($C6,'Materials Master'!$A$2:$A$27,0)),"No"))))))="Yes",INDEX('Materials Master'!$E$2:$E$27,MATCH($C6,'Materials Master'!$A$2:$A$27,0))="Yes",$B6<>"Trash"),1,0) -> 0 | H6: =INDEX('Materials Master'!$E$2:$E$27,MATCH($C6,'Materials Master'!$A$2:$A$27,0)) -> No | I6: =IFERROR(INDEX(Areas!$C$2:$C$6,MATCH($A6,Areas!$B$2:$B$6,0)),"") -> Rest of Building | J6: =IF(IF($B6="Trash",INDEX('Materials Master'!$F$2:$F$27,MATCH($C6,'Materials Master'!$A$2:$A$27,0)),IF($B6="GMPC Recycling",INDEX('Materials Master'!$G$2:$G$27,MATCH($C6,'Materials Master'!$A$2:$A$27,0)),IF($B6="Organics Recycling",INDEX('Materials Master'!$H$2:$H$27,MATCH($C6,'Materials Master'!$A$2:$A$27,0)),IF($B6="Cardboard Recycling",INDEX('Materials Master'!$I$2:$I$27,MATCH($C6,'Materials Master'!$A$2:$A$27,0)),IF($B6="Paper Recycling",INDEX('Materials Master'!$J$2:$J$27,MATCH($C6,'Materials Master'!$A$2:$A$27,0)),IF($B6="Terracycle",INDEX('Materials Master'!$K$2:$K$27,MATCH($C6,'Materials Master'!$A$2:$A$27,0)),"No"))))))="Yes",1,0) -> 1
A7: OFFICES | B7: Trash | C7: FIB06 | D7: =IFERROR(INDEX('Materials Master'!$B$2:$B$27,MATCH($C7,'Materials Master'!$A$2:$A$27,0)),"") -> Beverage Cartons | E7: =IFERROR(INDEX('Materials Master'!$C$2:$C$27,MATCH($C7,'Materials Master'!$A$2:$A$27,0)),"") -> Fibers | F7: =(SUMIFS(Fact_PreSortWeights!$E$2:$E$15,Fact_PreSortWeights!$C$2:$C$15,$A7,Fact_PreSortWeights!$B$2:$B$15,$B7,Fact_PreSortWeights!$F$2:$F$15,$C7))+(SUMIFS(Fact_SortedWeights!$E$2:$E$6,Fact_SortedWeights!$C$2:$C$6,$A7,Fact_SortedWeights!$B$2:$B$6,$B7,Fact_SortedWeights!$D$2:$D$6,$C7,Fact_SortedWeights!$L$2:$L$6,"Yes"))+IF((SUMIFS(Fact_SortedWeights!$E$2:$E$6,Fact_SortedWeights!$C$2:$C$6,$A7,Fact_SortedWeights!$B$2:$B$6,$B7,Fact_SortedWeights!$L$2:$L$6,"No"))=0,0,(SUMIFS(Fact_SortedWeights!$E$2:$E$6,Fact_SortedWeights!$C$2:$C$6,$A7,Fact_SortedWeights!$B$2:$B$6,$B7,Fact_SortedWeights!$D$2:$D$6,$C7,Fact_SortedWeights!$L$2:$L$6,"No"))/(SUMIFS(Fact_SortedWeights!$E$2:$E$6,Fact_SortedWeights!$C$2:$C$6,$A7,Fact_SortedWeights!$B$2:$B$6,$B7,Fact_SortedWeights!$L$2:$L$6,"No"))*((SUMIFS(Fact_PreSortWeights!$E$2:$E$15,Fact_PreSortWeights!$C$2:$C$15,$A7,Fact_PreSortWeights!$B$2:$B$15,$B7,Fact_PreSortWeights!$F$2:$F$15,""))-(SUMIFS(Fact_SortedWeights!$E$2:$E$6,Fact_SortedWeights!$C$2:$C$6,$A7,Fact_SortedWeights!$B$2:$B$6,$B7,Fact_SortedWeights!$L$2:$L$6,"Yes")))) -> 0 | G7: =IF(AND(IF($B7="Trash",INDEX('Materials Master'!$F$2:$F$27,MATCH($C7,'Materials Master'!$A$2:$A$27,0)),IF($B7="GMPC Recycling",INDEX('Materials Master'!$G$2:$G$27,MATCH($C7,'Materials Master'!$A$2:$A$27,0)),IF($B7="Organics Recycling",INDEX('Materials Master'!$H$2:$H$27,MATCH($C7,'Materials Master'!$A$2:$A$27,0)),IF($B7="Cardboard Recycling",INDEX('Materials Master'!$I$2:$I$27,MATCH($C7,'Materials Master'!$A$2:$A$27,0)),IF($B7="Paper Recycling",INDEX('Materials Master'!$J$2:$J$27,MATCH($C7,'Materials Master'!$A$2:$A$27,0)),IF($B7="Terracycle",INDEX('Materials Master'!$K$2:$K$27,MATCH($C7,'Materials Master'!$A$2:$A$27,0)),"No"))))))="Yes",INDEX('Materials Master'!$E$2:$E$27,MATCH($C7,'Materials Master'!$A$2:$A$27,0))="Yes",$B7<>"Trash"),1,0) -> 0 | H7: =INDEX('Materials Master'!$E$2:$E$27,MATCH($C7,'Materials Master'!$A$2:$A$27,0)) -> Yes | I7: =IFERROR(INDEX(Areas!$C$2:$C$6,MATCH($A7,Areas!$B$2:$B$6,0)),"") -> Rest of Building | J7: =IF(IF($B7="Trash",INDEX('Materials Master'!$F$2:$F$27,MATCH($C7,'Materials Master'!$A$2:$A$27,0)),IF($B7="GMPC Recycling",INDEX('Materials Master'!$G$2:$G$27,MATCH($C7,'Materials Master'!$A$2:$A$27,0)),IF($B7="Organics Recycling",INDEX('Materials Master'!$H$2:$H$27,MATCH($C7,'Materials Master'!$A$2:$A$27,0)),IF($B7="Cardboard Recycling",INDEX('Materials Master'!$I$2:$I$27,MATCH($C7,'Materials Master'!$A$2:$A$27,0)),IF($B7="Paper Recycling",INDEX('Materials Master'!$J$2:$J$27,MATCH($C7,'Materials Master'!$A$2:$A$27,0)),IF($B7="Terracycle",INDEX('Materials Master'!$K$2:$K$27,MATCH($C7,'Materials Master'!$A$2:$A$27,0)),"No"))))))="Yes",1,0) -> 0
A8: OFFICES | B8: Trash | C8: FIB07 | D8: =IFERROR(INDEX('Materials Master'!$B$2:$B$27,MATCH($C8,'Materials Master'!$A$2:$A$27,0)),"") -> Soiled Beverage Cartons | E8: =IFERROR(INDEX('Materials Master'!$C$2:$C$27,MATCH($C8,'Materials Master'!$A$2:$A$27,0)),"") -> Fibers | F8: =(SUMIFS(Fact_PreSortWeights!$E$2:$E$15,Fact_PreSortWeights!$C$2:$C$15,$A8,Fact_PreSortWeights!$B$2:$B$15,$B8,Fact_PreSortWeights!$F$2:$F$15,$C8))+(SUMIFS(Fact_SortedWeights!$E$2:$E$6,Fact_SortedWeights!$C$2:$C$6,$A8,Fact_SortedWeights!$B$2:$B$6,$B8,Fact_SortedWeights!$D$2:$D$6,$C8,Fact_SortedWeights!$L$2:$L$6,"Yes"))+IF((SUMIFS(Fact_SortedWeights!$E$2:$E$6,Fact_SortedWeights!$C$2:$C$6,$A8,Fact_SortedWeights!$B$2:$B$6,$B8,Fact_SortedWeights!$L$2:$L$6,"No"))=0,0,(SUMIFS(Fact_SortedWeights!$E$2:$E$6,Fact_SortedWeights!$C$2:$C$6,$A8,Fact_SortedWeights!$B$2:$B$6,$B8,Fact_SortedWeights!$D$2:$D$6,$C8,Fact_SortedWeights!$L$2:$L$6,"No"))/(SUMIFS(Fact_SortedWeights!$E$2:$E$6,Fact_SortedWeights!$C$2:$C$6,$A8,Fact_SortedWeights!$B$2:$B$6,$B8,Fact_SortedWeights!$L$2:$L$6,"No"))*((SUMIFS(Fact_PreSortWeights!$E$2:$E$15,Fact_PreSortWeights!$C$2:$C$15,$A8,Fact_PreSortWeights!$B$2:$B$15,$B8,Fact_PreSortWeights!$F$2:$F$15,""))-(SUMIFS(Fact_SortedWeights!$E$2:$E$6,Fact_SortedWeights!$C$2:$C$6,$A8,Fact_SortedWeights!$B$2:$B$6,$B8,Fact_SortedWeights!$L$2:$L$6,"Yes")))) -> 0 | G8: =IF(AND(IF($B8="Trash",INDEX('Materials Master'!$F$2:$F$27,MATCH($C8,'Materials Master'!$A$2:$A$27,0)),IF($B8="GMPC Recycling",INDEX('Materials Master'!$G$2:$G$27,MATCH($C8,'Materials Master'!$A$2:$A$27,0)),IF($B8="Organics Recycling",INDEX('Materials Master'!$H$2:$H$27,MATCH($C8,'Materials Master'!$A$2:$A$27,0)),IF($B8="Cardboard Recycling",INDEX('Materials Master'!$I$2:$I$27,MATCH($C8,'Materials Master'!$A$2:$A$27,0)),IF($B8="Paper Recycling",INDEX('Materials Master'!$J$2:$J$27,MATCH($C8,'Materials Master'!$A$2:$A$27,0)),IF($B8="Terracycle",INDEX('Materials Master'!$K$2:$K$27,MATCH($C8,'Materials Master'!$A$2:$A$27,0)),"No"))))))="Yes",INDEX('Materials Master'!$E$2:$E$27,MATCH($C8,'Materials Master'!$A$2:$A$27,0))="Yes",$B8<>"Trash"),1,0) -> 0 | H8: =INDEX('Materials Master'!$E$2:$E$27,MATCH($C8,'Materials Master'!$A$2:$A$27,0)) -> No | I8: =IFERROR(INDEX(Areas!$C$2:$C$6,MATCH($A8,Areas!$B$2:$B$6,0)),"") -> Rest of Building | J8: =IF(IF($B8="Trash",INDEX('Materials Master'!$F$2:$F$27,MATCH($C8,'Materials Master'!$A$2:$A$27,0)),IF($B8="GMPC Recycling",INDEX('Materials Master'!$G$2:$G$27,MATCH($C8,'Materials Master'!$A$2:$A$27,0)),IF($B8="Organics Recycling",INDEX('Materials Master'!$H$2:$H$27,MATCH($C8,'Materials Master'!$A$2:$A$27,0)),IF($B8="Cardboard Recycling",INDEX('Materials Master'!$I$2:$I$27,MATCH($C8,'Materials Master'!$A$2:$A$27,0)),IF($B8="Paper Recycling",INDEX('Materials Master'!$J$2:$J$27,MATCH($C8,'Materials Master'!$A$2:$A$27,0)),IF($B8="Terracycle",INDEX('Materials Master'!$K$2:$K$27,MATCH($C8,'Materials Master'!$A$2:$A$27,0)),"No"))))))="Yes",1,0) -> 1
A9: OFFICES | B9: Trash | C9: FIB08 | D9: =IFERROR(INDEX('Materials Master'!$B$2:$B$27,MATCH($C9,'Materials Master'!$A$2:$A$27,0)),"") -> Paper Cups / Other Coated Paper Containers | E9: =IFERROR(INDEX('Materials Master'!$C$2:$C$27,MATCH($C9,'Materials Master'!$A$2:$A$27,0)),"") -> Fibers | F9: =(SUMIFS(Fact_PreSortWeights!$E$2:$E$15,Fact_PreSortWeights!$C$2:$C$15,$A9,Fact_PreSortWeights!$B$2:$B$15,$B9,Fact_PreSortWeights!$F$2:$F$15,$C9))+(SUMIFS(Fact_SortedWeights!$E$2:$E$6,Fact_SortedWeights!$C$2:$C$6,$A9,Fact_SortedWeights!$B$2:$B$6,$B9,Fact_SortedWeights!$D$2:$D$6,$C9,Fact_SortedWeights!$L$2:$L$6,"Yes"))+IF((SUMIFS(Fact_SortedWeights!$E$2:$E$6,Fact_SortedWeights!$C$2:$C$6,$A9,Fact_SortedWeights!$B$2:$B$6,$B9,Fact_SortedWeights!$L$2:$L$6,"No"))=0,0,(SUMIFS(Fact_SortedWeights!$E$2:$E$6,Fact_SortedWeights!$C$2:$C$6,$A9,Fact_SortedWeights!$B$2:$B$6,$B9,Fact_SortedWeights!$D$2:$D$6,$C9,Fact_SortedWeights!$L$2:$L$6,"No"))/(SUMIFS(Fact_SortedWeights!$E$2:$E$6,Fact_SortedWeights!$C$2:$C$6,$A9,Fact_SortedWeights!$B$2:$B$6,$B9,Fact_SortedWeights!$L$2:$L$6,"No"))*((SUMIFS(Fact_PreSortWeights!$E$2:$E$15,Fact_PreSortWeights!$C$2:$C$15,$A9,Fact_PreSortWeights!$B$2:$B$15,$B9,Fact_PreSortWeights!$F$2:$F$15,""))-(SUMIFS(Fact_SortedWeights!$E$2:$E$6,Fact_SortedWeights!$C$2:$C$6,$A9,Fact_SortedWeights!$B$2:$B$6,$B9,Fact_SortedWeights!$L$2:$L$6,"Yes")))) -> 0 | G9: =IF(AND(IF($B9="Trash",INDEX('Materials Master'!$F$2:$F$27,MATCH($C9,'Materials Master'!$A$2:$A$27,0)),IF($B9="GMPC Recycling",INDEX('Materials Master'!$G$2:$G$27,MATCH($C9,'Materials Master'!$A$2:$A$27,0)),IF($B9="Organics Recycling",INDEX('Materials Master'!$H$2:$H$27,MATCH($C9,'Materials Master'!$A$2:$A$27,0)),IF($B9="Cardboard Recycling",INDEX('Materials Master'!$I$2:$I$27,MATCH($C9,'Materials Master'!$A$2:$A$27,0)),IF($B9="Paper Recycling",INDEX('Materials Master'!$J$2:$J$27,MATCH($C9,'Materials Master'!$A$2:$A$27,0)),IF($B9="Terracycle",INDEX('Materials Master'!$K$2:$K$27,MATCH($C9,'Materials Master'!$A$2:$A$27,0)),"No"))))))="Yes",INDEX('Materials Master'!$E$2:$E$27,MATCH($C9,'Materials Master'!$A$2:$A$27,0))="Yes",$B9<>"Trash"),1,0) -> 0 | H9: =INDEX('Materials Master'!$E$2:$E$27,MATCH($C9,'Materials Master'!$A$2:$A$27,0)) -> No | I9: =IFERROR(INDEX(Areas!$C$2:$C$6,MATCH($A9,Areas!$B$2:$B$6,0)),"") -> Rest of Building | J9: =IF(IF($B9="Trash",INDEX('Materials Master'!$F$2:$F$27,MATCH($C9,'Materials Master'!$A$2:$A$27,0)),IF($B9="GMPC Recycling",INDEX('Materials Master'!$G$2:$G$27,MATCH($C9,'Materials Master'!$A$2:$A$27,0)),IF($B9="Organics Recycling",INDEX('Materials Master'!$H$2:$H$27,MATCH($C9,'Materials Master'!$A$2:$A$27,0)),IF($B9="Cardboard Recycling",INDEX('Materials Master'!$I$2:$I$27,MATCH($C9,'Materials Master'!$A$2:$A$27,0)),IF($B9="Paper Recycling",INDEX('Materials Master'!$J$2:$J$27,MATCH($C9,'Materials Master'!$A$2:$A$27,0)),IF($B9="Terracycle",INDEX('Materials Master'!$K$2:$K$27,MATCH($C9,'Materials Master'!$A$2:$A$27,0)),"No"))))))="Yes",1,0) -> 1
A10: OFFICES | B10: Trash | C10: GLA01 | D10: =IFERROR(INDEX('Materials Master'!$B$2:$B$27,MATCH($C10,'Materials Master'!$A$2:$A$27,0)),"") -> Glass Bottles & Jars | E10: =IFERROR(INDEX('Materials Master'!$C$2:$C$27,MATCH($C10,'Materials Master'!$A$2:$A$27,0)),"") -> Glass | F10: =(SUMIFS(Fact_PreSortWeights!$E$2:$E$15,Fact_PreSortWeights!$C$2:$C$15,$A10,Fact_PreSortWeights!$B$2:$B$15,$B10,Fact_PreSortWeights!$F$2:$F$15,$C10))+(SUMIFS(Fact_SortedWeights!$E$2:$E$6,Fact_SortedWeights!$C$2:$C$6,$A10,Fact_SortedWeights!$B$2:$B$6,$B10,Fact_SortedWeights!$D$2:$D$6,$C10,Fact_SortedWeights!$L$2:$L$6,"Yes"))+IF((SUMIFS(Fact_SortedWeights!$E$2:$E$6,Fact_SortedWeights!$C$2:$C$6,$A10,Fact_SortedWeights!$B$2:$B$6,$B10,Fact_SortedWeights!$L$2:$L$6,"No"))=0,0,(SUMIFS(Fact_SortedWeights!$E$2:$E$6,Fact_SortedWeights!$C$2:$C$6,$A10,Fact_SortedWeights!$B$2:$B$6,$B10,Fact_SortedWeights!$D$2:$D$6,$C10,Fact_SortedWeights!$L$2:$L$6,"No"))/(SUMIFS(Fact_SortedWeights!$E$2:$E$6,Fact_SortedWeights!$C$2:$C$6,$A10,Fact_SortedWeights!$B$2:$B$6,$B10,Fact_SortedWeights!$L$2:$L$6,"No"))*((SUMIFS(Fact_PreSortWeights!$E$2:$E$15,Fact_PreSortWeights!$C$2:$C$15,$A10,Fact_PreSortWeights!$B$2:$B$15,$B10,Fact_PreSortWeights!$F$2:$F$15,""))-(SUMIFS(Fact_SortedWeights!$E$2:$E$6,Fact_SortedWeights!$C$2:$C$6,$A10,Fact_SortedWeights!$B$2:$B$6,$B10,Fact_SortedWeights!$L$2:$L$6,"Yes")))) -> 0 | G10: =IF(AND(IF($B10="Trash",INDEX('Materials Master'!$F$2:$F$27,MATCH($C10,'Materials Master'!$A$2:$A$27,0)),IF($B10="GMPC Recycling",INDEX('Materials Master'!$G$2:$G$27,MATCH($C10,'Materials Master'!$A$2:$A$27,0)),IF($B10="Organics Recycling",INDEX('Materials Master'!$H$2:$H$27,MATCH($C10,'Materials Master'!$A$2:$A$27,0)),IF($B10="Cardboard Recycling",INDEX('Materials Master'!$I$2:$I$27,MATCH($C10,'Materials Master'!$A$2:$A$27,0)),IF($B10="Paper Recycling",INDEX('Materials Master'!$J$2:$J$27,MATCH($C10,'Materials Master'!$A$2:$A$27,0)),IF($B10="Terracycle",INDEX('Materials Master'!$K$2:$K$27,MATCH($C10,'Materials Master'!$A$2:$A$27,0)),"No"))))))="Yes",INDEX('Materials Master'!$E$2:$E$27,MATCH($C10,'Materials Master'!$A$2:$A$27,0))="Yes",$B10<>"Trash"),1,0) -> 0 | H10: =INDEX('Materials Master'!$E$2:$E$27,MATCH($C10,'Materials Master'!$A$2:$A$27,0)) -> Yes | I10: =IFERROR(INDEX(Areas!$C$2:$C$6,MATCH($A10,Areas!$B$2:$B$6,0)),"") -> Rest of Building | J10: =IF(IF($B10="Trash",INDEX('Materials Master'!$F$2:$F$27,MATCH($C10,'Materials Master'!$A$2:$A$27,0)),IF($B10="GMPC Recycling",INDEX('Materials Master'!$G$2:$G$27,MATCH($C10,'Materials Master'!$A$2:$A$27,0)),IF($B10="Organics Recycling",INDEX('Materials Master'!$H$2:$H$27,MATCH($C10,'Materials Master'!$A$2:$A$27,0)),IF($B10="Cardboard Recycling",INDEX('Materials Master'!$I$2:$I$27,MATCH($C10,'Materials Master'!$A$2:$A$27,0)),IF($B10="Paper Recycling",INDEX('Materials Master'!$J$2:$J$27,MATCH($C10,'Materials Master'!$A$2:$A$27,0)),IF($B10="Terracycle",INDEX('Materials Master'!$K$2:$K$27,MATCH($C10,'Materials Master'!$A$2:$A$27,0)),"No"))))))="Yes",1,0) -> 0
A11: OFFICES | B11: Trash | C11: GLA02 | D11: =IFERROR(INDEX('Materials Master'!$B$2:$B$27,MATCH($C11,'Materials Master'!$A$2:$A$27,0)),"") -> Soiled Glass | E11: =IFERROR(INDEX('Materials Master'!$C$2:$C$27,MATCH($C11,'Materials Master'!$A$2:$A$27,0)),"") -> Glass | F11: =(SUMIFS(Fact_PreSortWeights!$E$2:$E$15,Fact_PreSortWeights!$C$2:$C$15,$A11,Fact_PreSortWeights!$B$2:$B$15,$B11,Fact_PreSortWeights!$F$2:$F$15,$C11))+(SUMIFS(Fact_SortedWeights!$E$2:$E$6,Fact_SortedWeights!$C$2:$C$6,$A11,Fact_SortedWeights!$B$2:$B$6,$B11,Fact_SortedWeights!$D$2:$D$6,$C11,Fact_SortedWeights!$L$2:$L$6,"Yes"))+IF((SUMIFS(Fact_SortedWeights!$E$2:$E$6,Fact_SortedWeights!$C$2:$C$6,$A11,Fact_SortedWeights!$B$2:$B$6,$B11,Fact_SortedWeights!$L$2:$L$6,"No"))=0,0,(SUMIFS(Fact_SortedWeights!$E$2:$E$6,Fact_SortedWeights!$C$2:$C$6,$A11,Fact_SortedWeights!$B$2:$B$6,$B11,Fact_SortedWeights!$D$2:$D$6,$C11,Fact_SortedWeights!$L$2:$L$6,"No"))/(SUMIFS(Fact_SortedWeights!$E$2:$E$6,Fact_SortedWeights!$C$2:$C$6,$A11,Fact_SortedWeights!$B$2:$B$6,$B11,Fact_SortedWeights!$L$2:$L$6,"No"))*((SUMIFS(Fact_PreSortWeights!$E$2:$E$15,Fact_PreSortWeights!$C$2:$C$15,$A11,Fact_PreSortWeights!$B$2:$B$15,$B11,Fact_PreSortWeights!$F$2:$F$15,""))-(SUMIFS(Fact_SortedWeights!$E$2:$E$6,Fact_SortedWeights!$C$2:$C$6,$A11,Fact_SortedWeights!$B$2:$B$6,$B11,Fact_SortedWeights!$L$2:$L$6,"Yes")))) -> 5 | G11: =IF(AND(IF($B11="Trash",INDEX('Materials Master'!$F$2:$F$27,MATCH($C11,'Materials Master'!$A$2:$A$27,0)),IF($B11="GMPC Recycling",INDEX('Materials Master'!$G$2:$G$27,MATCH($C11,'Materials Master'!$A$2:$A$27,0)),IF($B11="Organics Recycling",INDEX('Materials Master'!$H$2:$H$27,MATCH($C11,'Materials Master'!$A$2:$A$27,0)),IF($B11="Cardboard Recycling",INDEX('Materials Master'!$I$2:$I$27,MATCH($C11,'Materials Master'!$A$2:$A$27,0)),IF($B11="Paper Recycling",INDEX('Materials Master'!$J$2:$J$27,MATCH($C11,'Materials Master'!$A$2:$A$27,0)),IF($B11="Terracycle",INDEX('Materials Master'!$K$2:$K$27,MATCH($C11,'Materials Master'!$A$2:$A$27,0)),"No"))))))="Yes",INDEX('Materials Master'!$E$2:$E$27,MATCH($C11,'Materials Master'!$A$2:$A$27,0))="Yes",$B11<>"Trash"),1,0) -> 0 | H11: =INDEX('Materials Master'!$E$2:$E$27,MATCH($C11,'Materials Master'!$A$2:$A$27,0)) -> No | I11: =IFERROR(INDEX(Areas!$C$2:$C$6,MATCH($A11,Areas!$B$2:$B$6,0)),"") -> Rest of Building | J11: =IF(IF($B11="Trash",INDEX('Materials Master'!$F$2:$F$27,MATCH($C11,'Materials Master'!$A$2:$A$27,0)),IF($B11="GMPC Recycling",INDEX('Materials Master'!$G$2:$G$27,MATCH($C11,'Materials Master'!$A$2:$A$27,0)),IF($B11="Organics Recycling",INDEX('Materials Master'!$H$2:$H$27,MATCH($C11,'Materials Master'!$A$2:$A$27,0)),IF($B11="Cardboard Recycling",INDEX('Materials Master'!$I$2:$I$27,MATCH($C11,'Materials Master'!$A$2:$A$27,0)),IF($B11="Paper Recycling",INDEX('Materials Master'!$J$2:$J$27,MATCH($C11,'Materials Master'!$A$2:$A$27,0)),IF($B11="Terracycle",INDEX('Materials Master'!$K$2:$K$27,MATCH($C11,'Materials Master'!$A$2:$A$27,0)),"No"))))))="Yes",1,0) -> 1
A12: OFFICES | B12: Trash | C12: MET01 | D12: =IFERROR(INDEX('Materials Master'!$B$2:$B$27,MATCH($C12,'Materials Master'!$A$2:$A$27,0)),"") -> Aluminum & Bi-Metal Containers | E12: =IFERROR(INDEX('Materials Master'!$C$2:$C$27,MATCH($C12,'Materials Master'!$A$2:$A$27,0)),"") -> Metals | F12: =(SUMIFS(Fact_PreSortWeights!$E$2:$E$15,Fact_PreSortWeights!$C$2:$C$15,$A12,Fact_PreSortWeights!$B$2:$B$15,$B12,Fact_PreSortWeights!$F$2:$F$15,$C12))+(SUMIFS(Fact_SortedWeights!$E$2:$E$6,Fact_SortedWeights!$C$2:$C$6,$A12,Fact_SortedWeights!$B$2:$B$6,$B12,Fact_SortedWeights!$D$2:$D$6,$C12,Fact_SortedWeights!$L$2:$L$6,"Yes"))+IF((SUMIFS(Fact_SortedWeights!$E$2:$E$6,Fact_SortedWeights!$C$2:$C$6,$A12,Fact_SortedWeights!$B$2:$B$6,$B12,Fact_SortedWeights!$L$2:$L$6,"No"))=0,0,(SUMIFS(Fact_SortedWeights!$E$2:$E$6,Fact_SortedWeights!$C$2:$C$6,$A12,Fact_SortedWeights!$B$2:$B$6,$B12,Fact_SortedWeights!$D$2:$D$6,$C12,Fact_SortedWeights!$L$2:$L$6,"No"))/(SUMIFS(Fact_SortedWeights!$E$2:$E$6,Fact_SortedWeights!$C$2:$C$6,$A12,Fact_SortedWeights!$B$2:$B$6,$B12,Fact_SortedWeights!$L$2:$L$6,"No"))*((SUMIFS(Fact_PreSortWeights!$E$2:$E$15,Fact_PreSortWeights!$C$2:$C$15,$A12,Fact_PreSortWeights!$B$2:$B$15,$B12,Fact_PreSortWeights!$F$2:$F$15,""))-(SUMIFS(Fact_SortedWeights!$E$2:$E$6,Fact_SortedWeights!$C$2:$C$6,$A12,Fact_SortedWeights!$B$2:$B$6,$B12,Fact_SortedWeights!$L$2:$L$6,"Yes")))) -> 0 | G12: =IF(AND(IF($B12="Trash",INDEX('Materials Master'!$F$2:$F$27,MATCH($C12,'Materials Master'!$A$2:$A$27,0)),IF($B12="GMPC Recycling",INDEX('Materials Master'!$G$2:$G$27,MATCH($C12,'Materials Master'!$A$2:$A$27,0)),IF($B12="Organics Recycling",INDEX('Materials Master'!$H$2:$H$27,MATCH($C12,'Materials Master'!$A$2:$A$27,0)),IF($B12="Cardboard Recycling",INDEX('Materials Master'!$I$2:$I$27,MATCH($C12,'Materials Master'!$A$2:$A$27,0)),IF($B12="Paper Recycling",INDEX('Materials Master'!$J$2:$J$27,MATCH($C12,'Materials Master'!$A$2:$A$27,0)),IF($B12="Terracycle",INDEX('Materials Master'!$K$2:$K$27,MATCH($C12,'Materials Master'!$A$2:$A$27,0)),"No"))))))="Yes",INDEX('Materials Master'!$E$2:$E$27,MATCH($C12,'Materials Master'!$A$2:$A$27,0))="Yes",$B12<>"Trash"),1,0) -> 0 | H12: =INDEX('Materials Master'!$E$2:$E$27,MATCH($C12,'Materials Master'!$A$2:$A$27,0)) -> Yes | I12: =IFERROR(INDEX(Areas!$C$2:$C$6,MATCH($A12,Areas!$B$2:$B$6,0)),"") -> Rest of Building | J12: =IF(IF($B12="Trash",INDEX('Materials Master'!$F$2:$F$27,MATCH($C12,'Materials Master'!$A$2:$A$27,0)),IF($B12="GMPC Recycling",INDEX('Materials Master'!$G$2:$G$27,MATCH($C12,'Materials Master'!$A$2:$A$27,0)),IF($B12="Organics Recycling",INDEX('Materials Master'!$H$2:$H$27,MATCH($C12,'Materials Master'!$A$2:$A$27,0)),IF($B12="Cardboard Recycling",INDEX('Materials Master'!$I$2:$I$27,MATCH($C12,'Materials Master'!$A$2:$A$27,0)),IF($B12="Paper Recycling",INDEX('Materials Master'!$J$2:$J$27,MATCH($C12,'Materials Master'!$A$2:$A$27,0)),IF($B12="Terracycle",INDEX('Materials Master'!$K$2:$K$27,MATCH($C12,'Materials Master'!$A$2:$A$27,0)),"No"))))))="Yes",1,0) -> 0
A13: OFFICES | B13: Trash | C13: MET02 | D13: =IFERROR(INDEX('Materials Master'!$B$2:$B$27,MATCH($C13,'Materials Master'!$A$2:$A$27,0)),"") -> Soiled Metals | E13: =IFERROR(INDEX('Materials Master'!$C$2:$C$27,MATCH($C13,'Materials Master'!$A$2:$A$27,0)),"") -> Metals | F13: =(SUMIFS(Fact_PreSortWeights!$E$2:$E$15,Fact_PreSortWeights!$C$2:$C$15,$A13,Fact_PreSortWeights!$B$2:$B$15,$B13,Fact_PreSortWeights!$F$2:$F$15,$C13))+(SUMIFS(Fact_SortedWeights!$E$2:$E$6,Fact_SortedWeights!$C$2:$C$6,$A13,Fact_SortedWeights!$B$2:$B$6,$B13,Fact_SortedWeights!$D$2:$D$6,$C13,Fact_SortedWeights!$L$2:$L$6,"Yes"))+IF((SUMIFS(Fact_SortedWeights!$E$2:$E$6,Fact_SortedWeights!$C$2:$C$6,$A13,Fact_SortedWeights!$B$2:$B$6,$B13,Fact_SortedWeights!$L$2:$L$6,"No"))=0,0,(SUMIFS(Fact_SortedWeights!$E$2:$E$6,Fact_SortedWeights!$C$2:$C$6,$A13,Fact_SortedWeights!$B$2:$B$6,$B13,Fact_SortedWeights!$D$2:$D$6,$C13,Fact_SortedWeights!$L$2:$L$6,"No"))/(SUMIFS(Fact_SortedWeights!$E$2:$E$6,Fact_SortedWeights!$C$2:$C$6,$A13,Fact_SortedWeights!$B$2:$B$6,$B13,Fact_SortedWeights!$L$2:$L$6,"No"))*((SUMIFS(Fact_PreSortWeights!$E$2:$E$15,Fact_PreSortWeights!$C$2:$C$15,$A13,Fact_PreSortWeights!$B$2:$B$15,$B13,Fact_PreSortWeights!$F$2:$F$15,""))-(SUMIFS(Fact_SortedWeights!$E$2:$E$6,Fact_SortedWeights!$C$2:$C$6,$A13,Fact_SortedWeights!$B$2:$B$6,$B13,Fact_SortedWeights!$L$2:$L$6,"Yes")))) -> 0 | G13: =IF(AND(IF($B13="Trash",INDEX('Materials Master'!$F$2:$F$27,MATCH($C13,'Materials Master'!$A$2:$A$27,0)),IF($B13="GMPC Recycling",INDEX('Materials Master'!$G$2:$G$27,MATCH($C13,'Materials Master'!$A$2:$A$27,0)),IF($B13="Organics Recycling",INDEX('Materials Master'!$H$2:$H$27,MATCH($C13,'Materials Master'!$A$2:$A$27,0)),IF($B13="Cardboard Recycling",INDEX('Materials Master'!$I$2:$I$27,MATCH($C13,'Materials Master'!$A$2:$A$27,0)),IF($B13="Paper Recycling",INDEX('Materials Master'!$J$2:$J$27,MATCH($C13,'Materials Master'!$A$2:$A$27,0)),IF($B13="Terracycle",INDEX('Materials Master'!$K$2:$K$27,MATCH($C13,'Materials Master'!$A$2:$A$27,0)),"No"))))))="Yes",INDEX('Materials Master'!$E$2:$E$27,MATCH($C13,'Materials Master'!$A$2:$A$27,0))="Yes",$B13<>"Trash"),1,0) -> 0 | H13: =INDEX('Materials Master'!$E$2:$E$27,MATCH($C13,'Materials Master'!$A$2:$A$27,0)) -> No | I13: =IFERROR(INDEX(Areas!$C$2:$C$6,MATCH($A13,Areas!$B$2:$B$6,0)),"") -> Rest of Building | J13: =IF(IF($B13="Trash",INDEX('Materials Master'!$F$2:$F$27,MATCH($C13,'Materials Master'!$A$2:$A$27,0)),IF($B13="GMPC Recycling",INDEX('Materials Master'!$G$2:$G$27,MATCH($C13,'Materials Master'!$A$2:$A$27,0)),IF($B13="Organics Recycling",INDEX('Materials Master'!$H$2:$H$27,MATCH($C13,'Materials Master'!$A$2:$A$27,0)),IF($B13="Cardboard Recycling",INDEX('Materials Master'!$I$2:$I$27,MATCH($C13,'Materials Master'!$A$2:$A$27,0)),IF($B13="Paper Recycling",INDEX('Materials Master'!$J$2:$J$27,MATCH($C13,'Materials Master'!$A$2:$A$27,0)),IF($B13="Terracycle",INDEX('Materials Master'!$K$2:$K$27,MATCH($C13,'Materials Master'!$A$2:$A$27,0)),"No"))))))="Yes",1,0) -> 1
... A79: OFFICES | B79: Organics Recycling | C79: OTH02 | D79: =IFERROR(INDEX('Materials Master'!$B$2:$B$27,MATCH($C79,'Materials Master'!$A$2:$A$27,0)),"") -> Other/Residual Materials | E79: =IFERROR(INDEX('Materials Master'!$C$2:$C$27,MATCH($C79,'Materials Master'!$A$2:$A$27,0)),"") -> Other | F79: =(SUMIFS(Fact_PreSortWeights!$E$2:$E$15,Fact_PreSortWeights!$C$2:$C$15,$A79,Fact_PreSortWeights!$B$2:$B$15,$B79,Fact_PreSortWeights!$F$2:$F$15,$C79))+(SUMIFS(Fact_SortedWeights!$E$2:$E$6,Fact_SortedWeights!$C$2:$C$6,$A79,Fact_SortedWeights!$B$2:$B$6,$B79,Fact_SortedWeights!$D$2:$D$6,$C79,Fact_SortedWeights!$L$2:$L$6,"Yes"))+IF((SUMIFS(Fact_SortedWeights!$E$2:$E$6,Fact_SortedWeights!$C$2:$C$6,$A79,Fact_SortedWeights!$B$2:$B$6,$B79,Fact_SortedWeights!$L$2:$L$6,"No"))=0,0,(SUMIFS(Fact_SortedWeights!$E$2:$E$6,Fact_SortedWeights!$C$2:$C$6,$A79,Fact_SortedWeights!$B$2:$B$6,$B79,Fact_SortedWeights!$D$2:$D$6,$C79,Fact_SortedWeights!$L$2:$L$6,"No"))/(SUMIFS(Fact_SortedWeights!$E$2:$E$6,Fact_SortedWeights!$C$2:$C$6,$A79,Fact_SortedWeights!$B$2:$B$6,$B79,Fact_SortedWeights!$L$2:$L$6,"No"))*((SUMIFS(Fact_PreSortWeights!$E$2:$E$15,Fact_PreSortWeights!$C$2:$C$15,$A79,Fact_PreSortWeights!$B$2:$B$15,$B79,Fact_PreSortWeights!$F$2:$F$15,""))-(SUMIFS(Fact_SortedWeights!$E$2:$E$6,Fact_SortedWeights!$C$2:$C$6,$A79,Fact_SortedWeights!$B$2:$B$6,$B79,Fact_SortedWeights!$L$2:$L$6,"Yes")))) -> 0 | G79: =IF(AND(IF($B79="Trash",INDEX('Materials Master'!$F$2:$F$27,MATCH($C79,'Materials Master'!$A$2:$A$27,0)),IF($B79="GMPC Recycling",INDEX('Materials Master'!$G$2:$G$27,MATCH($C79,'Materials Master'!$A$2:$A$27,0)),IF($B79="Organics Recycling",INDEX('Materials Master'!$H$2:$H$27,MATCH($C79,'Materials Master'!$A$2:$A$27,0)),IF($B79="Cardboard Recycling",INDEX('Materials Master'!$I$2:$I$27,MATCH($C79,'Materials Master'!$A$2:$A$27,0)),IF($B79="Paper Recycling",INDEX('Materials Master'!$J$2:$J$27,MATCH($C79,'Materials Master'!$A$2:$A$27,0)),IF($B79="Terracycle",INDEX('Materials Master'!$K$2:$K$27,MATCH($C79,'Materials Master'!$A$2:$A$27,0)),"No"))))))="Yes",INDEX('Materials Master'!$E$2:$E$27,MATCH($C79,'Materials Master'!$A$2:$A$27,0))="Yes",$B79<>"Trash"),1,0) -> 0 | H79: =INDEX('Materials Master'!$E$2:$E$27,MATCH($C79,'Materials Master'!$A$2:$A$27,0)) -> No | I79: =IFERROR(INDEX(Areas!$C$2:$C$6,MATCH($A79,Areas!$B$2:$B$6,0)),"") -> Rest of Building | J79: =IF(IF($B79="Trash",INDEX('Materials Master'!$F$2:$F$27,MATCH($C79,'Materials Master'!$A$2:$A$27,0)),IF($B79="GMPC Recycling",INDEX('Materials Master'!$G$2:$G$27,MATCH($C79,'Materials Master'!$A$2:$A$27,0)),IF($B79="Organics Recycling",INDEX('Materials Master'!$H$2:$H$27,MATCH($C79,'Materials Master'!$A$2:$A$27,0)),IF($B79="Cardboard Recycling",INDEX('Materials Master'!$I$2:$I$27,MATCH($C79,'Materials Master'!$A$2:$A$27,0)),IF($B79="Paper Recycling",INDEX('Materials Master'!$J$2:$J$27,MATCH($C79,'Materials Master'!$A$2:$A$27,0)),IF($B79="Terracycle",INDEX('Materials Master'!$K$2:$K$27,MATCH($C79,'Materials Master'!$A$2:$A$27,0)),"No"))))))="Yes",1,0) -> 0
A80: OFFICES | B80: Cardboard Recycling | C80: FIB01 | D80: =IFERROR(INDEX('Materials Master'!$B$2:$B$27,MATCH($C80,'Materials Master'!$A$2:$A$27,0)),"") -> Corrugated Cardboard | E80: =IFERROR(INDEX('Materials Master'!$C$2:$C$27,MATCH($C80,'Materials Master'!$A$2:$A$27,0)),"") -> Fibers | F80: =SUMIFS(Fact_SortedWeights!$E$2:$E$6,Fact_SortedWeights!$C$2:$C$6,$A80,Fact_SortedWeights!$B$2:$B$6,$B80,Fact_SortedWeights!$D$2:$D$6,$C80) -> 50 | G80: =IF(AND(IF($B80="Trash",INDEX('Materials Master'!$F$2:$F$27,MATCH($C80,'Materials Master'!$A$2:$A$27,0)),IF($B80="GMPC Recycling",INDEX('Materials Master'!$G$2:$G$27,MATCH($C80,'Materials Master'!$A$2:$A$27,0)),IF($B80="Organics Recycling",INDEX('Materials Master'!$H$2:$H$27,MATCH($C80,'Materials Master'!$A$2:$A$27,0)),IF($B80="Cardboard Recycling",INDEX('Materials Master'!$I$2:$I$27,MATCH($C80,'Materials Master'!$A$2:$A$27,0)),IF($B80="Paper Recycling",INDEX('Materials Master'!$J$2:$J$27,MATCH($C80,'Materials Master'!$A$2:$A$27,0)),IF($B80="Terracycle",INDEX('Materials Master'!$K$2:$K$27,MATCH($C80,'Materials Master'!$A$2:$A$27,0)),"No"))))))="Yes",INDEX('Materials Master'!$E$2:$E$27,MATCH($C80,'Materials Master'!$A$2:$A$27,0))="Yes",$B80<>"Trash"),1,0) -> 1 | H80: =INDEX('Materials Master'!$E$2:$E$27,MATCH($C80,'Materials Master'!$A$2:$A$27,0)) -> Yes | I80: =IFERROR(INDEX(Areas!$C$2:$C$6,MATCH($A80,Areas!$B$2:$B$6,0)),"") -> Rest of Building | J80: =IF(IF($B80="Trash",INDEX('Materials Master'!$F$2:$F$27,MATCH($C80,'Materials Master'!$A$2:$A$27,0)),IF($B80="GMPC Recycling",INDEX('Materials Master'!$G$2:$G$27,MATCH($C80,'Materials Master'!$A$2:$A$27,0)),IF($B80="Organics Recycling",INDEX('Materials Master'!$H$2:$H$27,MATCH($C80,'Materials Master'!$A$2:$A$27,0)),IF($B80="Cardboard Recycling",INDEX('Materials Master'!$I$2:$I$27,MATCH($C80,'Materials Master'!$A$2:$A$27,0)),IF($B80="Paper Recycling",INDEX('Materials Master'!$J$2:$J$27,MATCH($C80,'Materials Master'!$A$2:$A$27,0)),IF($B80="Terracycle",INDEX('Materials Master'!$K$2:$K$27,MATCH($C80,'Materials Master'!$A$2:$A$27,0)),"No"))))))="Yes",1,0) -> 1
A81: OFFICES | B81: Cardboard Recycling | C81: FIB02 | D81: =IFERROR(INDEX('Materials Master'!$B$2:$B$27,MATCH($C81,'Materials Master'!$A$2:$A$27,0)),"") -> Soiled Cardboard | E81: =IFERROR(INDEX('Materials Master'!$C$2:$C$27,MATCH($C81,'Materials Master'!$A$2:$A$27,0)),"") -> Fibers | F81: =SUMIFS(Fact_SortedWeights!$E$2:$E$6,Fact_SortedWeights!$C$2:$C$6,$A81,Fact_SortedWeights!$B$2:$B$6,$B81,Fact_SortedWeights!$D$2:$D$6,$C81) -> 0 | G81: =IF(AND(IF($B81="Trash",INDEX('Materials Master'!$F$2:$F$27,MATCH($C81,'Materials Master'!$A$2:$A$27,0)),IF($B81="GMPC Recycling",INDEX('Materials Master'!$G$2:$G$27,MATCH($C81,'Materials Master'!$A$2:$A$27,0)),IF($B81="Organics Recycling",INDEX('Materials Master'!$H$2:$H$27,MATCH($C81,'Materials Master'!$A$2:$A$27,0)),IF($B81="Cardboard Recycling",INDEX('Materials Master'!$I$2:$I$27,MATCH($C81,'Materials Master'!$A$2:$A$27,0)),IF($B81="Paper Recycling",INDEX('Materials Master'!$J$2:$J$27,MATCH($C81,'Materials Master'!$A$2:$A$27,0)),IF($B81="Terracycle",INDEX('Materials Master'!$K$2:$K$27,MATCH($C81,'Materials Master'!$A$2:$A$27,0)),"No"))))))="Yes",INDEX('Materials Master'!$E$2:$E$27,MATCH($C81,'Materials Master'!$A$2:$A$27,0))="Yes",$B81<>"Trash"),1,0) -> 0 | H81: =INDEX('Materials Master'!$E$2:$E$27,MATCH($C81,'Materials Master'!$A$2:$A$27,0)) -> No | I81: =IFERROR(INDEX(Areas!$C$2:$C$6,MATCH($A81,Areas!$B$2:$B$6,0)),"") -> Rest of Building | J81: =IF(IF($B81="Trash",INDEX('Materials Master'!$F$2:$F$27,MATCH($C81,'Materials Master'!$A$2:$A$27,0)),IF($B81="GMPC Recycling",INDEX('Materials Master'!$G$2:$G$27,MATCH($C81,'Materials Master'!$A$2:$A$27,0)),IF($B81="Organics Recycling",INDEX('Materials Master'!$H$2:$H$27,MATCH($C81,'Materials Master'!$A$2:$A$27,0)),IF($B81="Cardboard Recycling",INDEX('Materials Master'!$I$2:$I$27,MATCH($C81,'Materials Master'!$A$2:$A$27,0)),IF($B81="Paper Recycling",INDEX('Materials Master'!$J$2:$J$27,MATCH($C81,'Materials Master'!$A$2:$A$27,0)),IF($B81="Terracycle",INDEX('Materials Master'!$K$2:$K$27,MATCH($C81,'Materials Master'!$A$2:$A$27,0)),"No"))))))="Yes",1,0) -> 0
A82: OFFICES | B82: Cardboard Recycling | C82: FIB03 | D82: =IFERROR(INDEX('Materials Master'!$B$2:$B$27,MATCH($C82,'Materials Master'!$A$2:$A$27,0)),"") -> Waxed Cardboard | E82: =IFERROR(INDEX('Materials Master'!$C$2:$C$27,MATCH($C82,'Materials Master'!$A$2:$A$27,0)),"") -> Fibers | F82: =SUMIFS(Fact_SortedWeights!$E$2:$E$6,Fact_SortedWeights!$C$2:$C$6,$A82,Fact_SortedWeights!$B$2:$B$6,$B82,Fact_SortedWeights!$D$2:$D$6,$C82) -> 0 | G82: =IF(AND(IF($B82="Trash",INDEX('Materials Master'!$F$2:$F$27,MATCH($C82,'Materials Master'!$A$2:$A$27,0)),IF($B82="GMPC Recycling",INDEX('Materials Master'!$G$2:$G$27,MATCH($C82,'Materials Master'!$A$2:$A$27,0)),IF($B82="Organics Recycling",INDEX('Materials Master'!$H$2:$H$27,MATCH($C82,'Materials Master'!$A$2:$A$27,0)),IF($B82="Cardboard Recycling",INDEX('Materials Master'!$I$2:$I$27,MATCH($C82,'Materials Master'!$A$2:$A$27,0)),IF($B82="Paper Recycling",INDEX('Materials Master'!$J$2:$J$27,MATCH($C82,'Materials Master'!$A$2:$A$27,0)),IF($B82="Terracycle",INDEX('Materials Master'!$K$2:$K$27,MATCH($C82,'Materials Master'!$A$2:$A$27,0)),"No"))))))="Yes",INDEX('Materials Master'!$E$2:$E$27,MATCH($C82,'Materials Master'!$A$2:$A$27,0))="Yes",$B82<>"Trash"),1,0) -> 0 | H82: =INDEX('Materials Master'!$E$2:$E$27,MATCH($C82,'Materials Master'!$A$2:$A$27,0)) -> No | I82: =IFERROR(INDEX(Areas!$C$2:$C$6,MATCH($A82,Areas!$B$2:$B$6,0)),"") -> Rest of Building | J82: =IF(IF($B82="Trash",INDEX('Materials Master'!$F$2:$F$27,MATCH($C82,'Materials Master'!$A$2:$A$27,0)),IF($B82="GMPC Recycling",INDEX('Materials Master'!$G$2:$G$27,MATCH($C82,'Materials Master'!$A$2:$A$27,0)),IF($B82="Organics Recycling",INDEX('Materials Master'!$H$2:$H$27,MATCH($C82,'Materials Master'!$A$2:$A$27,0)),IF($B82="Cardboard Recycling",INDEX('Materials Master'!$I$2:$I$27,MATCH($C82,'Materials Master'!$A$2:$A$27,0)),IF($B82="Paper Recycling",INDEX('Materials Master'!$J$2:$J$27,MATCH($C82,'Materials Master'!$A$2:$A$27,0)),IF($B82="Terracycle",INDEX('Materials Master'!$K$2:$K$27,MATCH($C82,'Materials Master'!$A$2:$A$27,0)),"No"))))))="Yes",1,0) -> 0
A83: OFFICES | B83: Cardboard Recycling | C83: FIB04 | D83: =IFERROR(INDEX('Materials Master'!$B$2:$B$27,MATCH($C83,'Materials Master'!$A$2:$A$27,0)),"") -> Mixed Paper | E83: =IFERROR(INDEX('Materials Master'!$C$2:$C$27,MATCH($C83,'Materials Master'!$A$2:$A$27,0)),"") -> Fibers | F83: =SUMIFS(Fact_SortedWeights!$E$2:$E$6,Fact_SortedWeights!$C$2:$C$6,$A83,Fact_SortedWeights!$B$2:$B$6,$B83,Fact_SortedWeights!$D$2:$D$6,$C83) -> 0 | G83: =IF(AND(IF($B83="Trash",INDEX('Materials Master'!$F$2:$F$27,MATCH($C83,'Materials Master'!$A$2:$A$27,0)),IF($B83="GMPC Recycling",INDEX('Materials Master'!$G$2:$G$27,MATCH($C83,'Materials Master'!$A$2:$A$27,0)),IF($B83="Organics Recycling",INDEX('Materials Master'!$H$2:$H$27,MATCH($C83,'Materials Master'!$A$2:$A$27,0)),IF($B83="Cardboard Recycling",INDEX('Materials Master'!$I$2:$I$27,MATCH($C83,'Materials Master'!$A$2:$A$27,0)),IF($B83="Paper Recycling",INDEX('Materials Master'!$J$2:$J$27,MATCH($C83,'Materials Master'!$A$2:$A$27,0)),IF($B83="Terracycle",INDEX('Materials Master'!$K$2:$K$27,MATCH($C83,'Materials Master'!$A$2:$A$27,0)),"No"))))))="Yes",INDEX('Materials Master'!$E$2:$E$27,MATCH($C83,'Materials Master'!$A$2:$A$27,0))="Yes",$B83<>"Trash"),1,0) -> 0 | H83: =INDEX('Materials Master'!$E$2:$E$27,MATCH($C83,'Materials Master'!$A$2:$A$27,0)) -> Yes | I83: =IFERROR(INDEX(Areas!$C$2:$C$6,MATCH($A83,Areas!$B$2:$B$6,0)),"") -> Rest of Building | J83: =IF(IF($B83="Trash",INDEX('Materials Master'!$F$2:$F$27,MATCH($C83,'Materials Master'!$A$2:$A$27,0)),IF($B83="GMPC Recycling",INDEX('Materials Master'!$G$2:$G$27,MATCH($C83,'Materials Master'!$A$2:$A$27,0)),IF($B83="Organics Recycling",INDEX('Materials Master'!$H$2:$H$27,MATCH($C83,'Materials Master'!$A$2:$A$27,0)),IF($B83="Cardboard Recycling",INDEX('Materials Master'!$I$2:$I$27,MATCH($C83,'Materials Master'!$A$2:$A$27,0)),IF($B83="Paper Recycling",INDEX('Materials Master'!$J$2:$J$27,MATCH($C83,'Materials Master'!$A$2:$A$27,0)),IF($B83="Terracycle",INDEX('Materials Master'!$K$2:$K$27,MATCH($C83,'Materials Master'!$A$2:$A$27,0)),"No"))))))="Yes",1,0) -> 0
A84: OFFICES | B84: Cardboard Recycling | C84: FIB05 | D84: =IFERROR(INDEX('Materials Master'!$B$2:$B$27,MATCH($C84,'Materials Master'!$A$2:$A$27,0)),"") -> Soiled Paper | E84: =IFERROR(INDEX('Materials Master'!$C$2:$C$27,MATCH($C84,'Materials Master'!$A$2:$A$27,0)),"") -> Fibers | F84: =SUMIFS(Fact_SortedWeights!$E$2:$E$6,Fact_SortedWeights!$C$2:$C$6,$A84,Fact_SortedWeights!$B$2:$B$6,$B84,Fact_SortedWeights!$D$2:$D$6,$C84) -> 0 | G84: =IF(AND(IF($B84="Trash",INDEX('Materials Master'!$F$2:$F$27,MATCH($C84,'Materials Master'!$A$2:$A$27,0)),IF($B84="GMPC Recycling",INDEX('Materials Master'!$G$2:$G$27,MATCH($C84,'Materials Master'!$A$2:$A$27,0)),IF($B84="Organics Recycling",INDEX('Materials Master'!$H$2:$H$27,MATCH($C84,'Materials Master'!$A$2:$A$27,0)),IF($B84="Cardboard Recycling",INDEX('Materials Master'!$I$2:$I$27,MATCH($C84,'Materials Master'!$A$2:$A$27,0)),IF($B84="Paper Recycling",INDEX('Materials Master'!$J$2:$J$27,MATCH($C84,'Materials Master'!$A$2:$A$27,0)),IF($B84="Terracycle",INDEX('Materials Master'!$K$2:$K$27,MATCH($C84,'Materials Master'!$A$2:$A$27,0)),"No"))))))="Yes",INDEX('Materials Master'!$E$2:$E$27,MATCH($C84,'Materials Master'!$A$2:$A$27,0))="Yes",$B84<>"Trash"),1,0) -> 0 | H84: =INDEX('Materials Master'!$E$2:$E$27,MATCH($C84,'Materials Master'!$A$2:$A$27,0)) -> No | I84: =IFERROR(INDEX(Areas!$C$2:$C$6,MATCH($A84,Areas!$B$2:$B$6,0)),"") -> Rest of Building | J84: =IF(IF($B84="Trash",INDEX('Materials Master'!$F$2:$F$27,MATCH($C84,'Materials Master'!$A$2:$A$27,0)),IF($B84="GMPC Recycling",INDEX('Materials Master'!$G$2:$G$27,MATCH($C84,'Materials Master'!$A$2:$A$27,0)),IF($B84="Organics Recycling",INDEX('Materials Master'!$H$2:$H$27,MATCH($C84,'Materials Master'!$A$2:$A$27,0)),IF($B84="Cardboard Recycling",INDEX('Materials Master'!$I$2:$I$27,MATCH($C84,'Materials Master'!$A$2:$A$27,0)),IF($B84="Paper Recycling",INDEX('Materials Master'!$J$2:$J$27,MATCH($C84,'Materials Master'!$A$2:$A$27,0)),IF($B84="Terracycle",INDEX('Materials Master'!$K$2:$K$27,MATCH($C84,'Materials Master'!$A$2:$A$27,0)),"No"))))))="Yes",1,0) -> 0
A85: OFFICES | B85: Cardboard Recycling | C85: FIB06 | D85: =IFERROR(INDEX('Materials Master'!$B$2:$B$27,MATCH($C85,'Materials Master'!$A$2:$A$27,0)),"") -> Beverage Cartons | E85: =IFERROR(INDEX('Materials Master'!$C$2:$C$27,MATCH($C85,'Materials Master'!$A$2:$A$27,0)),"") -> Fibers | F85: =SUMIFS(Fact_SortedWeights!$E$2:$E$6,Fact_SortedWeights!$C$2:$C$6,$A85,Fact_SortedWeights!$B$2:$B$6,$B85,Fact_SortedWeights!$D$2:$D$6,$C85) -> 0 | G85: =IF(AND(IF($B85="Trash",INDEX('Materials Master'!$F$2:$F$27,MATCH($C85,'Materials Master'!$A$2:$A$27,0)),IF($B85="GMPC Recycling",INDEX('Materials Master'!$G$2:$G$27,MATCH($C85,'Materials Master'!$A$2:$A$27,0)),IF($B85="Organics Recycling",INDEX('Materials Master'!$H$2:$H$27,MATCH($C85,'Materials Master'!$A$2:$A$27,0)),IF($B85="Cardboard Recycling",INDEX('Materials Master'!$I$2:$I$27,MATCH($C85,'Materials Master'!$A$2:$A$27,0)),IF($B85="Paper Recycling",INDEX('Materials Master'!$J$2:$J$27,MATCH($C85,'Materials Master'!$A$2:$A$27,0)),IF($B85="Terracycle",INDEX('Materials Master'!$K$2:$K$27,MATCH($C85,'Materials Master'!$A$2:$A$27,0)),"No"))))))="Yes",INDEX('Materials Master'!$E$2:$E$27,MATCH($C85,'Materials Master'!$A$2:$A$27,0))="Yes",$B85<>"Trash"),1,0) -> 1 | H85: =INDEX('Materials Master'!$E$2:$E$27,MATCH($C85,'Materials Master'!$A$2:$A$27,0)) -> Yes | I85: =IFERROR(INDEX(Areas!$C$2:$C$6,MATCH($A85,Areas!$B$2:$B$6,0)),"") -> Rest of Building | J85: =IF(IF($B85="Trash",INDEX('Materials Master'!$F$2:$F$27,MATCH($C85,'Materials Master'!$A$2:$A$27,0)),IF($B85="GMPC Recycling",INDEX('Materials Master'!$G$2:$G$27,MATCH($C85,'Materials Master'!$A$2:$A$27,0)),IF($B85="Organics Recycling",INDEX('Materials Master'!$H$2:$H$27,MATCH($C85,'Materials Master'!$A$2:$A$27,0)),IF($B85="Cardboard Recycling",INDEX('Materials Master'!$I$2:$I$27,MATCH($C85,'Materials Master'!$A$2:$A$27,0)),IF($B85="Paper Recycling",INDEX('Materials Master'!$J$2:$J$27,MATCH($C85,'Materials Master'!$A$2:$A$27,0)),IF($B85="Terracycle",INDEX('Materials Master'!$K$2:$K$27,MATCH($C85,'Materials Master'!$A$2:$A$27,0)),"No"))))))="Yes",1,0) -> 1
A86: OFFICES | B86: Cardboard Recycling | C86: FIB07 | D86: =IFERROR(INDEX('Materials Master'!$B$2:$B$27,MATCH($C86,'Materials Master'!$A$2:$A$27,0)),"") -> Soiled Beverage Cartons | E86: =IFERROR(INDEX('Materials Master'!$C$2:$C$27,MATCH($C86,'Materials Master'!$A$2:$A$27,0)),"") -> Fibers | F86: =SUMIFS(Fact_SortedWeights!$E$2:$E$6,Fact_SortedWeights!$C$2:$C$6,$A86,Fact_SortedWeights!$B$2:$B$6,$B86,Fact_SortedWeights!$D$2:$D$6,$C86) -> 0 | G86: =IF(AND(IF($B86="Trash",INDEX('Materials Master'!$F$2:$F$27,MATCH($C86,'Materials Master'!$A$2:$A$27,0)),IF($B86="GMPC Recycling",INDEX('Materials Master'!$G$2:$G$27,MATCH($C86,'Materials Master'!$A$2:$A$27,0)),IF($B86="Organics Recycling",INDEX('Materials Master'!$H$2:$H$27,MATCH($C86,'Materials Master'!$A$2:$A$27,0)),IF($B86="Cardboard Recycling",INDEX('Materials Master'!$I$2:$I$27,MATCH($C86,'Materials Master'!$A$2:$A$27,0)),IF($B86="Paper Recycling",INDEX('Materials Master'!$J$2:$J$27,MATCH($C86,'Materials Master'!$A$2:$A$27,0)),IF($B86="Terracycle",INDEX('Materials Master'!$K$2:$K$27,MATCH($C86,'Materials Master'!$A$2:$A$27,0)),"No"))))))="Yes",INDEX('Materials Master'!$E$2:$E$27,MATCH($C86,'Materials Master'!$A$2:$A$27,0))="Yes",$B86<>"Trash"),1,0) -> 0 | H86: =INDEX('Materials Master'!$E$2:$E$27,MATCH($C86,'Materials Master'!$A$2:$A$27,0)) -> No | I86: =IFERROR(INDEX(Areas!$C$2:$C$6,MATCH($A86,Areas!$B$2:$B$6,0)),"") -> Rest of Building | J86: =IF(IF($B86="Trash",INDEX('Materials Master'!$F$2:$F$27,MATCH($C86,'Materials Master'!$A$2:$A$27,0)),IF($B86="GMPC Recycling",INDEX('Materials Master'!$G$2:$G$27,MATCH($C86,'Materials Master'!$A$2:$A$27,0)),IF($B86="Organics Recycling",INDEX('Materials Master'!$H$2:$H$27,MATCH($C86,'Materials Master'!$A$2:$A$27,0)),IF($B86="Cardboard Recycling",INDEX('Materials Master'!$I$2:$I$27,MATCH($C86,'Materials Master'!$A$2:$A$27,0)),IF($B86="Paper Recycling",INDEX('Materials Master'!$J$2:$J$27,MATCH($C86,'Materials Master'!$A$2:$A$27,0)),IF($B86="Terracycle",INDEX('Materials Master'!$K$2:$K$27,MATCH($C86,'Materials Master'!$A$2:$A$27,0)),"No"))))))="Yes",1,0) -> 0
A87: OFFICES | B87: Cardboard Recycling | C87: FIB08 | D87: =IFERROR(INDEX('Materials Master'!$B$2:$B$27,MATCH($C87,'Materials Master'!$A$2:$A$27,0)),"") -> Paper Cups / Other Coated Paper Containers | E87: =IFERROR(INDEX('Materials Master'!$C$2:$C$27,MATCH($C87,'Materials Master'!$A$2:$A$27,0)),"") -> Fibers | F87: =SUMIFS(Fact_SortedWeights!$E$2:$E$6,Fact_SortedWeights!$C$2:$C$6,$A87,Fact_SortedWeights!$B$2:$B$6,$B87,Fact_SortedWeights!$D$2:$D$6,$C87) -> 0 | G87: =IF(AND(IF($B87="Trash",INDEX('Materials Master'!$F$2:$F$27,MATCH($C87,'Materials Master'!$A$2:$A$27,0)),IF($B87="GMPC Recycling",INDEX('Materials Master'!$G$2:$G$27,MATCH($C87,'Materials Master'!$A$2:$A$27,0)),IF($B87="Organics Recycling",INDEX('Materials Master'!$H$2:$H$27,MATCH($C87,'Materials Master'!$A$2:$A$27,0)),IF($B87="Cardboard Recycling",INDEX('Materials Master'!$I$2:$I$27,MATCH($C87,'Materials Master'!$A$2:$A$27,0)),IF($B87="Paper Recycling",INDEX('Materials Master'!$J$2:$J$27,MATCH($C87,'Materials Master'!$A$2:$A$27,0)),IF($B87="Terracycle",INDEX('Materials Master'!$K$2:$K$27,MATCH($C87,'Materials Master'!$A$2:$A$27,0)),"No"))))))="Yes",INDEX('Materials Master'!$E$2:$E$27,MATCH($C87,'Materials Master'!$A$2:$A$27,0))="Yes",$B87<>"Trash"),1,0) -> 0 | H87: =INDEX('Materials Master'!$E$2:$E$27,MATCH($C87,'Materials Master'!$A$2:$A$27,0)) -> No | I87: =IFERROR(INDEX(Areas!$C$2:$C$6,MATCH($A87,Areas!$B$2:$B$6,0)),"") -> Rest of Building | J87: =IF(IF($B87="Trash",INDEX('Materials Master'!$F$2:$F$27,MATCH($C87,'Materials Master'!$A$2:$A$27,0)),IF($B87="GMPC Recycling",INDEX('Materials Master'!$G$2:$G$27,MATCH($C87,'Materials Master'!$A$2:$A$27,0)),IF($B87="Organics Recycling",INDEX('Materials Master'!$H$2:$H$27,MATCH($C87,'Materials Master'!$A$2:$A$27,0)),IF($B87="Cardboard Recycling",INDEX('Materials Master'!$I$2:$I$27,MATCH($C87,'Materials Master'!$A$2:$A$27,0)),IF($B87="Paper Recycling",INDEX('Materials Master'!$J$2:$J$27,MATCH($C87,'Materials Master'!$A$2:$A$27,0)),IF($B87="Terracycle",INDEX('Materials Master'!$K$2:$K$27,MATCH($C87,'Materials Master'!$A$2:$A$27,0)),"No"))))))="Yes",1,0) -> 0
A88: OFFICES | B88: Cardboard Recycling | C88: GLA01 | D88: =IFERROR(INDEX('Materials Master'!$B$2:$B$27,MATCH($C88,'Materials Master'!$A$2:$A$27,0)),"") -> Glass Bottles & Jars | E88: =IFERROR(INDEX('Materials Master'!$C$2:$C$27,MATCH($C88,'Materials Master'!$A$2:$A$27,0)),"") -> Glass | F88: =SUMIFS(Fact_SortedWeights!$E$2:$E$6,Fact_SortedWeights!$C$2:$C$6,$A88,Fact_SortedWeights!$B$2:$B$6,$B88,Fact_SortedWeights!$D$2:$D$6,$C88) -> 0 | G88: =IF(AND(IF($B88="Trash",INDEX('Materials Master'!$F$2:$F$27,MATCH($C88,'Materials Master'!$A$2:$A$27,0)),IF($B88="GMPC Recycling",INDEX('Materials Master'!$G$2:$G$27,MATCH($C88,'Materials Master'!$A$2:$A$27,0)),IF($B88="Organics Recycling",INDEX('Materials Master'!$H$2:$H$27,MATCH($C88,'Materials Master'!$A$2:$A$27,0)),IF($B88="Cardboard Recycling",INDEX('Materials Master'!$I$2:$I$27,MATCH($C88,'Materials Master'!$A$2:$A$27,0)),IF($B88="Paper Recycling",INDEX('Materials Master'!$J$2:$J$27,MATCH($C88,'Materials Master'!$A$2:$A$27,0)),IF($B88="Terracycle",INDEX('Materials Master'!$K$2:$K$27,MATCH($C88,'Materials Master'!$A$2:$A$27,0)),"No"))))))="Yes",INDEX('Materials Master'!$E$2:$E$27,MATCH($C88,'Materials Master'!$A$2:$A$27,0))="Yes",$B88<>"Trash"),1,0) -> 1 | H88: =INDEX('Materials Master'!$E$2:$E$27,MATCH($C88,'Materials Master'!$A$2:$A$27,0)) -> Yes | I88: =IFERROR(INDEX(Areas!$C$2:$C$6,MATCH($A88,Areas!$B$2:$B$6,0)),"") -> Rest of Building | J88: =IF(IF($B88="Trash",INDEX('Materials Master'!$F$2:$F$27,MATCH($C88,'Materials Master'!$A$2:$A$27,0)),IF($B88="GMPC Recycling",INDEX('Materials Master'!$G$2:$G$27,MATCH($C88,'Materials Master'!$A$2:$A$27,0)),IF($B88="Organics Recycling",INDEX('Materials Master'!$H$2:$H$27,MATCH($C88,'Materials Master'!$A$2:$A$27,0)),IF($B88="Cardboard Recycling",INDEX('Materials Master'!$I$2:$I$27,MATCH($C88,'Materials Master'!$A$2:$A$27,0)),IF($B88="Paper Recycling",INDEX('Materials Master'!$J$2:$J$27,MATCH($C88,'Materials Master'!$A$2:$A$27,0)),IF($B88="Terracycle",INDEX('Materials Master'!$K$2:$K$27,MATCH($C88,'Materials Master'!$A$2:$A$27,0)),"No"))))))="Yes",1,0) -> 1
A89: OFFICES | B89: Cardboard Recycling | C89: GLA02 | D89: =IFERROR(INDEX('Materials Master'!$B$2:$B$27,MATCH($C89,'Materials Master'!$A$2:$A$27,0)),"") -> Soiled Glass | E89: =IFERROR(INDEX('Materials Master'!$C$2:$C$27,MATCH($C89,'Materials Master'!$A$2:$A$27,0)),"") -> Glass | F89: =SUMIFS(Fact_SortedWeights!$E$2:$E$6,Fact_SortedWeights!$C$2:$C$6,$A89,Fact_SortedWeights!$B$2:$B$6,$B89,Fact_SortedWeights!$D$2:$D$6,$C89) -> 0 | G89: =IF(AND(IF($B89="Trash",INDEX('Materials Master'!$F$2:$F$27,MATCH($C89,'Materials Master'!$A$2:$A$27,0)),IF($B89="GMPC Recycling",INDEX('Materials Master'!$G$2:$G$27,MATCH($C89,'Materials Master'!$A$2:$A$27,0)),IF($B89="Organics Recycling",INDEX('Materials Master'!$H$2:$H$27,MATCH($C89,'Materials Master'!$A$2:$A$27,0)),IF($B89="Cardboard Recycling",INDEX('Materials Master'!$I$2:$I$27,MATCH($C89,'Materials Master'!$A$2:$A$27,0)),IF($B89="Paper Recycling",INDEX('Materials Master'!$J$2:$J$27,MATCH($C89,'Materials Master'!$A$2:$A$27,0)),IF($B89="Terracycle",INDEX('Materials Master'!$K$2:$K$27,MATCH($C89,'Materials Master'!$A$2:$A$27,0)),"No"))))))="Yes",INDEX('Materials Master'!$E$2:$E$27,MATCH($C89,'Materials Master'!$A$2:$A$27,0))="Yes",$B89<>"Trash"),1,0) -> 0 | H89: =INDEX('Materials Master'!$E$2:$E$27,MATCH($C89,'Materials Master'!$A$2:$A$27,0)) -> No | I89: =IFERROR(INDEX(Areas!$C$2:$C$6,MATCH($A89,Areas!$B$2:$B$6,0)),"") -> Rest of Building | J89: =IF(IF($B89="Trash",INDEX('Materials Master'!$F$2:$F$27,MATCH($C89,'Materials Master'!$A$2:$A$27,0)),IF($B89="GMPC Recycling",INDEX('Materials Master'!$G$2:$G$27,MATCH($C89,'Materials Master'!$A$2:$A$27,0)),IF($B89="Organics Recycling",INDEX('Materials Master'!$H$2:$H$27,MATCH($C89,'Materials Master'!$A$2:$A$27,0)),IF($B89="Cardboard Recycling",INDEX('Materials Master'!$I$2:$I$27,MATCH($C89,'Materials Master'!$A$2:$A$27,0)),IF($B89="Paper Recycling",INDEX('Materials Master'!$J$2:$J$27,MATCH($C89,'Materials Master'!$A$2:$A$27,0)),IF($B89="Terracycle",INDEX('Materials Master'!$K$2:$K$27,MATCH($C89,'Materials Master'!$A$2:$A$27,0)),"No"))))))="Yes",1,0) -> 0
A90: OFFICES | B90: Cardboard Recycling | C90: MET01 | D90: =IFERROR(INDEX('Materials Master'!$B$2:$B$27,MATCH($C90,'Materials Master'!$A$2:$A$27,0)),"") -> Aluminum & Bi-Metal Containers | E90: =IFERROR(INDEX('Materials Master'!$C$2:$C$27,MATCH($C90,'Materials Master'!$A$2:$A$27,0)),"") -> Metals | F90: =SUMIFS(Fact_SortedWeights!$E$2:$E$6,Fact_SortedWeights!$C$2:$C$6,$A90,Fact_SortedWeights!$B$2:$B$6,$B90,Fact_SortedWeights!$D$2:$D$6,$C90) -> 0 | G90: =IF(AND(IF($B90="Trash",INDEX('Materials Master'!$F$2:$F$27,MATCH($C90,'Materials Master'!$A$2:$A$27,0)),IF($B90="GMPC Recycling",INDEX('Materials Master'!$G$2:$G$27,MATCH($C90,'Materials Master'!$A$2:$A$27,0)),IF($B90="Organics Recycling",INDEX('Materials Master'!$H$2:$H$27,MATCH($C90,'Materials Master'!$A$2:$A$27,0)),IF($B90="Cardboard Recycling",INDEX('Materials Master'!$I$2:$I$27,MATCH($C90,'Materials Master'!$A$2:$A$27,0)),IF($B90="Paper Recycling",INDEX('Materials Master'!$J$2:$J$27,MATCH($C90,'Materials Master'!$A$2:$A$27,0)),IF($B90="Terracycle",INDEX('Materials Master'!$K$2:$K$27,MATCH($C90,'Materials Master'!$A$2:$A$27,0)),"No"))))))="Yes",INDEX('Materials Master'!$E$2:$E$27,MATCH($C90,'Materials Master'!$A$2:$A$27,0))="Yes",$B90<>"Trash"),1,0) -> 1 | H90: =INDEX('Materials Master'!$E$2:$E$27,MATCH($C90,'Materials Master'!$A$2:$A$27,0)) -> Yes | I90: =IFERROR(INDEX(Areas!$C$2:$C$6,MATCH($A90,Areas!$B$2:$B$6,0)),"") -> Rest of Building | J90: =IF(IF($B90="Trash",INDEX('Materials Master'!$F$2:$F$27,MATCH($C90,'Materials Master'!$A$2:$A$27,0)),IF($B90="GMPC Recycling",INDEX('Materials Master'!$G$2:$G$27,MATCH($C90,'Materials Master'!$A$2:$A$27,0)),IF($B90="Organics Recycling",INDEX('Materials Master'!$H$2:$H$27,MATCH($C90,'Materials Master'!$A$2:$A$27,0)),IF($B90="Cardboard Recycling",INDEX('Materials Master'!$I$2:$I$27,MATCH($C90,'Materials Master'!$A$2:$A$27,0)),IF($B90="Paper Recycling",INDEX('Materials Master'!$J$2:$J$27,MATCH($C90,'Materials Master'!$A$2:$A$27,0)),IF($B90="Terracycle",INDEX('Materials Master'!$K$2:$K$27,MATCH($C90,'Materials Master'!$A$2:$A$27,0)),"No"))))))="Yes",1,0) -> 1
A91: OFFICES | B91: Cardboard Recycling | C91: MET02 | D91: =IFERROR(INDEX('Materials Master'!$B$2:$B$27,MATCH($C91,'Materials Master'!$A$2:$A$27,0)),"") -> Soiled Metals | E91: =IFERROR(INDEX('Materials Master'!$C$2:$C$27,MATCH($C91,'Materials Master'!$A$2:$A$27,0)),"") -> Metals | F91: =SUMIFS(Fact_SortedWeights!$E$2:$E$6,Fact_SortedWeights!$C$2:$C$6,$A91,Fact_SortedWeights!$B$2:$B$6,$B91,Fact_SortedWeights!$D$2:$D$6,$C91) -> 0 | G91: =IF(AND(IF($B91="Trash",INDEX('Materials Master'!$F$2:$F$27,MATCH($C91,'Materials Master'!$A$2:$A$27,0)),IF($B91="GMPC Recycling",INDEX('Materials Master'!$G$2:$G$27,MATCH($C91,'Materials Master'!$A$2:$A$27,0)),IF($B91="Organics Recycling",INDEX('Materials Master'!$H$2:$H$27,MATCH($C91,'Materials Master'!$A$2:$A$27,0)),IF($B91="Cardboard Recycling",INDEX('Materials Master'!$I$2:$I$27,MATCH($C91,'Materials Master'!$A$2:$A$27,0)),IF($B91="Paper Recycling",INDEX('Materials Master'!$J$2:$J$27,MATCH($C91,'Materials Master'!$A$2:$A$27,0)),IF($B91="Terracycle",INDEX('Materials Master'!$K$2:$K$27,MATCH($C91,'Materials Master'!$A$2:$A$27,0)),"No"))))))="Yes",INDEX('Materials Master'!$E$2:$E$27,MATCH($C91,'Materials Master'!$A$2:$A$27,0))="Yes",$B91<>"Trash"),1,0) -> 0 | H91: =INDEX('Materials Master'!$E$2:$E$27,MATCH($C91,'Materials Master'!$A$2:$A$27,0)) -> No | I91: =IFERROR(INDEX(Areas!$C$2:$C$6,MATCH($A91,Areas!$B$2:$B$6,0)),"") -> Rest of Building | J91: =IF(IF($B91="Trash",INDEX('Materials Master'!$F$2:$F$27,MATCH($C91,'Materials Master'!$A$2:$A$27,0)),IF($B91="GMPC Recycling",INDEX('Materials Master'!$G$2:$G$27,MATCH($C91,'Materials Master'!$A$2:$A$27,0)),IF($B91="Organics Recycling",INDEX('Materials Master'!$H$2:$H$27,MATCH($C91,'Materials Master'!$A$2:$A$27,0)),IF($B91="Cardboard Recycling",INDEX('Materials Master'!$I$2:$I$27,MATCH($C91,'Materials Master'!$A$2:$A$27,0)),IF($B91="Paper Recycling",INDEX('Materials Master'!$J$2:$J$27,MATCH($C91,'Materials Master'!$A$2:$A$27,0)),IF($B91="Terracycle",INDEX('Materials Master'!$K$2:$K$27,MATCH($C91,'Materials Master'!$A$2:$A$27,0)),"No"))))))="Yes",1,0) -> 0
... A105: OFFICES | B105: Cardboard Recycling | C105: OTH02 | D105: =IFERROR(INDEX('Materials Master'!$B$2:$B$27,MATCH($C105,'Materials Master'!$A$2:$A$27,0)),"") -> Other/Residual Materials | E105: =IFERROR(INDEX('Materials Master'!$C$2:$C$27,MATCH($C105,'Materials Master'!$A$2:$A$27,0)),"") -> Other | F105: =SUMIFS(Fact_SortedWeights!$E$2:$E$6,Fact_SortedWeights!$C$2:$C$6,$A105,Fact_SortedWeights!$B$2:$B$6,$B105,Fact_SortedWeights!$D$2:$D$6,$C105) -> 0 | G105: =IF(AND(IF($B105="Trash",INDEX('Materials Master'!$F$2:$F$27,MATCH($C105,'Materials Master'!$A$2:$A$27,0)),IF($B105="GMPC Recycling",INDEX('Materials Master'!$G$2:$G$27,MATCH($C105,'Materials Master'!$A$2:$A$27,0)),IF($B105="Organics Recycling",INDEX('Materials Master'!$H$2:$H$27,MATCH($C105,'Materials Master'!$A$2:$A$27,0)),IF($B105="Cardboard Recycling",INDEX('Materials Master'!$I$2:$I$27,MATCH($C105,'Materials Master'!$A$2:$A$27,0)),IF($B105="Paper Recycling",INDEX('Materials Master'!$J$2:$J$27,MATCH($C105,'Materials Master'!$A$2:$A$27,0)),IF($B105="Terracycle",INDEX('Materials Master'!$K$2:$K$27,MATCH($C105,'Materials Master'!$A$2:$A$27,0)),"No"))))))="Yes",INDEX('Materials Master'!$E$2:$E$27,MATCH($C105,'Materials Master'!$A$2:$A$27,0))="Yes",$B105<>"Trash"),1,0) -> 0 | H105: =INDEX('Materials Master'!$E$2:$E$27,MATCH($C105,'Materials Master'!$A$2:$A$27,0)) -> No | I105: =IFERROR(INDEX(Areas!$C$2:$C$6,MATCH($A105,Areas!$B$2:$B$6,0)),"") -> Rest of Building | J105: =IF(IF($B105="Trash",INDEX('Materials Master'!$F$2:$F$27,MATCH($C105,'Materials Master'!$A$2:$A$27,0)),IF($B105="GMPC Recycling",INDEX('Materials Master'!$G$2:$G$27,MATCH($C105,'Materials Master'!$A$2:$A$27,0)),IF($B105="Organics Recycling",INDEX('Materials Master'!$H$2:$H$27,MATCH($C105,'Materials Master'!$A$2:$A$27,0)),IF($B105="Cardboard Recycling",INDEX('Materials Master'!$I$2:$I$27,MATCH($C105,'Materials Master'!$A$2:$A$27,0)),IF($B105="Paper Recycling",INDEX('Materials Master'!$J$2:$J$27,MATCH($C105,'Materials Master'!$A$2:$A$27,0)),IF($B105="Terracycle",INDEX('Materials Master'!$K$2:$K$27,MATCH($C105,'Materials Master'!$A$2:$A$27,0)),"No"))))))="Yes",1,0) -> 0
A106: OFFICES | B106: Paper Recycling | C106: FIB01 | D106: =IFERROR(INDEX('Materials Master'!$B$2:$B$27,MATCH($C106,'Materials Master'!$A$2:$A$27,0)),"") -> Corrugated Cardboard | E106: =IFERROR(INDEX('Materials Master'!$C$2:$C$27,MATCH($C106,'Materials Master'!$A$2:$A$27,0)),"") -> Fibers | F106: =(SUMIFS(Fact_PreSortWeights!$E$2:$E$15,Fact_PreSortWeights!$C$2:$C$15,$A106,Fact_PreSortWeights!$B$2:$B$15,$B106,Fact_PreSortWeights!$F$2:$F$15,$C106))+(SUMIFS(Fact_SortedWeights!$E$2:$E$6,Fact_SortedWeights!$C$2:$C$6,$A106,Fact_SortedWeights!$B$2:$B$6,$B106,Fact_SortedWeights!$D$2:$D$6,$C106,Fact_SortedWeights!$L$2:$L$6,"Yes"))+IF((SUMIFS(Fact_SortedWeights!$E$2:$E$6,Fact_SortedWeights!$C$2:$C$6,$A106,Fact_SortedWeights!$B$2:$B$6,$B106,Fact_SortedWeights!$L$2:$L$6,"No"))=0,0,(SUMIFS(Fact_SortedWeights!$E$2:$E$6,Fact_SortedWeights!$C$2:$C$6,$A106,Fact_SortedWeights!$B$2:$B$6,$B106,Fact_SortedWeights!$D$2:$D$6,$C106,Fact_SortedWeights!$L$2:$L$6,"No"))/(SUMIFS(Fact_SortedWeights!$E$2:$E$6,Fact_SortedWeights!$C$2:$C$6,$A106,Fact_SortedWeights!$B$2:$B$6,$B106,Fact_SortedWeights!$L$2:$L$6,"No"))*((SUMIFS(Fact_PreSortWeights!$E$2:$E$15,Fact_PreSortWeights!$C$2:$C$15,$A106,Fact_PreSortWeights!$B$2:$B$15,$B106,Fact_PreSortWeights!$F$2:$F$15,""))-(SUMIFS(Fact_SortedWeights!$E$2:$E$6,Fact_SortedWeights!$C$2:$C$6,$A106,Fact_SortedWeights!$B$2:$B$6,$B106,Fact_SortedWeights!$L$2:$L$6,"Yes")))) -> 0 | G106: =IF(AND(IF($B106="Trash",INDEX('Materials Master'!$F$2:$F$27,MATCH($C106,'Materials Master'!$A$2:$A$27,0)),IF($B106="GMPC Recycling",INDEX('Materials Master'!$G$2:$G$27,MATCH($C106,'Materials Master'!$A$2:$A$27,0)),IF($B106="Organics Recycling",INDEX('Materials Master'!$H$2:$H$27,MATCH($C106,'Materials Master'!$A$2:$A$27,0)),IF($B106="Cardboard Recycling",INDEX('Materials Master'!$I$2:$I$27,MATCH($C106,'Materials Master'!$A$2:$A$27,0)),IF($B106="Paper Recycling",INDEX('Materials Master'!$J$2:$J$27,MATCH($C106,'Materials Master'!$A$2:$A$27,0)),IF($B106="Terracycle",INDEX('Materials Master'!$K$2:$K$27,MATCH($C106,'Materials Master'!$A$2:$A$27,0)),"No"))))))="Yes",INDEX('Materials Master'!$E$2:$E$27,MATCH($C106,'Materials Master'!$A$2:$A$27,0))="Yes",$B106<>"Trash"),1,0) -> 1 | H106: =INDEX('Materials Master'!$E$2:$E$27,MATCH($C106,'Materials Master'!$A$2:$A$27,0)) -> Yes | I106: =IFERROR(INDEX(Areas!$C$2:$C$6,MATCH($A106,Areas!$B$2:$B$6,0)),"") -> Rest of Building | J106: =IF(IF($B106="Trash",INDEX('Materials Master'!$F$2:$F$27,MATCH($C106,'Materials Master'!$A$2:$A$27,0)),IF($B106="GMPC Recycling",INDEX('Materials Master'!$G$2:$G$27,MATCH($C106,'Materials Master'!$A$2:$A$27,0)),IF($B106="Organics Recycling",INDEX('Materials Master'!$H$2:$H$27,MATCH($C106,'Materials Master'!$A$2:$A$27,0)),IF($B106="Cardboard Recycling",INDEX('Materials Master'!$I$2:$I$27,MATCH($C106,'Materials Master'!$A$2:$A$27,0)),IF($B106="Paper Recycling",INDEX('Materials Master'!$J$2:$J$27,MATCH($C106,'Materials Master'!$A$2:$A$27,0)),IF($B106="Terracycle",INDEX('Materials Master'!$K$2:$K$27,MATCH($C106,'Materials Master'!$A$2:$A$27,0)),"No"))))))="Yes",1,0) -> 1
A107: OFFICES | B107: Paper Recycling | C107: FIB02 | D107: =IFERROR(INDEX('Materials Master'!$B$2:$B$27,MATCH($C107,'Materials Master'!$A$2:$A$27,0)),"") -> Soiled Cardboard | E107: =IFERROR(INDEX('Materials Master'!$C$2:$C$27,MATCH($C107,'Materials Master'!$A$2:$A$27,0)),"") -> Fibers | F107: =(SUMIFS(Fact_PreSortWeights!$E$2:$E$15,Fact_PreSortWeights!$C$2:$C$15,$A107,Fact_PreSortWeights!$B$2:$B$15,$B107,Fact_PreSortWeights!$F$2:$F$15,$C107))+(SUMIFS(Fact_SortedWeights!$E$2:$E$6,Fact_SortedWeights!$C$2:$C$6,$A107,Fact_SortedWeights!$B$2:$B$6,$B107,Fact_SortedWeights!$D$2:$D$6,$C107,Fact_SortedWeights!$L$2:$L$6,"Yes"))+IF((SUMIFS(Fact_SortedWeights!$E$2:$E$6,Fact_SortedWeights!$C$2:$C$6,$A107,Fact_SortedWeights!$B$2:$B$6,$B107,Fact_SortedWeights!$L$2:$L$6,"No"))=0,0,(SUMIFS(Fact_SortedWeights!$E$2:$E$6,Fact_SortedWeights!$C$2:$C$6,$A107,Fact_SortedWeights!$B$2:$B$6,$B107,Fact_SortedWeights!$D$2:$D$6,$C107,Fact_SortedWeights!$L$2:$L$6,"No"))/(SUMIFS(Fact_SortedWeights!$E$2:$E$6,Fact_SortedWeights!$C$2:$C$6,$A107,Fact_SortedWeights!$B$2:$B$6,$B107,Fact_SortedWeights!$L$2:$L$6,"No"))*((SUMIFS(Fact_PreSortWeights!$E$2:$E$15,Fact_PreSortWeights!$C$2:$C$15,$A107,Fact_PreSortWeights!$B$2:$B$15,$B107,Fact_PreSortWeights!$F$2:$F$15,""))-(SUMIFS(Fact_SortedWeights!$E$2:$E$6,Fact_SortedWeights!$C$2:$C$6,$A107,Fact_SortedWeights!$B$2:$B$6,$B107,Fact_SortedWeights!$L$2:$L$6,"Yes")))) -> 0 | G107: =IF(AND(IF($B107="Trash",INDEX('Materials Master'!$F$2:$F$27,MATCH($C107,'Materials Master'!$A$2:$A$27,0)),IF($B107="GMPC Recycling",INDEX('Materials Master'!$G$2:$G$27,MATCH($C107,'Materials Master'!$A$2:$A$27,0)),IF($B107="Organics Recycling",INDEX('Materials Master'!$H$2:$H$27,MATCH($C107,'Materials Master'!$A$2:$A$27,0)),IF($B107="Cardboard Recycling",INDEX('Materials Master'!$I$2:$I$27,MATCH($C107,'Materials Master'!$A$2:$A$27,0)),IF($B107="Paper Recycling",INDEX('Materials Master'!$J$2:$J$27,MATCH($C107,'Materials Master'!$A$2:$A$27,0)),IF($B107="Terracycle",INDEX('Materials Master'!$K$2:$K$27,MATCH($C107,'Materials Master'!$A$2:$A$27,0)),"No"))))))="Yes",INDEX('Materials Master'!$E$2:$E$27,MATCH($C107,'Materials Master'!$A$2:$A$27,0))="Yes",$B107<>"Trash"),1,0) -> 0 | H107: =INDEX('Materials Master'!$E$2:$E$27,MATCH($C107,'Materials Master'!$A$2:$A$27,0)) -> No | I107: =IFERROR(INDEX(Areas!$C$2:$C$6,MATCH($A107,Areas!$B$2:$B$6,0)),"") -> Rest of Building | J107: =IF(IF($B107="Trash",INDEX('Materials Master'!$F$2:$F$27,MATCH($C107,'Materials Master'!$A$2:$A$27,0)),IF($B107="GMPC Recycling",INDEX('Materials Master'!$G$2:$G$27,MATCH($C107,'Materials Master'!$A$2:$A$27,0)),IF($B107="Organics Recycling",INDEX('Materials Master'!$H$2:$H$27,MATCH($C107,'Materials Master'!$A$2:$A$27,0)),IF($B107="Cardboard Recycling",INDEX('Materials Master'!$I$2:$I$27,MATCH($C107,'Materials Master'!$A$2:$A$27,0)),IF($B107="Paper Recycling",INDEX('Materials Master'!$J$2:$J$27,MATCH($C107,'Materials Master'!$A$2:$A$27,0)),IF($B107="Terracycle",INDEX('Materials Master'!$K$2:$K$27,MATCH($C107,'Materials Master'!$A$2:$A$27,0)),"No"))))))="Yes",1,0) -> 0
A108: OFFICES | B108: Paper Recycling | C108: FIB03 | D108: =IFERROR(INDEX('Materials Master'!$B$2:$B$27,MATCH($C108,'Materials Master'!$A$2:$A$27,0)),"") -> Waxed Cardboard | E108: =IFERROR(INDEX('Materials Master'!$C$2:$C$27,MATCH($C108,'Materials Master'!$A$2:$A$27,0)),"") -> Fibers | F108: =(SUMIFS(Fact_PreSortWeights!$E$2:$E$15,Fact_PreSortWeights!$C$2:$C$15,$A108,Fact_PreSortWeights!$B$2:$B$15,$B108,Fact_PreSortWeights!$F$2:$F$15,$C108))+(SUMIFS(Fact_SortedWeights!$E$2:$E$6,Fact_SortedWeights!$C$2:$C$6,$A108,Fact_SortedWeights!$B$2:$B$6,$B108,Fact_SortedWeights!$D$2:$D$6,$C108,Fact_SortedWeights!$L$2:$L$6,"Yes"))+IF((SUMIFS(Fact_SortedWeights!$E$2:$E$6,Fact_SortedWeights!$C$2:$C$6,$A108,Fact_SortedWeights!$B$2:$B$6,$B108,Fact_SortedWeights!$L$2:$L$6,"No"))=0,0,(SUMIFS(Fact_SortedWeights!$E$2:$E$6,Fact_SortedWeights!$C$2:$C$6,$A108,Fact_SortedWeights!$B$2:$B$6,$B108,Fact_SortedWeights!$D$2:$D$6,$C108,Fact_SortedWeights!$L$2:$L$6,"No"))/(SUMIFS(Fact_SortedWeights!$E$2:$E$6,Fact_SortedWeights!$C$2:$C$6,$A108,Fact_SortedWeights!$B$2:$B$6,$B108,Fact_SortedWeights!$L$2:$L$6,"No"))*((SUMIFS(Fact_PreSortWeights!$E$2:$E$15,Fact_PreSortWeights!$C$2:$C$15,$A108,Fact_PreSortWeights!$B$2:$B$15,$B108,Fact_PreSortWeights!$F$2:$F$15,""))-(SUMIFS(Fact_SortedWeights!$E$2:$E$6,Fact_SortedWeights!$C$2:$C$6,$A108,Fact_SortedWeights!$B$2:$B$6,$B108,Fact_SortedWeights!$L$2:$L$6,"Yes")))) -> 0 | G108: =IF(AND(IF($B108="Trash",INDEX('Materials Master'!$F$2:$F$27,MATCH($C108,'Materials Master'!$A$2:$A$27,0)),IF($B108="GMPC Recycling",INDEX('Materials Master'!$G$2:$G$27,MATCH($C108,'Materials Master'!$A$2:$A$27,0)),IF($B108="Organics Recycling",INDEX('Materials Master'!$H$2:$H$27,MATCH($C108,'Materials Master'!$A$2:$A$27,0)),IF($B108="Cardboard Recycling",INDEX('Materials Master'!$I$2:$I$27,MATCH($C108,'Materials Master'!$A$2:$A$27,0)),IF($B108="Paper Recycling",INDEX('Materials Master'!$J$2:$J$27,MATCH($C108,'Materials Master'!$A$2:$A$27,0)),IF($B108="Terracycle",INDEX('Materials Master'!$K$2:$K$27,MATCH($C108,'Materials Master'!$A$2:$A$27,0)),"No"))))))="Yes",INDEX('Materials Master'!$E$2:$E$27,MATCH($C108,'Materials Master'!$A$2:$A$27,0))="Yes",$B108<>"Trash"),1,0) -> 0 | H108: =INDEX('Materials Master'!$E$2:$E$27,MATCH($C108,'Materials Master'!$A$2:$A$27,0)) -> No | I108: =IFERROR(INDEX(Areas!$C$2:$C$6,MATCH($A108,Areas!$B$2:$B$6,0)),"") -> Rest of Building | J108: =IF(IF($B108="Trash",INDEX('Materials Master'!$F$2:$F$27,MATCH($C108,'Materials Master'!$A$2:$A$27,0)),IF($B108="GMPC Recycling",INDEX('Materials Master'!$G$2:$G$27,MATCH($C108,'Materials Master'!$A$2:$A$27,0)),IF($B108="Organics Recycling",INDEX('Materials Master'!$H$2:$H$27,MATCH($C108,'Materials Master'!$A$2:$A$27,0)),IF($B108="Cardboard Recycling",INDEX('Materials Master'!$I$2:$I$27,MATCH($C108,'Materials Master'!$A$2:$A$27,0)),IF($B108="Paper Recycling",INDEX('Materials Master'!$J$2:$J$27,MATCH($C108,'Materials Master'!$A$2:$A$27,0)),IF($B108="Terracycle",INDEX('Materials Master'!$K$2:$K$27,MATCH($C108,'Materials Master'!$A$2:$A$27,0)),"No"))))))="Yes",1,0) -> 0
A109: OFFICES | B109: Paper Recycling | C109: FIB04 | D109: =IFERROR(INDEX('Materials Master'!$B$2:$B$27,MATCH($C109,'Materials Master'!$A$2:$A$27,0)),"") -> Mixed Paper | E109: =IFERROR(INDEX('Materials Master'!$C$2:$C$27,MATCH($C109,'Materials Master'!$A$2:$A$27,0)),"") -> Fibers | F109: =(SUMIFS(Fact_PreSortWeights!$E$2:$E$15,Fact_PreSortWeights!$C$2:$C$15,$A109,Fact_PreSortWeights!$B$2:$B$15,$B109,Fact_PreSortWeights!$F$2:$F$15,$C109))+(SUMIFS(Fact_SortedWeights!$E$2:$E$6,Fact_SortedWeights!$C$2:$C$6,$A109,Fact_SortedWeights!$B$2:$B$6,$B109,Fact_SortedWeights!$D$2:$D$6,$C109,Fact_SortedWeights!$L$2:$L$6,"Yes"))+IF((SUMIFS(Fact_SortedWeights!$E$2:$E$6,Fact_SortedWeights!$C$2:$C$6,$A109,Fact_SortedWeights!$B$2:$B$6,$B109,Fact_SortedWeights!$L$2:$L$6,"No"))=0,0,(SUMIFS(Fact_SortedWeights!$E$2:$E$6,Fact_SortedWeights!$C$2:$C$6,$A109,Fact_SortedWeights!$B$2:$B$6,$B109,Fact_SortedWeights!$D$2:$D$6,$C109,Fact_SortedWeights!$L$2:$L$6,"No"))/(SUMIFS(Fact_SortedWeights!$E$2:$E$6,Fact_SortedWeights!$C$2:$C$6,$A109,Fact_SortedWeights!$B$2:$B$6,$B109,Fact_SortedWeights!$L$2:$L$6,"No"))*((SUMIFS(Fact_PreSortWeights!$E$2:$E$15,Fact_PreSortWeights!$C$2:$C$15,$A109,Fact_PreSortWeights!$B$2:$B$15,$B109,Fact_PreSortWeights!$F$2:$F$15,""))-(SUMIFS(Fact_SortedWeights!$E$2:$E$6,Fact_SortedWeights!$C$2:$C$6,$A109,Fact_SortedWeights!$B$2:$B$6,$B109,Fact_SortedWeights!$L$2:$L$6,"Yes")))) -> 0 | G109: =IF(AND(IF($B109="Trash",INDEX('Materials Master'!$F$2:$F$27,MATCH($C109,'Materials Master'!$A$2:$A$27,0)),IF($B109="GMPC Recycling",INDEX('Materials Master'!$G$2:$G$27,MATCH($C109,'Materials Master'!$A$2:$A$27,0)),IF($B109="Organics Recycling",INDEX('Materials Master'!$H$2:$H$27,MATCH($C109,'Materials Master'!$A$2:$A$27,0)),IF($B109="Cardboard Recycling",INDEX('Materials Master'!$I$2:$I$27,MATCH($C109,'Materials Master'!$A$2:$A$27,0)),IF($B109="Paper Recycling",INDEX('Materials Master'!$J$2:$J$27,MATCH($C109,'Materials Master'!$A$2:$A$27,0)),IF($B109="Terracycle",INDEX('Materials Master'!$K$2:$K$27,MATCH($C109,'Materials Master'!$A$2:$A$27,0)),"No"))))))="Yes",INDEX('Materials Master'!$E$2:$E$27,MATCH($C109,'Materials Master'!$A$2:$A$27,0))="Yes",$B109<>"Trash"),1,0) -> 0 | H109: =INDEX('Materials Master'!$E$2:$E$27,MATCH($C109,'Materials Master'!$A$2:$A$27,0)) -> Yes | I109: =IFERROR(INDEX(Areas!$C$2:$C$6,MATCH($A109,Areas!$B$2:$B$6,0)),"") -> Rest of Building | J109: =IF(IF($B109="Trash",INDEX('Materials Master'!$F$2:$F$27,MATCH($C109,'Materials Master'!$A$2:$A$27,0)),IF($B109="GMPC Recycling",INDEX('Materials Master'!$G$2:$G$27,MATCH($C109,'Materials Master'!$A$2:$A$27,0)),IF($B109="Organics Recycling",INDEX('Materials Master'!$H$2:$H$27,MATCH($C109,'Materials Master'!$A$2:$A$27,0)),IF($B109="Cardboard Recycling",INDEX('Materials Master'!$I$2:$I$27,MATCH($C109,'Materials Master'!$A$2:$A$27,0)),IF($B109="Paper Recycling",INDEX('Materials Master'!$J$2:$J$27,MATCH($C109,'Materials Master'!$A$2:$A$27,0)),IF($B109="Terracycle",INDEX('Materials Master'!$K$2:$K$27,MATCH($C109,'Materials Master'!$A$2:$A$27,0)),"No"))))))="Yes",1,0) -> 0
A110: OFFICES | B110: Paper Recycling | C110: FIB05 | D110: =IFERROR(INDEX('Materials Master'!$B$2:$B$27,MATCH($C110,'Materials Master'!$A$2:$A$27,0)),"") -> Soiled Paper | E110: =IFERROR(INDEX('Materials Master'!$C$2:$C$27,MATCH($C110,'Materials Master'!$A$2:$A$27,0)),"") -> Fibers | F110: =(SUMIFS(Fact_PreSortWeights!$E$2:$E$15,Fact_PreSortWeights!$C$2:$C$15,$A110,Fact_PreSortWeights!$B$2:$B$15,$B110,Fact_PreSortWeights!$F$2:$F$15,$C110))+(SUMIFS(Fact_SortedWeights!$E$2:$E$6,Fact_SortedWeights!$C$2:$C$6,$A110,Fact_SortedWeights!$B$2:$B$6,$B110,Fact_SortedWeights!$D$2:$D$6,$C110,Fact_SortedWeights!$L$2:$L$6,"Yes"))+IF((SUMIFS(Fact_SortedWeights!$E$2:$E$6,Fact_SortedWeights!$C$2:$C$6,$A110,Fact_SortedWeights!$B$2:$B$6,$B110,Fact_SortedWeights!$L$2:$L$6,"No"))=0,0,(SUMIFS(Fact_SortedWeights!$E$2:$E$6,Fact_SortedWeights!$C$2:$C$6,$A110,Fact_SortedWeights!$B$2:$B$6,$B110,Fact_SortedWeights!$D$2:$D$6,$C110,Fact_SortedWeights!$L$2:$L$6,"No"))/(SUMIFS(Fact_SortedWeights!$E$2:$E$6,Fact_SortedWeights!$C$2:$C$6,$A110,Fact_SortedWeights!$B$2:$B$6,$B110,Fact_SortedWeights!$L$2:$L$6,"No"))*((SUMIFS(Fact_PreSortWeights!$E$2:$E$15,Fact_PreSortWeights!$C$2:$C$15,$A110,Fact_PreSortWeights!$B$2:$B$15,$B110,Fact_PreSortWeights!$F$2:$F$15,""))-(SUMIFS(Fact_SortedWeights!$E$2:$E$6,Fact_SortedWeights!$C$2:$C$6,$A110,Fact_SortedWeights!$B$2:$B$6,$B110,Fact_SortedWeights!$L$2:$L$6,"Yes")))) -> 0 | G110: =IF(AND(IF($B110="Trash",INDEX('Materials Master'!$F$2:$F$27,MATCH($C110,'Materials Master'!$A$2:$A$27,0)),IF($B110="GMPC Recycling",INDEX('Materials Master'!$G$2:$G$27,MATCH($C110,'Materials Master'!$A$2:$A$27,0)),IF($B110="Organics Recycling",INDEX('Materials Master'!$H$2:$H$27,MATCH($C110,'Materials Master'!$A$2:$A$27,0)),IF($B110="Cardboard Recycling",INDEX('Materials Master'!$I$2:$I$27,MATCH($C110,'Materials Master'!$A$2:$A$27,0)),IF($B110="Paper Recycling",INDEX('Materials Master'!$J$2:$J$27,MATCH($C110,'Materials Master'!$A$2:$A$27,0)),IF($B110="Terracycle",INDEX('Materials Master'!$K$2:$K$27,MATCH($C110,'Materials Master'!$A$2:$A$27,0)),"No"))))))="Yes",INDEX('Materials Master'!$E$2:$E$27,MATCH($C110,'Materials Master'!$A$2:$A$27,0))="Yes",$B110<>"Trash"),1,0) -> 0 | H110: =INDEX('Materials Master'!$E$2:$E$27,MATCH($C110,'Materials Master'!$A$2:$A$27,0)) -> No | I110: =IFERROR(INDEX(Areas!$C$2:$C$6,MATCH($A110,Areas!$B$2:$B$6,0)),"") -> Rest of Building | J110: =IF(IF($B110="Trash",INDEX('Materials Master'!$F$2:$F$27,MATCH($C110,'Materials Master'!$A$2:$A$27,0)),IF($B110="GMPC Recycling",INDEX('Materials Master'!$G$2:$G$27,MATCH($C110,'Materials Master'!$A$2:$A$27,0)),IF($B110="Organics Recycling",INDEX('Materials Master'!$H$2:$H$27,MATCH($C110,'Materials Master'!$A$2:$A$27,0)),IF($B110="Cardboard Recycling",INDEX('Materials Master'!$I$2:$I$27,MATCH($C110,'Materials Master'!$A$2:$A$27,0)),IF($B110="Paper Recycling",INDEX('Materials Master'!$J$2:$J$27,MATCH($C110,'Materials Master'!$A$2:$A$27,0)),IF($B110="Terracycle",INDEX('Materials Master'!$K$2:$K$27,MATCH($C110,'Materials Master'!$A$2:$A$27,0)),"No"))))))="Yes",1,0) -> 0
A111: OFFICES | B111: Paper Recycling | C111: FIB06 | D111: =IFERROR(INDEX('Materials Master'!$B$2:$B$27,MATCH($C111,'Materials Master'!$A$2:$A$27,0)),"") -> Beverage Cartons | E111: =IFERROR(INDEX('Materials Master'!$C$2:$C$27,MATCH($C111,'Materials Master'!$A$2:$A$27,0)),"") -> Fibers | F111: =(SUMIFS(Fact_PreSortWeights!$E$2:$E$15,Fact_PreSortWeights!$C$2:$C$15,$A111,Fact_PreSortWeights!$B$2:$B$15,$B111,Fact_PreSortWeights!$F$2:$F$15,$C111))+(SUMIFS(Fact_SortedWeights!$E$2:$E$6,Fact_SortedWeights!$C$2:$C$6,$A111,Fact_SortedWeights!$B$2:$B$6,$B111,Fact_SortedWeights!$D$2:$D$6,$C111,Fact_SortedWeights!$L$2:$L$6,"Yes"))+IF((SUMIFS(Fact_SortedWeights!$E$2:$E$6,Fact_SortedWeights!$C$2:$C$6,$A111,Fact_SortedWeights!$B$2:$B$6,$B111,Fact_SortedWeights!$L$2:$L$6,"No"))=0,0,(SUMIFS(Fact_SortedWeights!$E$2:$E$6,Fact_SortedWeights!$C$2:$C$6,$A111,Fact_SortedWeights!$B$2:$B$6,$B111,Fact_SortedWeights!$D$2:$D$6,$C111,Fact_SortedWeights!$L$2:$L$6,"No"))/(SUMIFS(Fact_SortedWeights!$E$2:$E$6,Fact_SortedWeights!$C$2:$C$6,$A111,Fact_SortedWeights!$B$2:$B$6,$B111,Fact_SortedWeights!$L$2:$L$6,"No"))*((SUMIFS(Fact_PreSortWeights!$E$2:$E$15,Fact_PreSortWeights!$C$2:$C$15,$A111,Fact_PreSortWeights!$B$2:$B$15,$B111,Fact_PreSortWeights!$F$2:$F$15,""))-(SUMIFS(Fact_SortedWeights!$E$2:$E$6,Fact_SortedWeights!$C$2:$C$6,$A111,Fact_SortedWeights!$B$2:$B$6,$B111,Fact_SortedWeights!$L$2:$L$6,"Yes")))) -> 0 | G111: =IF(AND(IF($B111="Trash",INDEX('Materials Master'!$F$2:$F$27,MATCH($C111,'Materials Master'!$A$2:$A$27,0)),IF($B111="GMPC Recycling",INDEX('Materials Master'!$G$2:$G$27,MATCH($C111,'Materials Master'!$A$2:$A$27,0)),IF($B111="Organics Recycling",INDEX('Materials Master'!$H$2:$H$27,MATCH($C111,'Materials Master'!$A$2:$A$27,0)),IF($B111="Cardboard Recycling",INDEX('Materials Master'!$I$2:$I$27,MATCH($C111,'Materials Master'!$A$2:$A$27,0)),IF($B111="Paper Recycling",INDEX('Materials Master'!$J$2:$J$27,MATCH($C111,'Materials Master'!$A$2:$A$27,0)),IF($B111="Terracycle",INDEX('Materials Master'!$K$2:$K$27,MATCH($C111,'Materials Master'!$A$2:$A$27,0)),"No"))))))="Yes",INDEX('Materials Master'!$E$2:$E$27,MATCH($C111,'Materials Master'!$A$2:$A$27,0))="Yes",$B111<>"Trash"),1,0) -> 1 | H111: =INDEX('Materials Master'!$E$2:$E$27,MATCH($C111,'Materials Master'!$A$2:$A$27,0)) -> Yes | I111: =IFERROR(INDEX(Areas!$C$2:$C$6,MATCH($A111,Areas!$B$2:$B$6,0)),"") -> Rest of Building | J111: =IF(IF($B111="Trash",INDEX('Materials Master'!$F$2:$F$27,MATCH($C111,'Materials Master'!$A$2:$A$27,0)),IF($B111="GMPC Recycling",INDEX('Materials Master'!$G$2:$G$27,MATCH($C111,'Materials Master'!$A$2:$A$27,0)),IF($B111="Organics Recycling",INDEX('Materials Master'!$H$2:$H$27,MATCH($C111,'Materials Master'!$A$2:$A$27,0)),IF($B111="Cardboard Recycling",INDEX('Materials Master'!$I$2:$I$27,MATCH($C111,'Materials Master'!$A$2:$A$27,0)),IF($B111="Paper Recycling",INDEX('Materials Master'!$J$2:$J$27,MATCH($C111,'Materials Master'!$A$2:$A$27,0)),IF($B111="Terracycle",INDEX('Materials Master'!$K$2:$K$27,MATCH($C111,'Materials Master'!$A$2:$A$27,0)),"No"))))))="Yes",1,0) -> 1
A112: OFFICES | B112: Paper Recycling | C112: FIB07 | D112: =IFERROR(INDEX('Materials Master'!$B$2:$B$27,MATCH($C112,'Materials Master'!$A$2:$A$27,0)),"") -> Soiled Beverage Cartons | E112: =IFERROR(INDEX('Materials Master'!$C$2:$C$27,MATCH($C112,'Materials Master'!$A$2:$A$27,0)),"") -> Fibers | F112: =(SUMIFS(Fact_PreSortWeights!$E$2:$E$15,Fact_PreSortWeights!$C$2:$C$15,$A112,Fact_PreSortWeights!$B$2:$B$15,$B112,Fact_PreSortWeights!$F$2:$F$15,$C112))+(SUMIFS(Fact_SortedWeights!$E$2:$E$6,Fact_SortedWeights!$C$2:$C$6,$A112,Fact_SortedWeights!$B$2:$B$6,$B112,Fact_SortedWeights!$D$2:$D$6,$C112,Fact_SortedWeights!$L$2:$L$6,"Yes"))+IF((SUMIFS(Fact_SortedWeights!$E$2:$E$6,Fact_SortedWeights!$C$2:$C$6,$A112,Fact_SortedWeights!$B$2:$B$6,$B112,Fact_SortedWeights!$L$2:$L$6,"No"))=0,0,(SUMIFS(Fact_SortedWeights!$E$2:$E$6,Fact_SortedWeights!$C$2:$C$6,$A112,Fact_SortedWeights!$B$2:$B$6,$B112,Fact_SortedWeights!$D$2:$D$6,$C112,Fact_SortedWeights!$L$2:$L$6,"No"))/(SUMIFS(Fact_SortedWeights!$E$2:$E$6,Fact_SortedWeights!$C$2:$C$6,$A112,Fact_SortedWeights!$B$2:$B$6,$B112,Fact_SortedWeights!$L$2:$L$6,"No"))*((SUMIFS(Fact_PreSortWeights!$E$2:$E$15,Fact_PreSortWeights!$C$2:$C$15,$A112,Fact_PreSortWeights!$B$2:$B$15,$B112,Fact_PreSortWeights!$F$2:$F$15,""))-(SUMIFS(Fact_SortedWeights!$E$2:$E$6,Fact_SortedWeights!$C$2:$C$6,$A112,Fact_SortedWeights!$B$2:$B$6,$B112,Fact_SortedWeights!$L$2:$L$6,"Yes")))) -> 0 | G112: =IF(AND(IF($B112="Trash",INDEX('Materials Master'!$F$2:$F$27,MATCH($C112,'Materials Master'!$A$2:$A$27,0)),IF($B112="GMPC Recycling",INDEX('Materials Master'!$G$2:$G$27,MATCH($C112,'Materials Master'!$A$2:$A$27,0)),IF($B112="Organics Recycling",INDEX('Materials Master'!$H$2:$H$27,MATCH($C112,'Materials Master'!$A$2:$A$27,0)),IF($B112="Cardboard Recycling",INDEX('Materials Master'!$I$2:$I$27,MATCH($C112,'Materials Master'!$A$2:$A$27,0)),IF($B112="Paper Recycling",INDEX('Materials Master'!$J$2:$J$27,MATCH($C112,'Materials Master'!$A$2:$A$27,0)),IF($B112="Terracycle",INDEX('Materials Master'!$K$2:$K$27,MATCH($C112,'Materials Master'!$A$2:$A$27,0)),"No"))))))="Yes",INDEX('Materials Master'!$E$2:$E$27,MATCH($C112,'Materials Master'!$A$2:$A$27,0))="Yes",$B112<>"Trash"),1,0) -> 0 | H112: =INDEX('Materials Master'!$E$2:$E$27,MATCH($C112,'Materials Master'!$A$2:$A$27,0)) -> No | I112: =IFERROR(INDEX(Areas!$C$2:$C$6,MATCH($A112,Areas!$B$2:$B$6,0)),"") -> Rest of Building | J112: =IF(IF($B112="Trash",INDEX('Materials Master'!$F$2:$F$27,MATCH($C112,'Materials Master'!$A$2:$A$27,0)),IF($B112="GMPC Recycling",INDEX('Materials Master'!$G$2:$G$27,MATCH($C112,'Materials Master'!$A$2:$A$27,0)),IF($B112="Organics Recycling",INDEX('Materials Master'!$H$2:$H$27,MATCH($C112,'Materials Master'!$A$2:$A$27,0)),IF($B112="Cardboard Recycling",INDEX('Materials Master'!$I$2:$I$27,MATCH($C112,'Materials Master'!$A$2:$A$27,0)),IF($B112="Paper Recycling",INDEX('Materials Master'!$J$2:$J$27,MATCH($C112,'Materials Master'!$A$2:$A$27,0)),IF($B112="Terracycle",INDEX('Materials Master'!$K$2:$K$27,MATCH($C112,'Materials Master'!$A$2:$A$27,0)),"No"))))))="Yes",1,0) -> 0
A113: OFFICES | B113: Paper Recycling | C113: FIB08 | D113: =IFERROR(INDEX('Materials Master'!$B$2:$B$27,MATCH($C113,'Materials Master'!$A$2:$A$27,0)),"") -> Paper Cups / Other Coated Paper Containers | E113: =IFERROR(INDEX('Materials Master'!$C$2:$C$27,MATCH($C113,'Materials Master'!$A$2:$A$27,0)),"") -> Fibers | F113: =(SUMIFS(Fact_PreSortWeights!$E$2:$E$15,Fact_PreSortWeights!$C$2:$C$15,$A113,Fact_PreSortWeights!$B$2:$B$15,$B113,Fact_PreSortWeights!$F$2:$F$15,$C113))+(SUMIFS(Fact_SortedWeights!$E$2:$E$6,Fact_SortedWeights!$C$2:$C$6,$A113,Fact_SortedWeights!$B$2:$B$6,$B113,Fact_SortedWeights!$D$2:$D$6,$C113,Fact_SortedWeights!$L$2:$L$6,"Yes"))+IF((SUMIFS(Fact_SortedWeights!$E$2:$E$6,Fact_SortedWeights!$C$2:$C$6,$A113,Fact_SortedWeights!$B$2:$B$6,$B113,Fact_SortedWeights!$L$2:$L$6,"No"))=0,0,(SUMIFS(Fact_SortedWeights!$E$2:$E$6,Fact_SortedWeights!$C$2:$C$6,$A113,Fact_SortedWeights!$B$2:$B$6,$B113,Fact_SortedWeights!$D$2:$D$6,$C113,Fact_SortedWeights!$L$2:$L$6,"No"))/(SUMIFS(Fact_SortedWeights!$E$2:$E$6,Fact_SortedWeights!$C$2:$C$6,$A113,Fact_SortedWeights!$B$2:$B$6,$B113,Fact_SortedWeights!$L$2:$L$6,"No"))*((SUMIFS(Fact_PreSortWeights!$E$2:$E$15,Fact_PreSortWeights!$C$2:$C$15,$A113,Fact_PreSortWeights!$B$2:$B$15,$B113,Fact_PreSortWeights!$F$2:$F$15,""))-(SUMIFS(Fact_SortedWeights!$E$2:$E$6,Fact_SortedWeights!$C$2:$C$6,$A113,Fact_SortedWeights!$B$2:$B$6,$B113,Fact_SortedWeights!$L$2:$L$6,"Yes")))) -> 0 | G113: =IF(AND(IF($B113="Trash",INDEX('Materials Master'!$F$2:$F$27,MATCH($C113,'Materials Master'!$A$2:$A$27,0)),IF($B113="GMPC Recycling",INDEX('Materials Master'!$G$2:$G$27,MATCH($C113,'Materials Master'!$A$2:$A$27,0)),IF($B113="Organics Recycling",INDEX('Materials Master'!$H$2:$H$27,MATCH($C113,'Materials Master'!$A$2:$A$27,0)),IF($B113="Cardboard Recycling",INDEX('Materials Master'!$I$2:$I$27,MATCH($C113,'Materials Master'!$A$2:$A$27,0)),IF($B113="Paper Recycling",INDEX('Materials Master'!$J$2:$J$27,MATCH($C113,'Materials Master'!$A$2:$A$27,0)),IF($B113="Terracycle",INDEX('Materials Master'!$K$2:$K$27,MATCH($C113,'Materials Master'!$A$2:$A$27,0)),"No"))))))="Yes",INDEX('Materials Master'!$E$2:$E$27,MATCH($C113,'Materials Master'!$A$2:$A$27,0))="Yes",$B113<>"Trash"),1,0) -> 0 | H113: =INDEX('Materials Master'!$E$2:$E$27,MATCH($C113,'Materials Master'!$A$2:$A$27,0)) -> No | I113: =IFERROR(INDEX(Areas!$C$2:$C$6,MATCH($A113,Areas!$B$2:$B$6,0)),"") -> Rest of Building | J113: =IF(IF($B113="Trash",INDEX('Materials Master'!$F$2:$F$27,MATCH($C113,'Materials Master'!$A$2:$A$27,0)),IF($B113="GMPC Recycling",INDEX('Materials Master'!$G$2:$G$27,MATCH($C113,'Materials Master'!$A$2:$A$27,0)),IF($B113="Organics Recycling",INDEX('Materials Master'!$H$2:$H$27,MATCH($C113,'Materials Master'!$A$2:$A$27,0)),IF($B113="Cardboard Recycling",INDEX('Materials Master'!$I$2:$I$27,MATCH($C113,'Materials Master'!$A$2:$A$27,0)),IF($B113="Paper Recycling",INDEX('Materials Master'!$J$2:$J$27,MATCH($C113,'Materials Master'!$A$2:$A$27,0)),IF($B113="Terracycle",INDEX('Materials Master'!$K$2:$K$27,MATCH($C113,'Materials Master'!$A$2:$A$27,0)),"No"))))))="Yes",1,0) -> 0
A114: OFFICES | B114: Paper Recycling | C114: GLA01 | D114: =IFERROR(INDEX('Materials Master'!$B$2:$B$27,MATCH($C114,'Materials Master'!$A$2:$A$27,0)),"") -> Glass Bottles & Jars | E114: =IFERROR(INDEX('Materials Master'!$C$2:$C$27,MATCH($C114,'Materials Master'!$A$2:$A$27,0)),"") -> Glass | F114: =(SUMIFS(Fact_PreSortWeights!$E$2:$E$15,Fact_PreSortWeights!$C$2:$C$15,$A114,Fact_PreSortWeights!$B$2:$B$15,$B114,Fact_PreSortWeights!$F$2:$F$15,$C114))+(SUMIFS(Fact_SortedWeights!$E$2:$E$6,Fact_SortedWeights!$C$2:$C$6,$A114,Fact_SortedWeights!$B$2:$B$6,$B114,Fact_SortedWeights!$D$2:$D$6,$C114,Fact_SortedWeights!$L$2:$L$6,"Yes"))+IF((SUMIFS(Fact_SortedWeights!$E$2:$E$6,Fact_SortedWeights!$C$2:$C$6,$A114,Fact_SortedWeights!$B$2:$B$6,$B114,Fact_SortedWeights!$L$2:$L$6,"No"))=0,0,(SUMIFS(Fact_SortedWeights!$E$2:$E$6,Fact_SortedWeights!$C$2:$C$6,$A114,Fact_SortedWeights!$B$2:$B$6,$B114,Fact_SortedWeights!$D$2:$D$6,$C114,Fact_SortedWeights!$L$2:$L$6,"No"))/(SUMIFS(Fact_SortedWeights!$E$2:$E$6,Fact_SortedWeights!$C$2:$C$6,$A114,Fact_SortedWeights!$B$2:$B$6,$B114,Fact_SortedWeights!$L$2:$L$6,"No"))*((SUMIFS(Fact_PreSortWeights!$E$2:$E$15,Fact_PreSortWeights!$C$2:$C$15,$A114,Fact_PreSortWeights!$B$2:$B$15,$B114,Fact_PreSortWeights!$F$2:$F$15,""))-(SUMIFS(Fact_SortedWeights!$E$2:$E$6,Fact_SortedWeights!$C$2:$C$6,$A114,Fact_SortedWeights!$B$2:$B$6,$B114,Fact_SortedWeights!$L$2:$L$6,"Yes")))) -> 0 | G114: =IF(AND(IF($B114="Trash",INDEX('Materials Master'!$F$2:$F$27,MATCH($C114,'Materials Master'!$A$2:$A$27,0)),IF($B114="GMPC Recycling",INDEX('Materials Master'!$G$2:$G$27,MATCH($C114,'Materials Master'!$A$2:$A$27,0)),IF($B114="Organics Recycling",INDEX('Materials Master'!$H$2:$H$27,MATCH($C114,'Materials Master'!$A$2:$A$27,0)),IF($B114="Cardboard Recycling",INDEX('Materials Master'!$I$2:$I$27,MATCH($C114,'Materials Master'!$A$2:$A$27,0)),IF($B114="Paper Recycling",INDEX('Materials Master'!$J$2:$J$27,MATCH($C114,'Materials Master'!$A$2:$A$27,0)),IF($B114="Terracycle",INDEX('Materials Master'!$K$2:$K$27,MATCH($C114,'Materials Master'!$A$2:$A$27,0)),"No"))))))="Yes",INDEX('Materials Master'!$E$2:$E$27,MATCH($C114,'Materials Master'!$A$2:$A$27,0))="Yes",$B114<>"Trash"),1,0) -> 1 | H114: =INDEX('Materials Master'!$E$2:$E$27,MATCH($C114,'Materials Master'!$A$2:$A$27,0)) -> Yes | I114: =IFERROR(INDEX(Areas!$C$2:$C$6,MATCH($A114,Areas!$B$2:$B$6,0)),"") -> Rest of Building | J114: =IF(IF($B114="Trash",INDEX('Materials Master'!$F$2:$F$27,MATCH($C114,'Materials Master'!$A$2:$A$27,0)),IF($B114="GMPC Recycling",INDEX('Materials Master'!$G$2:$G$27,MATCH($C114,'Materials Master'!$A$2:$A$27,0)),IF($B114="Organics Recycling",INDEX('Materials Master'!$H$2:$H$27,MATCH($C114,'Materials Master'!$A$2:$A$27,0)),IF($B114="Cardboard Recycling",INDEX('Materials Master'!$I$2:$I$27,MATCH($C114,'Materials Master'!$A$2:$A$27,0)),IF($B114="Paper Recycling",INDEX('Materials Master'!$J$2:$J$27,MATCH($C114,'Materials Master'!$A$2:$A$27,0)),IF($B114="Terracycle",INDEX('Materials Master'!$K$2:$K$27,MATCH($C114,'Materials Master'!$A$2:$A$27,0)),"No"))))))="Yes",1,0) -> 1
A115: OFFICES | B115: Paper Recycling | C115: GLA02 | D115: =IFERROR(INDEX('Materials Master'!$B$2:$B$27,MATCH($C115,'Materials Master'!$A$2:$A$27,0)),"") -> Soiled Glass | E115: =IFERROR(INDEX('Materials Master'!$C$2:$C$27,MATCH($C115,'Materials Master'!$A$2:$A$27,0)),"") -> Glass | F115: =(SUMIFS(Fact_PreSortWeights!$E$2:$E$15,Fact_PreSortWeights!$C$2:$C$15,$A115,Fact_PreSortWeights!$B$2:$B$15,$B115,Fact_PreSortWeights!$F$2:$F$15,$C115))+(SUMIFS(Fact_SortedWeights!$E$2:$E$6,Fact_SortedWeights!$C$2:$C$6,$A115,Fact_SortedWeights!$B$2:$B$6,$B115,Fact_SortedWeights!$D$2:$D$6,$C115,Fact_SortedWeights!$L$2:$L$6,"Yes"))+IF((SUMIFS(Fact_SortedWeights!$E$2:$E$6,Fact_SortedWeights!$C$2:$C$6,$A115,Fact_SortedWeights!$B$2:$B$6,$B115,Fact_SortedWeights!$L$2:$L$6,"No"))=0,0,(SUMIFS(Fact_SortedWeights!$E$2:$E$6,Fact_SortedWeights!$C$2:$C$6,$A115,Fact_SortedWeights!$B$2:$B$6,$B115,Fact_SortedWeights!$D$2:$D$6,$C115,Fact_SortedWeights!$L$2:$L$6,"No"))/(SUMIFS(Fact_SortedWeights!$E$2:$E$6,Fact_SortedWeights!$C$2:$C$6,$A115,Fact_SortedWeights!$B$2:$B$6,$B115,Fact_SortedWeights!$L$2:$L$6,"No"))*((SUMIFS(Fact_PreSortWeights!$E$2:$E$15,Fact_PreSortWeights!$C$2:$C$15,$A115,Fact_PreSortWeights!$B$2:$B$15,$B115,Fact_PreSortWeights!$F$2:$F$15,""))-(SUMIFS(Fact_SortedWeights!$E$2:$E$6,Fact_SortedWeights!$C$2:$C$6,$A115,Fact_SortedWeights!$B$2:$B$6,$B115,Fact_SortedWeights!$L$2:$L$6,"Yes")))) -> 0 | G115: =IF(AND(IF($B115="Trash",INDEX('Materials Master'!$F$2:$F$27,MATCH($C115,'Materials Master'!$A$2:$A$27,0)),IF($B115="GMPC Recycling",INDEX('Materials Master'!$G$2:$G$27,MATCH($C115,'Materials Master'!$A$2:$A$27,0)),IF($B115="Organics Recycling",INDEX('Materials Master'!$H$2:$H$27,MATCH($C115,'Materials Master'!$A$2:$A$27,0)),IF($B115="Cardboard Recycling",INDEX('Materials Master'!$I$2:$I$27,MATCH($C115,'Materials Master'!$A$2:$A$27,0)),IF($B115="Paper Recycling",INDEX('Materials Master'!$J$2:$J$27,MATCH($C115,'Materials Master'!$A$2:$A$27,0)),IF($B115="Terracycle",INDEX('Materials Master'!$K$2:$K$27,MATCH($C115,'Materials Master'!$A$2:$A$27,0)),"No"))))))="Yes",INDEX('Materials Master'!$E$2:$E$27,MATCH($C115,'Materials Master'!$A$2:$A$27,0))="Yes",$B115<>"Trash"),1,0) -> 0 | H115: =INDEX('Materials Master'!$E$2:$E$27,MATCH($C115,'Materials Master'!$A$2:$A$27,0)) -> No | I115: =IFERROR(INDEX(Areas!$C$2:$C$6,MATCH($A115,Areas!$B$2:$B$6,0)),"") -> Rest of Building | J115: =IF(IF($B115="Trash",INDEX('Materials Master'!$F$2:$F$27,MATCH($C115,'Materials Master'!$A$2:$A$27,0)),IF($B115="GMPC Recycling",INDEX('Materials Master'!$G$2:$G$27,MATCH($C115,'Materials Master'!$A$2:$A$27,0)),IF($B115="Organics Recycling",INDEX('Materials Master'!$H$2:$H$27,MATCH($C115,'Materials Master'!$A$2:$A$27,0)),IF($B115="Cardboard Recycling",INDEX('Materials Master'!$I$2:$I$27,MATCH($C115,'Materials Master'!$A$2:$A$27,0)),IF($B115="Paper Recycling",INDEX('Materials Master'!$J$2:$J$27,MATCH($C115,'Materials Master'!$A$2:$A$27,0)),IF($B115="Terracycle",INDEX('Materials Master'!$K$2:$K$27,MATCH($C115,'Materials Master'!$A$2:$A$27,0)),"No"))))))="Yes",1,0) -> 0
A116: OFFICES | B116: Paper Recycling | C116: MET01 | D116: =IFERROR(INDEX('Materials Master'!$B$2:$B$27,MATCH($C116,'Materials Master'!$A$2:$A$27,0)),"") -> Aluminum & Bi-Metal Containers | E116: =IFERROR(INDEX('Materials Master'!$C$2:$C$27,MATCH($C116,'Materials Master'!$A$2:$A$27,0)),"") -> Metals | F116: =(SUMIFS(Fact_PreSortWeights!$E$2:$E$15,Fact_PreSortWeights!$C$2:$C$15,$A116,Fact_PreSortWeights!$B$2:$B$15,$B116,Fact_PreSortWeights!$F$2:$F$15,$C116))+(SUMIFS(Fact_SortedWeights!$E$2:$E$6,Fact_SortedWeights!$C$2:$C$6,$A116,Fact_SortedWeights!$B$2:$B$6,$B116,Fact_SortedWeights!$D$2:$D$6,$C116,Fact_SortedWeights!$L$2:$L$6,"Yes"))+IF((SUMIFS(Fact_SortedWeights!$E$2:$E$6,Fact_SortedWeights!$C$2:$C$6,$A116,Fact_SortedWeights!$B$2:$B$6,$B116,Fact_SortedWeights!$L$2:$L$6,"No"))=0,0,(SUMIFS(Fact_SortedWeights!$E$2:$E$6,Fact_SortedWeights!$C$2:$C$6,$A116,Fact_SortedWeights!$B$2:$B$6,$B116,Fact_SortedWeights!$D$2:$D$6,$C116,Fact_SortedWeights!$L$2:$L$6,"No"))/(SUMIFS(Fact_SortedWeights!$E$2:$E$6,Fact_SortedWeights!$C$2:$C$6,$A116,Fact_SortedWeights!$B$2:$B$6,$B116,Fact_SortedWeights!$L$2:$L$6,"No"))*((SUMIFS(Fact_PreSortWeights!$E$2:$E$15,Fact_PreSortWeights!$C$2:$C$15,$A116,Fact_PreSortWeights!$B$2:$B$15,$B116,Fact_PreSortWeights!$F$2:$F$15,""))-(SUMIFS(Fact_SortedWeights!$E$2:$E$6,Fact_SortedWeights!$C$2:$C$6,$A116,Fact_SortedWeights!$B$2:$B$6,$B116,Fact_SortedWeights!$L$2:$L$6,"Yes")))) -> 0 | G116: =IF(AND(IF($B116="Trash",INDEX('Materials Master'!$F$2:$F$27,MATCH($C116,'Materials Master'!$A$2:$A$27,0)),IF($B116="GMPC Recycling",INDEX('Materials Master'!$G$2:$G$27,MATCH($C116,'Materials Master'!$A$2:$A$27,0)),IF($B116="Organics Recycling",INDEX('Materials Master'!$H$2:$H$27,MATCH($C116,'Materials Master'!$A$2:$A$27,0)),IF($B116="Cardboard Recycling",INDEX('Materials Master'!$I$2:$I$27,MATCH($C116,'Materials Master'!$A$2:$A$27,0)),IF($B116="Paper Recycling",INDEX('Materials Master'!$J$2:$J$27,MATCH($C116,'Materials Master'!$A$2:$A$27,0)),IF($B116="Terracycle",INDEX('Materials Master'!$K$2:$K$27,MATCH($C116,'Materials Master'!$A$2:$A$27,0)),"No"))))))="Yes",INDEX('Materials Master'!$E$2:$E$27,MATCH($C116,'Materials Master'!$A$2:$A$27,0))="Yes",$B116<>"Trash"),1,0) -> 1 | H116: =INDEX('Materials Master'!$E$2:$E$27,MATCH($C116,'Materials Master'!$A$2:$A$27,0)) -> Yes | I116: =IFERROR(INDEX(Areas!$C$2:$C$6,MATCH($A116,Areas!$B$2:$B$6,0)),"") -> Rest of Building | J116: =IF(IF($B116="Trash",INDEX('Materials Master'!$F$2:$F$27,MATCH($C116,'Materials Master'!$A$2:$A$27,0)),IF($B116="GMPC Recycling",INDEX('Materials Master'!$G$2:$G$27,MATCH($C116,'Materials Master'!$A$2:$A$27,0)),IF($B116="Organics Recycling",INDEX('Materials Master'!$H$2:$H$27,MATCH($C116,'Materials Master'!$A$2:$A$27,0)),IF($B116="Cardboard Recycling",INDEX('Materials Master'!$I$2:$I$27,MATCH($C116,'Materials Master'!$A$2:$A$27,0)),IF($B116="Paper Recycling",INDEX('Materials Master'!$J$2:$J$27,MATCH($C116,'Materials Master'!$A$2:$A$27,0)),IF($B116="Terracycle",INDEX('Materials Master'!$K$2:$K$27,MATCH($C116,'Materials Master'!$A$2:$A$27,0)),"No"))))))="Yes",1,0) -> 1
A117: OFFICES | B117: Paper Recycling | C117: MET02 | D117: =IFERROR(INDEX('Materials Master'!$B$2:$B$27,MATCH($C117,'Materials Master'!$A$2:$A$27,0)),"") -> Soiled Metals | E117: =IFERROR(INDEX('Materials Master'!$C$2:$C$27,MATCH($C117,'Materials Master'!$A$2:$A$27,0)),"") -> Metals | F117: =(SUMIFS(Fact_PreSortWeights!$E$2:$E$15,Fact_PreSortWeights!$C$2:$C$15,$A117,Fact_PreSortWeights!$B$2:$B$15,$B117,Fact_PreSortWeights!$F$2:$F$15,$C117))+(SUMIFS(Fact_SortedWeights!$E$2:$E$6,Fact_SortedWeights!$C$2:$C$6,$A117,Fact_SortedWeights!$B$2:$B$6,$B117,Fact_SortedWeights!$D$2:$D$6,$C117,Fact_SortedWeights!$L$2:$L$6,"Yes"))+IF((SUMIFS(Fact_SortedWeights!$E$2:$E$6,Fact_SortedWeights!$C$2:$C$6,$A117,Fact_SortedWeights!$B$2:$B$6,$B117,Fact_SortedWeights!$L$2:$L$6,"No"))=0,0,(SUMIFS(Fact_SortedWeights!$E$2:$E$6,Fact_SortedWeights!$C$2:$C$6,$A117,Fact_SortedWeights!$B$2:$B$6,$B117,Fact_SortedWeights!$D$2:$D$6,$C117,Fact_SortedWeights!$L$2:$L$6,"No"))/(SUMIFS(Fact_SortedWeights!$E$2:$E$6,Fact_SortedWeights!$C$2:$C$6,$A117,Fact_SortedWeights!$B$2:$B$6,$B117,Fact_SortedWeights!$L$2:$L$6,"No"))*((SUMIFS(Fact_PreSortWeights!$E$2:$E$15,Fact_PreSortWeights!$C$2:$C$15,$A117,Fact_PreSortWeights!$B$2:$B$15,$B117,Fact_PreSortWeights!$F$2:$F$15,""))-(SUMIFS(Fact_SortedWeights!$E$2:$E$6,Fact_SortedWeights!$C$2:$C$6,$A117,Fact_SortedWeights!$B$2:$B$6,$B117,Fact_SortedWeights!$L$2:$L$6,"Yes")))) -> 0 | G117: =IF(AND(IF($B117="Trash",INDEX('Materials Master'!$F$2:$F$27,MATCH($C117,'Materials Master'!$A$2:$A$27,0)),IF($B117="GMPC Recycling",INDEX('Materials Master'!$G$2:$G$27,MATCH($C117,'Materials Master'!$A$2:$A$27,0)),IF($B117="Organics Recycling",INDEX('Materials Master'!$H$2:$H$27,MATCH($C117,'Materials Master'!$A$2:$A$27,0)),IF($B117="Cardboard Recycling",INDEX('Materials Master'!$I$2:$I$27,MATCH($C117,'Materials Master'!$A$2:$A$27,0)),IF($B117="Paper Recycling",INDEX('Materials Master'!$J$2:$J$27,MATCH($C117,'Materials Master'!$A$2:$A$27,0)),IF($B117="Terracycle",INDEX('Materials Master'!$K$2:$K$27,MATCH($C117,'Materials Master'!$A$2:$A$27,0)),"No"))))))="Yes",INDEX('Materials Master'!$E$2:$E$27,MATCH($C117,'Materials Master'!$A$2:$A$27,0))="Yes",$B117<>"Trash"),1,0) -> 0 | H117: =INDEX('Materials Master'!$E$2:$E$27,MATCH($C117,'Materials Master'!$A$2:$A$27,0)) -> No | I117: =IFERROR(INDEX(Areas!$C$2:$C$6,MATCH($A117,Areas!$B$2:$B$6,0)),"") -> Rest of Building | J117: =IF(IF($B117="Trash",INDEX('Materials Master'!$F$2:$F$27,MATCH($C117,'Materials Master'!$A$2:$A$27,0)),IF($B117="GMPC Recycling",INDEX('Materials Master'!$G$2:$G$27,MATCH($C117,'Materials Master'!$A$2:$A$27,0)),IF($B117="Organics Recycling",INDEX('Materials Master'!$H$2:$H$27,MATCH($C117,'Materials Master'!$A$2:$A$27,0)),IF($B117="Cardboard Recycling",INDEX('Materials Master'!$I$2:$I$27,MATCH($C117,'Materials Master'!$A$2:$A$27,0)),IF($B117="Paper Recycling",INDEX('Materials Master'!$J$2:$J$27,MATCH($C117,'Materials Master'!$A$2:$A$27,0)),IF($B117="Terracycle",INDEX('Materials Master'!$K$2:$K$27,MATCH($C117,'Materials Master'!$A$2:$A$27,0)),"No"))))))="Yes",1,0) -> 0
... A235: CAFÉ BOH | B235: Organics Recycling | C235: OTH02 | D235: =IFERROR(INDEX('Materials Master'!$B$2:$B$27,MATCH($C235,'Materials Master'!$A$2:$A$27,0)),"") -> Other/Residual Materials | E235: =IFERROR(INDEX('Materials Master'!$C$2:$C$27,MATCH($C235,'Materials Master'!$A$2:$A$27,0)),"") -> Other | F235: =(SUMIFS(Fact_PreSortWeights!$E$2:$E$15,Fact_PreSortWeights!$C$2:$C$15,$A235,Fact_PreSortWeights!$B$2:$B$15,$B235,Fact_PreSortWeights!$F$2:$F$15,$C235))+(SUMIFS(Fact_SortedWeights!$E$2:$E$6,Fact_SortedWeights!$C$2:$C$6,$A235,Fact_SortedWeights!$B$2:$B$6,$B235,Fact_SortedWeights!$D$2:$D$6,$C235,Fact_SortedWeights!$L$2:$L$6,"Yes"))+IF((SUMIFS(Fact_SortedWeights!$E$2:$E$6,Fact_SortedWeights!$C$2:$C$6,$A235,Fact_SortedWeights!$B$2:$B$6,$B235,Fact_SortedWeights!$L$2:$L$6,"No"))=0,0,(SUMIFS(Fact_SortedWeights!$E$2:$E$6,Fact_SortedWeights!$C$2:$C$6,$A235,Fact_SortedWeights!$B$2:$B$6,$B235,Fact_SortedWeights!$D$2:$D$6,$C235,Fact_SortedWeights!$L$2:$L$6,"No"))/(SUMIFS(Fact_SortedWeights!$E$2:$E$6,Fact_SortedWeights!$C$2:$C$6,$A235,Fact_SortedWeights!$B$2:$B$6,$B235,Fact_SortedWeights!$L$2:$L$6,"No"))*((SUMIFS(Fact_PreSortWeights!$E$2:$E$15,Fact_PreSortWeights!$C$2:$C$15,$A235,Fact_PreSortWeights!$B$2:$B$15,$B235,Fact_PreSortWeights!$F$2:$F$15,""))-(SUMIFS(Fact_SortedWeights!$E$2:$E$6,Fact_SortedWeights!$C$2:$C$6,$A235,Fact_SortedWeights!$B$2:$B$6,$B235,Fact_SortedWeights!$L$2:$L$6,"Yes")))) -> 0 | G235: =IF(AND(IF($B235="Trash",INDEX('Materials Master'!$F$2:$F$27,MATCH($C235,'Materials Master'!$A$2:$A$27,0)),IF($B235="GMPC Recycling",INDEX('Materials Master'!$G$2:$G$27,MATCH($C235,'Materials Master'!$A$2:$A$27,0)),IF($B235="Organics Recycling",INDEX('Materials Master'!$H$2:$H$27,MATCH($C235,'Materials Master'!$A$2:$A$27,0)),IF($B235="Cardboard Recycling",INDEX('Materials Master'!$I$2:$I$27,MATCH($C235,'Materials Master'!$A$2:$A$27,0)),IF($B235="Paper Recycling",INDEX('Materials Master'!$J$2:$J$27,MATCH($C235,'Materials Master'!$A$2:$A$27,0)),IF($B235="Terracycle",INDEX('Materials Master'!$K$2:$K$27,MATCH($C235,'Materials Master'!$A$2:$A$27,0)),"No"))))))="Yes",INDEX('Materials Master'!$E$2:$E$27,MATCH($C235,'Materials Master'!$A$2:$A$27,0))="Yes",$B235<>"Trash"),1,0) -> 0 | H235: =INDEX('Materials Master'!$E$2:$E$27,MATCH($C235,'Materials Master'!$A$2:$A$27,0)) -> No | I235: =IFERROR(INDEX(Areas!$C$2:$C$6,MATCH($A235,Areas!$B$2:$B$6,0)),"") -> BOH | J235: =IF(IF($B235="Trash",INDEX('Materials Master'!$F$2:$F$27,MATCH($C235,'Materials Master'!$A$2:$A$27,0)),IF($B235="GMPC Recycling",INDEX('Materials Master'!$G$2:$G$27,MATCH($C235,'Materials Master'!$A$2:$A$27,0)),IF($B235="Organics Recycling",INDEX('Materials Master'!$H$2:$H$27,MATCH($C235,'Materials Master'!$A$2:$A$27,0)),IF($B235="Cardboard Recycling",INDEX('Materials Master'!$I$2:$I$27,MATCH($C235,'Materials Master'!$A$2:$A$27,0)),IF($B235="Paper Recycling",INDEX('Materials Master'!$J$2:$J$27,MATCH($C235,'Materials Master'!$A$2:$A$27,0)),IF($B235="Terracycle",INDEX('Materials Master'!$K$2:$K$27,MATCH($C235,'Materials Master'!$A$2:$A$27,0)),"No"))))))="Yes",1,0) -> 0
A236: CAFÉ BOH | B236: Cardboard Recycling | C236: FIB01 | D236: =IFERROR(INDEX('Materials Master'!$B$2:$B$27,MATCH($C236,'Materials Master'!$A$2:$A$27,0)),"") -> Corrugated Cardboard | E236: =IFERROR(INDEX('Materials Master'!$C$2:$C$27,MATCH($C236,'Materials Master'!$A$2:$A$27,0)),"") -> Fibers | F236: =SUMIFS(Fact_SortedWeights!$E$2:$E$6,Fact_SortedWeights!$C$2:$C$6,$A236,Fact_SortedWeights!$B$2:$B$6,$B236,Fact_SortedWeights!$D$2:$D$6,$C236) -> 0 | G236: =IF(AND(IF($B236="Trash",INDEX('Materials Master'!$F$2:$F$27,MATCH($C236,'Materials Master'!$A$2:$A$27,0)),IF($B236="GMPC Recycling",INDEX('Materials Master'!$G$2:$G$27,MATCH($C236,'Materials Master'!$A$2:$A$27,0)),IF($B236="Organics Recycling",INDEX('Materials Master'!$H$2:$H$27,MATCH($C236,'Materials Master'!$A$2:$A$27,0)),IF($B236="Cardboard Recycling",INDEX('Materials Master'!$I$2:$I$27,MATCH($C236,'Materials Master'!$A$2:$A$27,0)),IF($B236="Paper Recycling",INDEX('Materials Master'!$J$2:$J$27,MATCH($C236,'Materials Master'!$A$2:$A$27,0)),IF($B236="Terracycle",INDEX('Materials Master'!$K$2:$K$27,MATCH($C236,'Materials Master'!$A$2:$A$27,0)),"No"))))))="Yes",INDEX('Materials Master'!$E$2:$E$27,MATCH($C236,'Materials Master'!$A$2:$A$27,0))="Yes",$B236<>"Trash"),1,0) -> 1 | H236: =INDEX('Materials Master'!$E$2:$E$27,MATCH($C236,'Materials Master'!$A$2:$A$27,0)) -> Yes | I236: =IFERROR(INDEX(Areas!$C$2:$C$6,MATCH($A236,Areas!$B$2:$B$6,0)),"") -> BOH | J236: =IF(IF($B236="Trash",INDEX('Materials Master'!$F$2:$F$27,MATCH($C236,'Materials Master'!$A$2:$A$27,0)),IF($B236="GMPC Recycling",INDEX('Materials Master'!$G$2:$G$27,MATCH($C236,'Materials Master'!$A$2:$A$27,0)),IF($B236="Organics Recycling",INDEX('Materials Master'!$H$2:$H$27,MATCH($C236,'Materials Master'!$A$2:$A$27,0)),IF($B236="Cardboard Recycling",INDEX('Materials Master'!$I$2:$I$27,MATCH($C236,'Materials Master'!$A$2:$A$27,0)),IF($B236="Paper Recycling",INDEX('Materials Master'!$J$2:$J$27,MATCH($C236,'Materials Master'!$A$2:$A$27,0)),IF($B236="Terracycle",INDEX('Materials Master'!$K$2:$K$27,MATCH($C236,'Materials Master'!$A$2:$A$27,0)),"No"))))))="Yes",1,0) -> 1
A237: CAFÉ BOH | B237: Cardboard Recycling | C237: FIB02 | D237: =IFERROR(INDEX('Materials Master'!$B$2:$B$27,MATCH($C237,'Materials Master'!$A$2:$A$27,0)),"") -> Soiled Cardboard | E237: =IFERROR(INDEX('Materials Master'!$C$2:$C$27,MATCH($C237,'Materials Master'!$A$2:$A$27,0)),"") -> Fibers | F237: =SUMIFS(Fact_SortedWeights!$E$2:$E$6,Fact_SortedWeights!$C$2:$C$6,$A237,Fact_SortedWeights!$B$2:$B$6,$B237,Fact_SortedWeights!$D$2:$D$6,$C237) -> 0 | G237: =IF(AND(IF($B237="Trash",INDEX('Materials Master'!$F$2:$F$27,MATCH($C237,'Materials Master'!$A$2:$A$27,0)),IF($B237="GMPC Recycling",INDEX('Materials Master'!$G$2:$G$27,MATCH($C237,'Materials Master'!$A$2:$A$27,0)),IF($B237="Organics Recycling",INDEX('Materials Master'!$H$2:$H$27,MATCH($C237,'Materials Master'!$A$2:$A$27,0)),IF($B237="Cardboard Recycling",INDEX('Materials Master'!$I$2:$I$27,MATCH($C237,'Materials Master'!$A$2:$A$27,0)),IF($B237="Paper Recycling",INDEX('Materials Master'!$J$2:$J$27,MATCH($C237,'Materials Master'!$A$2:$A$27,0)),IF($B237="Terracycle",INDEX('Materials Master'!$K$2:$K$27,MATCH($C237,'Materials Master'!$A$2:$A$27,0)),"No"))))))="Yes",INDEX('Materials Master'!$E$2:$E$27,MATCH($C237,'Materials Master'!$A$2:$A$27,0))="Yes",$B237<>"Trash"),1,0) -> 0 | H237: =INDEX('Materials Master'!$E$2:$E$27,MATCH($C237,'Materials Master'!$A$2:$A$27,0)) -> No | I237: =IFERROR(INDEX(Areas!$C$2:$C$6,MATCH($A237,Areas!$B$2:$B$6,0)),"") -> BOH | J237: =IF(IF($B237="Trash",INDEX('Materials Master'!$F$2:$F$27,MATCH($C237,'Materials Master'!$A$2:$A$27,0)),IF($B237="GMPC Recycling",INDEX('Materials Master'!$G$2:$G$27,MATCH($C237,'Materials Master'!$A$2:$A$27,0)),IF($B237="Organics Recycling",INDEX('Materials Master'!$H$2:$H$27,MATCH($C237,'Materials Master'!$A$2:$A$27,0)),IF($B237="Cardboard Recycling",INDEX('Materials Master'!$I$2:$I$27,MATCH($C237,'Materials Master'!$A$2:$A$27,0)),IF($B237="Paper Recycling",INDEX('Materials Master'!$J$2:$J$27,MATCH($C237,'Materials Master'!$A$2:$A$27,0)),IF($B237="Terracycle",INDEX('Materials Master'!$K$2:$K$27,MATCH($C237,'Materials Master'!$A$2:$A$27,0)),"No"))))))="Yes",1,0) -> 0
A238: CAFÉ BOH | B238: Cardboard Recycling | C238: FIB03 | D238: =IFERROR(INDEX('Materials Master'!$B$2:$B$27,MATCH($C238,'Materials Master'!$A$2:$A$27,0)),"") -> Waxed Cardboard | E238: =IFERROR(INDEX('Materials Master'!$C$2:$C$27,MATCH($C238,'Materials Master'!$A$2:$A$27,0)),"") -> Fibers | F238: =SUMIFS(Fact_SortedWeights!$E$2:$E$6,Fact_SortedWeights!$C$2:$C$6,$A238,Fact_SortedWeights!$B$2:$B$6,$B238,Fact_SortedWeights!$D$2:$D$6,$C238) -> 0 | G238: =IF(AND(IF($B238="Trash",INDEX('Materials Master'!$F$2:$F$27,MATCH($C238,'Materials Master'!$A$2:$A$27,0)),IF($B238="GMPC Recycling",INDEX('Materials Master'!$G$2:$G$27,MATCH($C238,'Materials Master'!$A$2:$A$27,0)),IF($B238="Organics Recycling",INDEX('Materials Master'!$H$2:$H$27,MATCH($C238,'Materials Master'!$A$2:$A$27,0)),IF($B238="Cardboard Recycling",INDEX('Materials Master'!$I$2:$I$27,MATCH($C238,'Materials Master'!$A$2:$A$27,0)),IF($B238="Paper Recycling",INDEX('Materials Master'!$J$2:$J$27,MATCH($C238,'Materials Master'!$A$2:$A$27,0)),IF($B238="Terracycle",INDEX('Materials Master'!$K$2:$K$27,MATCH($C238,'Materials Master'!$A$2:$A$27,0)),"No"))))))="Yes",INDEX('Materials Master'!$E$2:$E$27,MATCH($C238,'Materials Master'!$A$2:$A$27,0))="Yes",$B238<>"Trash"),1,0) -> 0 | H238: =INDEX('Materials Master'!$E$2:$E$27,MATCH($C238,'Materials Master'!$A$2:$A$27,0)) -> No | I238: =IFERROR(INDEX(Areas!$C$2:$C$6,MATCH($A238,Areas!$B$2:$B$6,0)),"") -> BOH | J238: =IF(IF($B238="Trash",INDEX('Materials Master'!$F$2:$F$27,MATCH($C238,'Materials Master'!$A$2:$A$27,0)),IF($B238="GMPC Recycling",INDEX('Materials Master'!$G$2:$G$27,MATCH($C238,'Materials Master'!$A$2:$A$27,0)),IF($B238="Organics Recycling",INDEX('Materials Master'!$H$2:$H$27,MATCH($C238,'Materials Master'!$A$2:$A$27,0)),IF($B238="Cardboard Recycling",INDEX('Materials Master'!$I$2:$I$27,MATCH($C238,'Materials Master'!$A$2:$A$27,0)),IF($B238="Paper Recycling",INDEX('Materials Master'!$J$2:$J$27,MATCH($C238,'Materials Master'!$A$2:$A$27,0)),IF($B238="Terracycle",INDEX('Materials Master'!$K$2:$K$27,MATCH($C238,'Materials Master'!$A$2:$A$27,0)),"No"))))))="Yes",1,0) -> 0
A239: CAFÉ BOH | B239: Cardboard Recycling | C239: FIB04 | D239: =IFERROR(INDEX('Materials Master'!$B$2:$B$27,MATCH($C239,'Materials Master'!$A$2:$A$27,0)),"") -> Mixed Paper | E239: =IFERROR(INDEX('Materials Master'!$C$2:$C$27,MATCH($C239,'Materials Master'!$A$2:$A$27,0)),"") -> Fibers | F239: =SUMIFS(Fact_SortedWeights!$E$2:$E$6,Fact_SortedWeights!$C$2:$C$6,$A239,Fact_SortedWeights!$B$2:$B$6,$B239,Fact_SortedWeights!$D$2:$D$6,$C239) -> 0 | G239: =IF(AND(IF($B239="Trash",INDEX('Materials Master'!$F$2:$F$27,MATCH($C239,'Materials Master'!$A$2:$A$27,0)),IF($B239="GMPC Recycling",INDEX('Materials Master'!$G$2:$G$27,MATCH($C239,'Materials Master'!$A$2:$A$27,0)),IF($B239="Organics Recycling",INDEX('Materials Master'!$H$2:$H$27,MATCH($C239,'Materials Master'!$A$2:$A$27,0)),IF($B239="Cardboard Recycling",INDEX('Materials Master'!$I$2:$I$27,MATCH($C239,'Materials Master'!$A$2:$A$27,0)),IF($B239="Paper Recycling",INDEX('Materials Master'!$J$2:$J$27,MATCH($C239,'Materials Master'!$A$2:$A$27,0)),IF($B239="Terracycle",INDEX('Materials Master'!$K$2:$K$27,MATCH($C239,'Materials Master'!$A$2:$A$27,0)),"No"))))))="Yes",INDEX('Materials Master'!$E$2:$E$27,MATCH($C239,'Materials Master'!$A$2:$A$27,0))="Yes",$B239<>"Trash"),1,0) -> 0 | H239: =INDEX('Materials Master'!$E$2:$E$27,MATCH($C239,'Materials Master'!$A$2:$A$27,0)) -> Yes | I239: =IFERROR(INDEX(Areas!$C$2:$C$6,MATCH($A239,Areas!$B$2:$B$6,0)),"") -> BOH | J239: =IF(IF($B239="Trash",INDEX('Materials Master'!$F$2:$F$27,MATCH($C239,'Materials Master'!$A$2:$A$27,0)),IF($B239="GMPC Recycling",INDEX('Materials Master'!$G$2:$G$27,MATCH($C239,'Materials Master'!$A$2:$A$27,0)),IF($B239="Organics Recycling",INDEX('Materials Master'!$H$2:$H$27,MATCH($C239,'Materials Master'!$A$2:$A$27,0)),IF($B239="Cardboard Recycling",INDEX('Materials Master'!$I$2:$I$27,MATCH($C239,'Materials Master'!$A$2:$A$27,0)),IF($B239="Paper Recycling",INDEX('Materials Master'!$J$2:$J$27,MATCH($C239,'Materials Master'!$A$2:$A$27,0)),IF($B239="Terracycle",INDEX('Materials Master'!$K$2:$K$27,MATCH($C239,'Materials Master'!$A$2:$A$27,0)),"No"))))))="Yes",1,0) -> 0
A240: CAFÉ BOH | B240: Cardboard Recycling | C240: FIB05 | D240: =IFERROR(INDEX('Materials Master'!$B$2:$B$27,MATCH($C240,'Materials Master'!$A$2:$A$27,0)),"") -> Soiled Paper | E240: =IFERROR(INDEX('Materials Master'!$C$2:$C$27,MATCH($C240,'Materials Master'!$A$2:$A$27,0)),"") -> Fibers | F240: =SUMIFS(Fact_SortedWeights!$E$2:$E$6,Fact_SortedWeights!$C$2:$C$6,$A240,Fact_SortedWeights!$B$2:$B$6,$B240,Fact_SortedWeights!$D$2:$D$6,$C240) -> 0 | G240: =IF(AND(IF($B240="Trash",INDEX('Materials Master'!$F$2:$F$27,MATCH($C240,'Materials Master'!$A$2:$A$27,0)),IF($B240="GMPC Recycling",INDEX('Materials Master'!$G$2:$G$27,MATCH($C240,'Materials Master'!$A$2:$A$27,0)),IF($B240="Organics Recycling",INDEX('Materials Master'!$H$2:$H$27,MATCH($C240,'Materials Master'!$A$2:$A$27,0)),IF($B240="Cardboard Recycling",INDEX('Materials Master'!$I$2:$I$27,MATCH($C240,'Materials Master'!$A$2:$A$27,0)),IF($B240="Paper Recycling",INDEX('Materials Master'!$J$2:$J$27,MATCH($C240,'Materials Master'!$A$2:$A$27,0)),IF($B240="Terracycle",INDEX('Materials Master'!$K$2:$K$27,MATCH($C240,'Materials Master'!$A$2:$A$27,0)),"No"))))))="Yes",INDEX('Materials Master'!$E$2:$E$27,MATCH($C240,'Materials Master'!$A$2:$A$27,0))="Yes",$B240<>"Trash"),1,0) -> 0 | H240: =INDEX('Materials Master'!$E$2:$E$27,MATCH($C240,'Materials Master'!$A$2:$A$27,0)) -> No | I240: =IFERROR(INDEX(Areas!$C$2:$C$6,MATCH($A240,Areas!$B$2:$B$6,0)),"") -> BOH | J240: =IF(IF($B240="Trash",INDEX('Materials Master'!$F$2:$F$27,MATCH($C240,'Materials Master'!$A$2:$A$27,0)),IF($B240="GMPC Recycling",INDEX('Materials Master'!$G$2:$G$27,MATCH($C240,'Materials Master'!$A$2:$A$27,0)),IF($B240="Organics Recycling",INDEX('Materials Master'!$H$2:$H$27,MATCH($C240,'Materials Master'!$A$2:$A$27,0)),IF($B240="Cardboard Recycling",INDEX('Materials Master'!$I$2:$I$27,MATCH($C240,'Materials Master'!$A$2:$A$27,0)),IF($B240="Paper Recycling",INDEX('Materials Master'!$J$2:$J$27,MATCH($C240,'Materials Master'!$A$2:$A$27,0)),IF($B240="Terracycle",INDEX('Materials Master'!$K$2:$K$27,MATCH($C240,'Materials Master'!$A$2:$A$27,0)),"No"))))))="Yes",1,0) -> 0
A241: CAFÉ BOH | B241: Cardboard Recycling | C241: FIB06 | D241: =IFERROR(INDEX('Materials Master'!$B$2:$B$27,MATCH($C241,'Materials Master'!$A$2:$A$27,0)),"") -> Beverage Cartons | E241: =IFERROR(INDEX('Materials Master'!$C$2:$C$27,MATCH($C241,'Materials Master'!$A$2:$A$27,0)),"") -> Fibers | F241: =SUMIFS(Fact_SortedWeights!$E$2:$E$6,Fact_SortedWeights!$C$2:$C$6,$A241,Fact_SortedWeights!$B$2:$B$6,$B241,Fact_SortedWeights!$D$2:$D$6,$C241) -> 0 | G241: =IF(AND(IF($B241="Trash",INDEX('Materials Master'!$F$2:$F$27,MATCH($C241,'Materials Master'!$A$2:$A$27,0)),IF($B241="GMPC Recycling",INDEX('Materials Master'!$G$2:$G$27,MATCH($C241,'Materials Master'!$A$2:$A$27,0)),IF($B241="Organics Recycling",INDEX('Materials Master'!$H$2:$H$27,MATCH($C241,'Materials Master'!$A$2:$A$27,0)),IF($B241="Cardboard Recycling",INDEX('Materials Master'!$I$2:$I$27,MATCH($C241,'Materials Master'!$A$2:$A$27,0)),IF($B241="Paper Recycling",INDEX('Materials Master'!$J$2:$J$27,MATCH($C241,'Materials Master'!$A$2:$A$27,0)),IF($B241="Terracycle",INDEX('Materials Master'!$K$2:$K$27,MATCH($C241,'Materials Master'!$A$2:$A$27,0)),"No"))))))="Yes",INDEX('Materials Master'!$E$2:$E$27,MATCH($C241,'Materials Master'!$A$2:$A$27,0))="Yes",$B241<>"Trash"),1,0) -> 1 | H241: =INDEX('Materials Master'!$E$2:$E$27,MATCH($C241,'Materials Master'!$A$2:$A$27,0)) -> Yes | I241: =IFERROR(INDEX(Areas!$C$2:$C$6,MATCH($A241,Areas!$B$2:$B$6,0)),"") -> BOH | J241: =IF(IF($B241="Trash",INDEX('Materials Master'!$F$2:$F$27,MATCH($C241,'Materials Master'!$A$2:$A$27,0)),IF($B241="GMPC Recycling",INDEX('Materials Master'!$G$2:$G$27,MATCH($C241,'Materials Master'!$A$2:$A$27,0)),IF($B241="Organics Recycling",INDEX('Materials Master'!$H$2:$H$27,MATCH($C241,'Materials Master'!$A$2:$A$27,0)),IF($B241="Cardboard Recycling",INDEX('Materials Master'!$I$2:$I$27,MATCH($C241,'Materials Master'!$A$2:$A$27,0)),IF($B241="Paper Recycling",INDEX('Materials Master'!$J$2:$J$27,MATCH($C241,'Materials Master'!$A$2:$A$27,0)),IF($B241="Terracycle",INDEX('Materials Master'!$K$2:$K$27,MATCH($C241,'Materials Master'!$A$2:$A$27,0)),"No"))))))="Yes",1,0) -> 1
A242: CAFÉ BOH | B242: Cardboard Recycling | C242: FIB07 | D242: =IFERROR(INDEX('Materials Master'!$B$2:$B$27,MATCH($C242,'Materials Master'!$A$2:$A$27,0)),"") -> Soiled Beverage Cartons | E242: =IFERROR(INDEX('Materials Master'!$C$2:$C$27,MATCH($C242,'Materials Master'!$A$2:$A$27,0)),"") -> Fibers | F242: =SUMIFS(Fact_SortedWeights!$E$2:$E$6,Fact_SortedWeights!$C$2:$C$6,$A242,Fact_SortedWeights!$B$2:$B$6,$B242,Fact_SortedWeights!$D$2:$D$6,$C242) -> 0 | G242: =IF(AND(IF($B242="Trash",INDEX('Materials Master'!$F$2:$F$27,MATCH($C242,'Materials Master'!$A$2:$A$27,0)),IF($B242="GMPC Recycling",INDEX('Materials Master'!$G$2:$G$27,MATCH($C242,'Materials Master'!$A$2:$A$27,0)),IF($B242="Organics Recycling",INDEX('Materials Master'!$H$2:$H$27,MATCH($C242,'Materials Master'!$A$2:$A$27,0)),IF($B242="Cardboard Recycling",INDEX('Materials Master'!$I$2:$I$27,MATCH($C242,'Materials Master'!$A$2:$A$27,0)),IF($B242="Paper Recycling",INDEX('Materials Master'!$J$2:$J$27,MATCH($C242,'Materials Master'!$A$2:$A$27,0)),IF($B242="Terracycle",INDEX('Materials Master'!$K$2:$K$27,MATCH($C242,'Materials Master'!$A$2:$A$27,0)),"No"))))))="Yes",INDEX('Materials Master'!$E$2:$E$27,MATCH($C242,'Materials Master'!$A$2:$A$27,0))="Yes",$B242<>"Trash"),1,0) -> 0 | H242: =INDEX('Materials Master'!$E$2:$E$27,MATCH($C242,'Materials Master'!$A$2:$A$27,0)) -> No | I242: =IFERROR(INDEX(Areas!$C$2:$C$6,MATCH($A242,Areas!$B$2:$B$6,0)),"") -> BOH | J242: =IF(IF($B242="Trash",INDEX('Materials Master'!$F$2:$F$27,MATCH($C242,'Materials Master'!$A$2:$A$27,0)),IF($B242="GMPC Recycling",INDEX('Materials Master'!$G$2:$G$27,MATCH($C242,'Materials Master'!$A$2:$A$27,0)),IF($B242="Organics Recycling",INDEX('Materials Master'!$H$2:$H$27,MATCH($C242,'Materials Master'!$A$2:$A$27,0)),IF($B242="Cardboard Recycling",INDEX('Materials Master'!$I$2:$I$27,MATCH($C242,'Materials Master'!$A$2:$A$27,0)),IF($B242="Paper Recycling",INDEX('Materials Master'!$J$2:$J$27,MATCH($C242,'Materials Master'!$A$2:$A$27,0)),IF($B242="Terracycle",INDEX('Materials Master'!$K$2:$K$27,MATCH($C242,'Materials Master'!$A$2:$A$27,0)),"No"))))))="Yes",1,0) -> 0
A243: CAFÉ BOH | B243: Cardboard Recycling | C243: FIB08 | D243: =IFERROR(INDEX('Materials Master'!$B$2:$B$27,MATCH($C243,'Materials Master'!$A$2:$A$27,0)),"") -> Paper Cups / Other Coated Paper Containers | E243: =IFERROR(INDEX('Materials Master'!$C$2:$C$27,MATCH($C243,'Materials Master'!$A$2:$A$27,0)),"") -> Fibers | F243: =SUMIFS(Fact_SortedWeights!$E$2:$E$6,Fact_SortedWeights!$C$2:$C$6,$A243,Fact_SortedWeights!$B$2:$B$6,$B243,Fact_SortedWeights!$D$2:$D$6,$C243) -> 0 | G243: =IF(AND(IF($B243="Trash",INDEX('Materials Master'!$F$2:$F$27,MATCH($C243,'Materials Master'!$A$2:$A$27,0)),IF($B243="GMPC Recycling",INDEX('Materials Master'!$G$2:$G$27,MATCH($C243,'Materials Master'!$A$2:$A$27,0)),IF($B243="Organics Recycling",INDEX('Materials Master'!$H$2:$H$27,MATCH($C243,'Materials Master'!$A$2:$A$27,0)),IF($B243="Cardboard Recycling",INDEX('Materials Master'!$I$2:$I$27,MATCH($C243,'Materials Master'!$A$2:$A$27,0)),IF($B243="Paper Recycling",INDEX('Materials Master'!$J$2:$J$27,MATCH($C243,'Materials Master'!$A$2:$A$27,0)),IF($B243="Terracycle",INDEX('Materials Master'!$K$2:$K$27,MATCH($C243,'Materials Master'!$A$2:$A$27,0)),"No"))))))="Yes",INDEX('Materials Master'!$E$2:$E$27,MATCH($C243,'Materials Master'!$A$2:$A$27,0))="Yes",$B243<>"Trash"),1,0) -> 0 | H243: =INDEX('Materials Master'!$E$2:$E$27,MATCH($C243,'Materials Master'!$A$2:$A$27,0)) -> No | I243: =IFERROR(INDEX(Areas!$C$2:$C$6,MATCH($A243,Areas!$B$2:$B$6,0)),"") -> BOH | J243: =IF(IF($B243="Trash",INDEX('Materials Master'!$F$2:$F$27,MATCH($C243,'Materials Master'!$A$2:$A$27,0)),IF($B243="GMPC Recycling",INDEX('Materials Master'!$G$2:$G$27,MATCH($C243,'Materials Master'!$A$2:$A$27,0)),IF($B243="Organics Recycling",INDEX('Materials Master'!$H$2:$H$27,MATCH($C243,'Materials Master'!$A$2:$A$27,0)),IF($B243="Cardboard Recycling",INDEX('Materials Master'!$I$2:$I$27,MATCH($C243,'Materials Master'!$A$2:$A$27,0)),IF($B243="Paper Recycling",INDEX('Materials Master'!$J$2:$J$27,MATCH($C243,'Materials Master'!$A$2:$A$27,0)),IF($B243="Terracycle",INDEX('Materials Master'!$K$2:$K$27,MATCH($C243,'Materials Master'!$A$2:$A$27,0)),"No"))))))="Yes",1,0) -> 0
A244: CAFÉ BOH | B244: Cardboard Recycling | C244: GLA01 | D244: =IFERROR(INDEX('Materials Master'!$B$2:$B$27,MATCH($C244,'Materials Master'!$A$2:$A$27,0)),"") -> Glass Bottles & Jars | E244: =IFERROR(INDEX('Materials Master'!$C$2:$C$27,MATCH($C244,'Materials Master'!$A$2:$A$27,0)),"") -> Glass | F244: =SUMIFS(Fact_SortedWeights!$E$2:$E$6,Fact_SortedWeights!$C$2:$C$6,$A244,Fact_SortedWeights!$B$2:$B$6,$B244,Fact_SortedWeights!$D$2:$D$6,$C244) -> 0 | G244: =IF(AND(IF($B244="Trash",INDEX('Materials Master'!$F$2:$F$27,MATCH($C244,'Materials Master'!$A$2:$A$27,0)),IF($B244="GMPC Recycling",INDEX('Materials Master'!$G$2:$G$27,MATCH($C244,'Materials Master'!$A$2:$A$27,0)),IF($B244="Organics Recycling",INDEX('Materials Master'!$H$2:$H$27,MATCH($C244,'Materials Master'!$A$2:$A$27,0)),IF($B244="Cardboard Recycling",INDEX('Materials Master'!$I$2:$I$27,MATCH($C244,'Materials Master'!$A$2:$A$27,0)),IF($B244="Paper Recycling",INDEX('Materials Master'!$J$2:$J$27,MATCH($C244,'Materials Master'!$A$2:$A$27,0)),IF($B244="Terracycle",INDEX('Materials Master'!$K$2:$K$27,MATCH($C244,'Materials Master'!$A$2:$A$27,0)),"No"))))))="Yes",INDEX('Materials Master'!$E$2:$E$27,MATCH($C244,'Materials Master'!$A$2:$A$27,0))="Yes",$B244<>"Trash"),1,0) -> 1 | H244: =INDEX('Materials Master'!$E$2:$E$27,MATCH($C244,'Materials Master'!$A$2:$A$27,0)) -> Yes | I244: =IFERROR(INDEX(Areas!$C$2:$C$6,MATCH($A244,Areas!$B$2:$B$6,0)),"") -> BOH | J244: =IF(IF($B244="Trash",INDEX('Materials Master'!$F$2:$F$27,MATCH($C244,'Materials Master'!$A$2:$A$27,0)),IF($B244="GMPC Recycling",INDEX('Materials Master'!$G$2:$G$27,MATCH($C244,'Materials Master'!$A$2:$A$27,0)),IF($B244="Organics Recycling",INDEX('Materials Master'!$H$2:$H$27,MATCH($C244,'Materials Master'!$A$2:$A$27,0)),IF($B244="Cardboard Recycling",INDEX('Materials Master'!$I$2:$I$27,MATCH($C244,'Materials Master'!$A$2:$A$27,0)),IF($B244="Paper Recycling",INDEX('Materials Master'!$J$2:$J$27,MATCH($C244,'Materials Master'!$A$2:$A$27,0)),IF($B244="Terracycle",INDEX('Materials Master'!$K$2:$K$27,MATCH($C244,'Materials Master'!$A$2:$A$27,0)),"No"))))))="Yes",1,0) -> 1
A245: CAFÉ BOH | B245: Cardboard Recycling | C245: GLA02 | D245: =IFERROR(INDEX('Materials Master'!$B$2:$B$27,MATCH($C245,'Materials Master'!$A$2:$A$27,0)),"") -> Soiled Glass | E245: =IFERROR(INDEX('Materials Master'!$C$2:$C$27,MATCH($C245,'Materials Master'!$A$2:$A$27,0)),"") -> Glass | F245: =SUMIFS(Fact_SortedWeights!$E$2:$E$6,Fact_SortedWeights!$C$2:$C$6,$A245,Fact_SortedWeights!$B$2:$B$6,$B245,Fact_SortedWeights!$D$2:$D$6,$C245) -> 0 | G245: =IF(AND(IF($B245="Trash",INDEX('Materials Master'!$F$2:$F$27,MATCH($C245,'Materials Master'!$A$2:$A$27,0)),IF($B245="GMPC Recycling",INDEX('Materials Master'!$G$2:$G$27,MATCH($C245,'Materials Master'!$A$2:$A$27,0)),IF($B245="Organics Recycling",INDEX('Materials Master'!$H$2:$H$27,MATCH($C245,'Materials Master'!$A$2:$A$27,0)),IF($B245="Cardboard Recycling",INDEX('Materials Master'!$I$2:$I$27,MATCH($C245,'Materials Master'!$A$2:$A$27,0)),IF($B245="Paper Recycling",INDEX('Materials Master'!$J$2:$J$27,MATCH($C245,'Materials Master'!$A$2:$A$27,0)),IF($B245="Terracycle",INDEX('Materials Master'!$K$2:$K$27,MATCH($C245,'Materials Master'!$A$2:$A$27,0)),"No"))))))="Yes",INDEX('Materials Master'!$E$2:$E$27,MATCH($C245,'Materials Master'!$A$2:$A$27,0))="Yes",$B245<>"Trash"),1,0) -> 0 | H245: =INDEX('Materials Master'!$E$2:$E$27,MATCH($C245,'Materials Master'!$A$2:$A$27,0)) -> No | I245: =IFERROR(INDEX(Areas!$C$2:$C$6,MATCH($A245,Areas!$B$2:$B$6,0)),"") -> BOH | J245: =IF(IF($B245="Trash",INDEX('Materials Master'!$F$2:$F$27,MATCH($C245,'Materials Master'!$A$2:$A$27,0)),IF($B245="GMPC Recycling",INDEX('Materials Master'!$G$2:$G$27,MATCH($C245,'Materials Master'!$A$2:$A$27,0)),IF($B245="Organics Recycling",INDEX('Materials Master'!$H$2:$H$27,MATCH($C245,'Materials Master'!$A$2:$A$27,0)),IF($B245="Cardboard Recycling",INDEX('Materials Master'!$I$2:$I$27,MATCH($C245,'Materials Master'!$A$2:$A$27,0)),IF($B245="Paper Recycling",INDEX('Materials Master'!$J$2:$J$27,MATCH($C245,'Materials Master'!$A$2:$A$27,0)),IF($B245="Terracycle",INDEX('Materials Master'!$K$2:$K$27,MATCH($C245,'Materials Master'!$A$2:$A$27,0)),"No"))))))="Yes",1,0) -> 0
A246: CAFÉ BOH | B246: Cardboard Recycling | C246: MET01 | D246: =IFERROR(INDEX('Materials Master'!$B$2:$B$27,MATCH($C246,'Materials Master'!$A$2:$A$27,0)),"") -> Aluminum & Bi-Metal Containers | E246: =IFERROR(INDEX('Materials Master'!$C$2:$C$27,MATCH($C246,'Materials Master'!$A$2:$A$27,0)),"") -> Metals | F246: =SUMIFS(Fact_SortedWeights!$E$2:$E$6,Fact_SortedWeights!$C$2:$C$6,$A246,Fact_SortedWeights!$B$2:$B$6,$B246,Fact_SortedWeights!$D$2:$D$6,$C246) -> 0 | G246: =IF(AND(IF($B246="Trash",INDEX('Materials Master'!$F$2:$F$27,MATCH($C246,'Materials Master'!$A$2:$A$27,0)),IF($B246="GMPC Recycling",INDEX('Materials Master'!$G$2:$G$27,MATCH($C246,'Materials Master'!$A$2:$A$27,0)),IF($B246="Organics Recycling",INDEX('Materials Master'!$H$2:$H$27,MATCH($C246,'Materials Master'!$A$2:$A$27,0)),IF($B246="Cardboard Recycling",INDEX('Materials Master'!$I$2:$I$27,MATCH($C246,'Materials Master'!$A$2:$A$27,0)),IF($B246="Paper Recycling",INDEX('Materials Master'!$J$2:$J$27,MATCH($C246,'Materials Master'!$A$2:$A$27,0)),IF($B246="Terracycle",INDEX('Materials Master'!$K$2:$K$27,MATCH($C246,'Materials Master'!$A$2:$A$27,0)),"No"))))))="Yes",INDEX('Materials Master'!$E$2:$E$27,MATCH($C246,'Materials Master'!$A$2:$A$27,0))="Yes",$B246<>"Trash"),1,0) -> 1 | H246: =INDEX('Materials Master'!$E$2:$E$27,MATCH($C246,'Materials Master'!$A$2:$A$27,0)) -> Yes | I246: =IFERROR(INDEX(Areas!$C$2:$C$6,MATCH($A246,Areas!$B$2:$B$6,0)),"") -> BOH | J246: =IF(IF($B246="Trash",INDEX('Materials Master'!$F$2:$F$27,MATCH($C246,'Materials Master'!$A$2:$A$27,0)),IF($B246="GMPC Recycling",INDEX('Materials Master'!$G$2:$G$27,MATCH($C246,'Materials Master'!$A$2:$A$27,0)),IF($B246="Organics Recycling",INDEX('Materials Master'!$H$2:$H$27,MATCH($C246,'Materials Master'!$A$2:$A$27,0)),IF($B246="Cardboard Recycling",INDEX('Materials Master'!$I$2:$I$27,MATCH($C246,'Materials Master'!$A$2:$A$27,0)),IF($B246="Paper Recycling",INDEX('Materials Master'!$J$2:$J$27,MATCH($C246,'Materials Master'!$A$2:$A$27,0)),IF($B246="Terracycle",INDEX('Materials Master'!$K$2:$K$27,MATCH($C246,'Materials Master'!$A$2:$A$27,0)),"No"))))))="Yes",1,0) -> 1
A247: CAFÉ BOH | B247: Cardboard Recycling | C247: MET02 | D247: =IFERROR(INDEX('Materials Master'!$B$2:$B$27,MATCH($C247,'Materials Master'!$A$2:$A$27,0)),"") -> Soiled Metals | E247: =IFERROR(INDEX('Materials Master'!$C$2:$C$27,MATCH($C247,'Materials Master'!$A$2:$A$27,0)),"") -> Metals | F247: =SUMIFS(Fact_SortedWeights!$E$2:$E$6,Fact_SortedWeights!$C$2:$C$6,$A247,Fact_SortedWeights!$B$2:$B$6,$B247,Fact_SortedWeights!$D$2:$D$6,$C247) -> 0 | G247: =IF(AND(IF($B247="Trash",INDEX('Materials Master'!$F$2:$F$27,MATCH($C247,'Materials Master'!$A$2:$A$27,0)),IF($B247="GMPC Recycling",INDEX('Materials Master'!$G$2:$G$27,MATCH($C247,'Materials Master'!$A$2:$A$27,0)),IF($B247="Organics Recycling",INDEX('Materials Master'!$H$2:$H$27,MATCH($C247,'Materials Master'!$A$2:$A$27,0)),IF($B247="Cardboard Recycling",INDEX('Materials Master'!$I$2:$I$27,MATCH($C247,'Materials Master'!$A$2:$A$27,0)),IF($B247="Paper Recycling",INDEX('Materials Master'!$J$2:$J$27,MATCH($C247,'Materials Master'!$A$2:$A$27,0)),IF($B247="Terracycle",INDEX('Materials Master'!$K$2:$K$27,MATCH($C247,'Materials Master'!$A$2:$A$27,0)),"No"))))))="Yes",INDEX('Materials Master'!$E$2:$E$27,MATCH($C247,'Materials Master'!$A$2:$A$27,0))="Yes",$B247<>"Trash"),1,0) -> 0 | H247: =INDEX('Materials Master'!$E$2:$E$27,MATCH($C247,'Materials Master'!$A$2:$A$27,0)) -> No | I247: =IFERROR(INDEX(Areas!$C$2:$C$6,MATCH($A247,Areas!$B$2:$B$6,0)),"") -> BOH | J247: =IF(IF($B247="Trash",INDEX('Materials Master'!$F$2:$F$27,MATCH($C247,'Materials Master'!$A$2:$A$27,0)),IF($B247="GMPC Recycling",INDEX('Materials Master'!$G$2:$G$27,MATCH($C247,'Materials Master'!$A$2:$A$27,0)),IF($B247="Organics Recycling",INDEX('Materials Master'!$H$2:$H$27,MATCH($C247,'Materials Master'!$A$2:$A$27,0)),IF($B247="Cardboard Recycling",INDEX('Materials Master'!$I$2:$I$27,MATCH($C247,'Materials Master'!$A$2:$A$27,0)),IF($B247="Paper Recycling",INDEX('Materials Master'!$J$2:$J$27,MATCH($C247,'Materials Master'!$A$2:$A$27,0)),IF($B247="Terracycle",INDEX('Materials Master'!$K$2:$K$27,MATCH($C247,'Materials Master'!$A$2:$A$27,0)),"No"))))))="Yes",1,0) -> 0
... A261: CAFÉ BOH | B261: Cardboard Recycling | C261: OTH02 | D261: =IFERROR(INDEX('Materials Master'!$B$2:$B$27,MATCH($C261,'Materials Master'!$A$2:$A$27,0)),"") -> Other/Residual Materials | E261: =IFERROR(INDEX('Materials Master'!$C$2:$C$27,MATCH($C261,'Materials Master'!$A$2:$A$27,0)),"") -> Other | F261: =SUMIFS(Fact_SortedWeights!$E$2:$E$6,Fact_SortedWeights!$C$2:$C$6,$A261,Fact_SortedWeights!$B$2:$B$6,$B261,Fact_SortedWeights!$D$2:$D$6,$C261) -> 0 | G261: =IF(AND(IF($B261="Trash",INDEX('Materials Master'!$F$2:$F$27,MATCH($C261,'Materials Master'!$A$2:$A$27,0)),IF($B261="GMPC Recycling",INDEX('Materials Master'!$G$2:$G$27,MATCH($C261,'Materials Master'!$A$2:$A$27,0)),IF($B261="Organics Recycling",INDEX('Materials Master'!$H$2:$H$27,MATCH($C261,'Materials Master'!$A$2:$A$27,0)),IF($B261="Cardboard Recycling",INDEX('Materials Master'!$I$2:$I$27,MATCH($C261,'Materials Master'!$A$2:$A$27,0)),IF($B261="Paper Recycling",INDEX('Materials Master'!$J$2:$J$27,MATCH($C261,'Materials Master'!$A$2:$A$27,0)),IF($B261="Terracycle",INDEX('Materials Master'!$K$2:$K$27,MATCH($C261,'Materials Master'!$A$2:$A$27,0)),"No"))))))="Yes",INDEX('Materials Master'!$E$2:$E$27,MATCH($C261,'Materials Master'!$A$2:$A$27,0))="Yes",$B261<>"Trash"),1,0) -> 0 | H261: =INDEX('Materials Master'!$E$2:$E$27,MATCH($C261,'Materials Master'!$A$2:$A$27,0)) -> No | I261: =IFERROR(INDEX(Areas!$C$2:$C$6,MATCH($A261,Areas!$B$2:$B$6,0)),"") -> BOH | J261: =IF(IF($B261="Trash",INDEX('Materials Master'!$F$2:$F$27,MATCH($C261,'Materials Master'!$A$2:$A$27,0)),IF($B261="GMPC Recycling",INDEX('Materials Master'!$G$2:$G$27,MATCH($C261,'Materials Master'!$A$2:$A$27,0)),IF($B261="Organics Recycling",INDEX('Materials Master'!$H$2:$H$27,MATCH($C261,'Materials Master'!$A$2:$A$27,0)),IF($B261="Cardboard Recycling",INDEX('Materials Master'!$I$2:$I$27,MATCH($C261,'Materials Master'!$A$2:$A$27,0)),IF($B261="Paper Recycling",INDEX('Materials Master'!$J$2:$J$27,MATCH($C261,'Materials Master'!$A$2:$A$27,0)),IF($B261="Terracycle",INDEX('Materials Master'!$K$2:$K$27,MATCH($C261,'Materials Master'!$A$2:$A$27,0)),"No"))))))="Yes",1,0) -> 0
A262: CAFÉ BOH | B262: Paper Recycling | C262: FIB01 | D262: =IFERROR(INDEX('Materials Master'!$B$2:$B$27,MATCH($C262,'Materials Master'!$A$2:$A$27,0)),"") -> Corrugated Cardboard | E262: =IFERROR(INDEX('Materials Master'!$C$2:$C$27,MATCH($C262,'Materials Master'!$A$2:$A$27,0)),"") -> Fibers | F262: =(SUMIFS(Fact_PreSortWeights!$E$2:$E$15,Fact_PreSortWeights!$C$2:$C$15,$A262,Fact_PreSortWeights!$B$2:$B$15,$B262,Fact_PreSortWeights!$F$2:$F$15,$C262))+(SUMIFS(Fact_SortedWeights!$E$2:$E$6,Fact_SortedWeights!$C$2:$C$6,$A262,Fact_SortedWeights!$B$2:$B$6,$B262,Fact_SortedWeights!$D$2:$D$6,$C262,Fact_SortedWeights!$L$2:$L$6,"Yes"))+IF((SUMIFS(Fact_SortedWeights!$E$2:$E$6,Fact_SortedWeights!$C$2:$C$6,$A262,Fact_SortedWeights!$B$2:$B$6,$B262,Fact_SortedWeights!$L$2:$L$6,"No"))=0,0,(SUMIFS(Fact_SortedWeights!$E$2:$E$6,Fact_SortedWeights!$C$2:$C$6,$A262,Fact_SortedWeights!$B$2:$B$6,$B262,Fact_SortedWeights!$D$2:$D$6,$C262,Fact_SortedWeights!$L$2:$L$6,"No"))/(SUMIFS(Fact_SortedWeights!$E$2:$E$6,Fact_SortedWeights!$C$2:$C$6,$A262,Fact_SortedWeights!$B$2:$B$6,$B262,Fact_SortedWeights!$L$2:$L$6,"No"))*((SUMIFS(Fact_PreSortWeights!$E$2:$E$15,Fact_PreSortWeights!$C$2:$C$15,$A262,Fact_PreSortWeights!$B$2:$B$15,$B262,Fact_PreSortWeights!$F$2:$F$15,""))-(SUMIFS(Fact_SortedWeights!$E$2:$E$6,Fact_SortedWeights!$C$2:$C$6,$A262,Fact_SortedWeights!$B$2:$B$6,$B262,Fact_SortedWeights!$L$2:$L$6,"Yes")))) -> 0 | G262: =IF(AND(IF($B262="Trash",INDEX('Materials Master'!$F$2:$F$27,MATCH($C262,'Materials Master'!$A$2:$A$27,0)),IF($B262="GMPC Recycling",INDEX('Materials Master'!$G$2:$G$27,MATCH($C262,'Materials Master'!$A$2:$A$27,0)),IF($B262="Organics Recycling",INDEX('Materials Master'!$H$2:$H$27,MATCH($C262,'Materials Master'!$A$2:$A$27,0)),IF($B262="Cardboard Recycling",INDEX('Materials Master'!$I$2:$I$27,MATCH($C262,'Materials Master'!$A$2:$A$27,0)),IF($B262="Paper Recycling",INDEX('Materials Master'!$J$2:$J$27,MATCH($C262,'Materials Master'!$A$2:$A$27,0)),IF($B262="Terracycle",INDEX('Materials Master'!$K$2:$K$27,MATCH($C262,'Materials Master'!$A$2:$A$27,0)),"No"))))))="Yes",INDEX('Materials Master'!$E$2:$E$27,MATCH($C262,'Materials Master'!$A$2:$A$27,0))="Yes",$B262<>"Trash"),1,0) -> 1 | H262: =INDEX('Materials Master'!$E$2:$E$27,MATCH($C262,'Materials Master'!$A$2:$A$27,0)) -> Yes | I262: =IFERROR(INDEX(Areas!$C$2:$C$6,MATCH($A262,Areas!$B$2:$B$6,0)),"") -> BOH | J262: =IF(IF($B262="Trash",INDEX('Materials Master'!$F$2:$F$27,MATCH($C262,'Materials Master'!$A$2:$A$27,0)),IF($B262="GMPC Recycling",INDEX('Materials Master'!$G$2:$G$27,MATCH($C262,'Materials Master'!$A$2:$A$27,0)),IF($B262="Organics Recycling",INDEX('Materials Master'!$H$2:$H$27,MATCH($C262,'Materials Master'!$A$2:$A$27,0)),IF($B262="Cardboard Recycling",INDEX('Materials Master'!$I$2:$I$27,MATCH($C262,'Materials Master'!$A$2:$A$27,0)),IF($B262="Paper Recycling",INDEX('Materials Master'!$J$2:$J$27,MATCH($C262,'Materials Master'!$A$2:$A$27,0)),IF($B262="Terracycle",INDEX('Materials Master'!$K$2:$K$27,MATCH($C262,'Materials Master'!$A$2:$A$27,0)),"No"))))))="Yes",1,0) -> 1
A263: CAFÉ BOH | B263: Paper Recycling | C263: FIB02 | D263: =IFERROR(INDEX('Materials Master'!$B$2:$B$27,MATCH($C263,'Materials Master'!$A$2:$A$27,0)),"") -> Soiled Cardboard | E263: =IFERROR(INDEX('Materials Master'!$C$2:$C$27,MATCH($C263,'Materials Master'!$A$2:$A$27,0)),"") -> Fibers | F263: =(SUMIFS(Fact_PreSortWeights!$E$2:$E$15,Fact_PreSortWeights!$C$2:$C$15,$A263,Fact_PreSortWeights!$B$2:$B$15,$B263,Fact_PreSortWeights!$F$2:$F$15,$C263))+(SUMIFS(Fact_SortedWeights!$E$2:$E$6,Fact_SortedWeights!$C$2:$C$6,$A263,Fact_SortedWeights!$B$2:$B$6,$B263,Fact_SortedWeights!$D$2:$D$6,$C263,Fact_SortedWeights!$L$2:$L$6,"Yes"))+IF((SUMIFS(Fact_SortedWeights!$E$2:$E$6,Fact_SortedWeights!$C$2:$C$6,$A263,Fact_SortedWeights!$B$2:$B$6,$B263,Fact_SortedWeights!$L$2:$L$6,"No"))=0,0,(SUMIFS(Fact_SortedWeights!$E$2:$E$6,Fact_SortedWeights!$C$2:$C$6,$A263,Fact_SortedWeights!$B$2:$B$6,$B263,Fact_SortedWeights!$D$2:$D$6,$C263,Fact_SortedWeights!$L$2:$L$6,"No"))/(SUMIFS(Fact_SortedWeights!$E$2:$E$6,Fact_SortedWeights!$C$2:$C$6,$A263,Fact_SortedWeights!$B$2:$B$6,$B263,Fact_SortedWeights!$L$2:$L$6,"No"))*((SUMIFS(Fact_PreSortWeights!$E$2:$E$15,Fact_PreSortWeights!$C$2:$C$15,$A263,Fact_PreSortWeights!$B$2:$B$15,$B263,Fact_PreSortWeights!$F$2:$F$15,""))-(SUMIFS(Fact_SortedWeights!$E$2:$E$6,Fact_SortedWeights!$C$2:$C$6,$A263,Fact_SortedWeights!$B$2:$B$6,$B263,Fact_SortedWeights!$L$2:$L$6,"Yes")))) -> 0 | G263: =IF(AND(IF($B263="Trash",INDEX('Materials Master'!$F$2:$F$27,MATCH($C263,'Materials Master'!$A$2:$A$27,0)),IF($B263="GMPC Recycling",INDEX('Materials Master'!$G$2:$G$27,MATCH($C263,'Materials Master'!$A$2:$A$27,0)),IF($B263="Organics Recycling",INDEX('Materials Master'!$H$2:$H$27,MATCH($C263,'Materials Master'!$A$2:$A$27,0)),IF($B263="Cardboard Recycling",INDEX('Materials Master'!$I$2:$I$27,MATCH($C263,'Materials Master'!$A$2:$A$27,0)),IF($B263="Paper Recycling",INDEX('Materials Master'!$J$2:$J$27,MATCH($C263,'Materials Master'!$A$2:$A$27,0)),IF($B263="Terracycle",INDEX('Materials Master'!$K$2:$K$27,MATCH($C263,'Materials Master'!$A$2:$A$27,0)),"No"))))))="Yes",INDEX('Materials Master'!$E$2:$E$27,MATCH($C263,'Materials Master'!$A$2:$A$27,0))="Yes",$B263<>"Trash"),1,0) -> 0 | H263: =INDEX('Materials Master'!$E$2:$E$27,MATCH($C263,'Materials Master'!$A$2:$A$27,0)) -> No | I263: =IFERROR(INDEX(Areas!$C$2:$C$6,MATCH($A263,Areas!$B$2:$B$6,0)),"") -> BOH | J263: =IF(IF($B263="Trash",INDEX('Materials Master'!$F$2:$F$27,MATCH($C263,'Materials Master'!$A$2:$A$27,0)),IF($B263="GMPC Recycling",INDEX('Materials Master'!$G$2:$G$27,MATCH($C263,'Materials Master'!$A$2:$A$27,0)),IF($B263="Organics Recycling",INDEX('Materials Master'!$H$2:$H$27,MATCH($C263,'Materials Master'!$A$2:$A$27,0)),IF($B263="Cardboard Recycling",INDEX('Materials Master'!$I$2:$I$27,MATCH($C263,'Materials Master'!$A$2:$A$27,0)),IF($B263="Paper Recycling",INDEX('Materials Master'!$J$2:$J$27,MATCH($C263,'Materials Master'!$A$2:$A$27,0)),IF($B263="Terracycle",INDEX('Materials Master'!$K$2:$K$27,MATCH($C263,'Materials Master'!$A$2:$A$27,0)),"No"))))))="Yes",1,0) -> 0
A264: CAFÉ BOH | B264: Paper Recycling | C264: FIB03 | D264: =IFERROR(INDEX('Materials Master'!$B$2:$B$27,MATCH($C264,'Materials Master'!$A$2:$A$27,0)),"") -> Waxed Cardboard | E264: =IFERROR(INDEX('Materials Master'!$C$2:$C$27,MATCH($C264,'Materials Master'!$A$2:$A$27,0)),"") -> Fibers | F264: =(SUMIFS(Fact_PreSortWeights!$E$2:$E$15,Fact_PreSortWeights!$C$2:$C$15,$A264,Fact_PreSortWeights!$B$2:$B$15,$B264,Fact_PreSortWeights!$F$2:$F$15,$C264))+(SUMIFS(Fact_SortedWeights!$E$2:$E$6,Fact_SortedWeights!$C$2:$C$6,$A264,Fact_SortedWeights!$B$2:$B$6,$B264,Fact_SortedWeights!$D$2:$D$6,$C264,Fact_SortedWeights!$L$2:$L$6,"Yes"))+IF((SUMIFS(Fact_SortedWeights!$E$2:$E$6,Fact_SortedWeights!$C$2:$C$6,$A264,Fact_SortedWeights!$B$2:$B$6,$B264,Fact_SortedWeights!$L$2:$L$6,"No"))=0,0,(SUMIFS(Fact_SortedWeights!$E$2:$E$6,Fact_SortedWeights!$C$2:$C$6,$A264,Fact_SortedWeights!$B$2:$B$6,$B264,Fact_SortedWeights!$D$2:$D$6,$C264,Fact_SortedWeights!$L$2:$L$6,"No"))/(SUMIFS(Fact_SortedWeights!$E$2:$E$6,Fact_SortedWeights!$C$2:$C$6,$A264,Fact_SortedWeights!$B$2:$B$6,$B264,Fact_SortedWeights!$L$2:$L$6,"No"))*((SUMIFS(Fact_PreSortWeights!$E$2:$E$15,Fact_PreSortWeights!$C$2:$C$15,$A264,Fact_PreSortWeights!$B$2:$B$15,$B264,Fact_PreSortWeights!$F$2:$F$15,""))-(SUMIFS(Fact_SortedWeights!$E$2:$E$6,Fact_SortedWeights!$C$2:$C$6,$A264,Fact_SortedWeights!$B$2:$B$6,$B264,Fact_SortedWeights!$L$2:$L$6,"Yes")))) -> 0 | G264: =IF(AND(IF($B264="Trash",INDEX('Materials Master'!$F$2:$F$27,MATCH($C264,'Materials Master'!$A$2:$A$27,0)),IF($B264="GMPC Recycling",INDEX('Materials Master'!$G$2:$G$27,MATCH($C264,'Materials Master'!$A$2:$A$27,0)),IF($B264="Organics Recycling",INDEX('Materials Master'!$H$2:$H$27,MATCH($C264,'Materials Master'!$A$2:$A$27,0)),IF($B264="Cardboard Recycling",INDEX('Materials Master'!$I$2:$I$27,MATCH($C264,'Materials Master'!$A$2:$A$27,0)),IF($B264="Paper Recycling",INDEX('Materials Master'!$J$2:$J$27,MATCH($C264,'Materials Master'!$A$2:$A$27,0)),IF($B264="Terracycle",INDEX('Materials Master'!$K$2:$K$27,MATCH($C264,'Materials Master'!$A$2:$A$27,0)),"No"))))))="Yes",INDEX('Materials Master'!$E$2:$E$27,MATCH($C264,'Materials Master'!$A$2:$A$27,0))="Yes",$B264<>"Trash"),1,0) -> 0 | H264: =INDEX('Materials Master'!$E$2:$E$27,MATCH($C264,'Materials Master'!$A$2:$A$27,0)) -> No | I264: =IFERROR(INDEX(Areas!$C$2:$C$6,MATCH($A264,Areas!$B$2:$B$6,0)),"") -> BOH | J264: =IF(IF($B264="Trash",INDEX('Materials Master'!$F$2:$F$27,MATCH($C264,'Materials Master'!$A$2:$A$27,0)),IF($B264="GMPC Recycling",INDEX('Materials Master'!$G$2:$G$27,MATCH($C264,'Materials Master'!$A$2:$A$27,0)),IF($B264="Organics Recycling",INDEX('Materials Master'!$H$2:$H$27,MATCH($C264,'Materials Master'!$A$2:$A$27,0)),IF($B264="Cardboard Recycling",INDEX('Materials Master'!$I$2:$I$27,MATCH($C264,'Materials Master'!$A$2:$A$27,0)),IF($B264="Paper Recycling",INDEX('Materials Master'!$J$2:$J$27,MATCH($C264,'Materials Master'!$A$2:$A$27,0)),IF($B264="Terracycle",INDEX('Materials Master'!$K$2:$K$27,MATCH($C264,'Materials Master'!$A$2:$A$27,0)),"No"))))))="Yes",1,0) -> 0
A265: CAFÉ BOH | B265: Paper Recycling | C265: FIB04 | D265: =IFERROR(INDEX('Materials Master'!$B$2:$B$27,MATCH($C265,'Materials Master'!$A$2:$A$27,0)),"") -> Mixed Paper | E265: =IFERROR(INDEX('Materials Master'!$C$2:$C$27,MATCH($C265,'Materials Master'!$A$2:$A$27,0)),"") -> Fibers | F265: =(SUMIFS(Fact_PreSortWeights!$E$2:$E$15,Fact_PreSortWeights!$C$2:$C$15,$A265,Fact_PreSortWeights!$B$2:$B$15,$B265,Fact_PreSortWeights!$F$2:$F$15,$C265))+(SUMIFS(Fact_SortedWeights!$E$2:$E$6,Fact_SortedWeights!$C$2:$C$6,$A265,Fact_SortedWeights!$B$2:$B$6,$B265,Fact_SortedWeights!$D$2:$D$6,$C265,Fact_SortedWeights!$L$2:$L$6,"Yes"))+IF((SUMIFS(Fact_SortedWeights!$E$2:$E$6,Fact_SortedWeights!$C$2:$C$6,$A265,Fact_SortedWeights!$B$2:$B$6,$B265,Fact_SortedWeights!$L$2:$L$6,"No"))=0,0,(SUMIFS(Fact_SortedWeights!$E$2:$E$6,Fact_SortedWeights!$C$2:$C$6,$A265,Fact_SortedWeights!$B$2:$B$6,$B265,Fact_SortedWeights!$D$2:$D$6,$C265,Fact_SortedWeights!$L$2:$L$6,"No"))/(SUMIFS(Fact_SortedWeights!$E$2:$E$6,Fact_SortedWeights!$C$2:$C$6,$A265,Fact_SortedWeights!$B$2:$B$6,$B265,Fact_SortedWeights!$L$2:$L$6,"No"))*((SUMIFS(Fact_PreSortWeights!$E$2:$E$15,Fact_PreSortWeights!$C$2:$C$15,$A265,Fact_PreSortWeights!$B$2:$B$15,$B265,Fact_PreSortWeights!$F$2:$F$15,""))-(SUMIFS(Fact_SortedWeights!$E$2:$E$6,Fact_SortedWeights!$C$2:$C$6,$A265,Fact_SortedWeights!$B$2:$B$6,$B265,Fact_SortedWeights!$L$2:$L$6,"Yes")))) -> 0 | G265: =IF(AND(IF($B265="Trash",INDEX('Materials Master'!$F$2:$F$27,MATCH($C265,'Materials Master'!$A$2:$A$27,0)),IF($B265="GMPC Recycling",INDEX('Materials Master'!$G$2:$G$27,MATCH($C265,'Materials Master'!$A$2:$A$27,0)),IF($B265="Organics Recycling",INDEX('Materials Master'!$H$2:$H$27,MATCH($C265,'Materials Master'!$A$2:$A$27,0)),IF($B265="Cardboard Recycling",INDEX('Materials Master'!$I$2:$I$27,MATCH($C265,'Materials Master'!$A$2:$A$27,0)),IF($B265="Paper Recycling",INDEX('Materials Master'!$J$2:$J$27,MATCH($C265,'Materials Master'!$A$2:$A$27,0)),IF($B265="Terracycle",INDEX('Materials Master'!$K$2:$K$27,MATCH($C265,'Materials Master'!$A$2:$A$27,0)),"No"))))))="Yes",INDEX('Materials Master'!$E$2:$E$27,MATCH($C265,'Materials Master'!$A$2:$A$27,0))="Yes",$B265<>"Trash"),1,0) -> 0 | H265: =INDEX('Materials Master'!$E$2:$E$27,MATCH($C265,'Materials Master'!$A$2:$A$27,0)) -> Yes | I265: =IFERROR(INDEX(Areas!$C$2:$C$6,MATCH($A265,Areas!$B$2:$B$6,0)),"") -> BOH | J265: =IF(IF($B265="Trash",INDEX('Materials Master'!$F$2:$F$27,MATCH($C265,'Materials Master'!$A$2:$A$27,0)),IF($B265="GMPC Recycling",INDEX('Materials Master'!$G$2:$G$27,MATCH($C265,'Materials Master'!$A$2:$A$27,0)),IF($B265="Organics Recycling",INDEX('Materials Master'!$H$2:$H$27,MATCH($C265,'Materials Master'!$A$2:$A$27,0)),IF($B265="Cardboard Recycling",INDEX('Materials Master'!$I$2:$I$27,MATCH($C265,'Materials Master'!$A$2:$A$27,0)),IF($B265="Paper Recycling",INDEX('Materials Master'!$J$2:$J$27,MATCH($C265,'Materials Master'!$A$2:$A$27,0)),IF($B265="Terracycle",INDEX('Materials Master'!$K$2:$K$27,MATCH($C265,'Materials Master'!$A$2:$A$27,0)),"No"))))))="Yes",1,0) -> 0
A266: CAFÉ BOH | B266: Paper Recycling | C266: FIB05 | D266: =IFERROR(INDEX('Materials Master'!$B$2:$B$27,MATCH($C266,'Materials Master'!$A$2:$A$27,0)),"") -> Soiled Paper | E266: =IFERROR(INDEX('Materials Master'!$C$2:$C$27,MATCH($C266,'Materials Master'!$A$2:$A$27,0)),"") -> Fibers | F266: =(SUMIFS(Fact_PreSortWeights!$E$2:$E$15,Fact_PreSortWeights!$C$2:$C$15,$A266,Fact_PreSortWeights!$B$2:$B$15,$B266,Fact_PreSortWeights!$F$2:$F$15,$C266))+(SUMIFS(Fact_SortedWeights!$E$2:$E$6,Fact_SortedWeights!$C$2:$C$6,$A266,Fact_SortedWeights!$B$2:$B$6,$B266,Fact_SortedWeights!$D$2:$D$6,$C266,Fact_SortedWeights!$L$2:$L$6,"Yes"))+IF((SUMIFS(Fact_SortedWeights!$E$2:$E$6,Fact_SortedWeights!$C$2:$C$6,$A266,Fact_SortedWeights!$B$2:$B$6,$B266,Fact_SortedWeights!$L$2:$L$6,"No"))=0,0,(SUMIFS(Fact_SortedWeights!$E$2:$E$6,Fact_SortedWeights!$C$2:$C$6,$A266,Fact_SortedWeights!$B$2:$B$6,$B266,Fact_SortedWeights!$D$2:$D$6,$C266,Fact_SortedWeights!$L$2:$L$6,"No"))/(SUMIFS(Fact_SortedWeights!$E$2:$E$6,Fact_SortedWeights!$C$2:$C$6,$A266,Fact_SortedWeights!$B$2:$B$6,$B266,Fact_SortedWeights!$L$2:$L$6,"No"))*((SUMIFS(Fact_PreSortWeights!$E$2:$E$15,Fact_PreSortWeights!$C$2:$C$15,$A266,Fact_PreSortWeights!$B$2:$B$15,$B266,Fact_PreSortWeights!$F$2:$F$15,""))-(SUMIFS(Fact_SortedWeights!$E$2:$E$6,Fact_SortedWeights!$C$2:$C$6,$A266,Fact_SortedWeights!$B$2:$B$6,$B266,Fact_SortedWeights!$L$2:$L$6,"Yes")))) -> 0 | G266: =IF(AND(IF($B266="Trash",INDEX('Materials Master'!$F$2:$F$27,MATCH($C266,'Materials Master'!$A$2:$A$27,0)),IF($B266="GMPC Recycling",INDEX('Materials Master'!$G$2:$G$27,MATCH($C266,'Materials Master'!$A$2:$A$27,0)),IF($B266="Organics Recycling",INDEX('Materials Master'!$H$2:$H$27,MATCH($C266,'Materials Master'!$A$2:$A$27,0)),IF($B266="Cardboard Recycling",INDEX('Materials Master'!$I$2:$I$27,MATCH($C266,'Materials Master'!$A$2:$A$27,0)),IF($B266="Paper Recycling",INDEX('Materials Master'!$J$2:$J$27,MATCH($C266,'Materials Master'!$A$2:$A$27,0)),IF($B266="Terracycle",INDEX('Materials Master'!$K$2:$K$27,MATCH($C266,'Materials Master'!$A$2:$A$27,0)),"No"))))))="Yes",INDEX('Materials Master'!$E$2:$E$27,MATCH($C266,'Materials Master'!$A$2:$A$27,0))="Yes",$B266<>"Trash"),1,0) -> 0 | H266: =INDEX('Materials Master'!$E$2:$E$27,MATCH($C266,'Materials Master'!$A$2:$A$27,0)) -> No | I266: =IFERROR(INDEX(Areas!$C$2:$C$6,MATCH($A266,Areas!$B$2:$B$6,0)),"") -> BOH | J266: =IF(IF($B266="Trash",INDEX('Materials Master'!$F$2:$F$27,MATCH($C266,'Materials Master'!$A$2:$A$27,0)),IF($B266="GMPC Recycling",INDEX('Materials Master'!$G$2:$G$27,MATCH($C266,'Materials Master'!$A$2:$A$27,0)),IF($B266="Organics Recycling",INDEX('Materials Master'!$H$2:$H$27,MATCH($C266,'Materials Master'!$A$2:$A$27,0)),IF($B266="Cardboard Recycling",INDEX('Materials Master'!$I$2:$I$27,MATCH($C266,'Materials Master'!$A$2:$A$27,0)),IF($B266="Paper Recycling",INDEX('Materials Master'!$J$2:$J$27,MATCH($C266,'Materials Master'!$A$2:$A$27,0)),IF($B266="Terracycle",INDEX('Materials Master'!$K$2:$K$27,MATCH($C266,'Materials Master'!$A$2:$A$27,0)),"No"))))))="Yes",1,0) -> 0
A267: CAFÉ BOH | B267: Paper Recycling | C267: FIB06 | D267: =IFERROR(INDEX('Materials Master'!$B$2:$B$27,MATCH($C267,'Materials Master'!$A$2:$A$27,0)),"") -> Beverage Cartons | E267: =IFERROR(INDEX('Materials Master'!$C$2:$C$27,MATCH($C267,'Materials Master'!$A$2:$A$27,0)),"") -> Fibers | F267: =(SUMIFS(Fact_PreSortWeights!$E$2:$E$15,Fact_PreSortWeights!$C$2:$C$15,$A267,Fact_PreSortWeights!$B$2:$B$15,$B267,Fact_PreSortWeights!$F$2:$F$15,$C267))+(SUMIFS(Fact_SortedWeights!$E$2:$E$6,Fact_SortedWeights!$C$2:$C$6,$A267,Fact_SortedWeights!$B$2:$B$6,$B267,Fact_SortedWeights!$D$2:$D$6,$C267,Fact_SortedWeights!$L$2:$L$6,"Yes"))+IF((SUMIFS(Fact_SortedWeights!$E$2:$E$6,Fact_SortedWeights!$C$2:$C$6,$A267,Fact_SortedWeights!$B$2:$B$6,$B267,Fact_SortedWeights!$L$2:$L$6,"No"))=0,0,(SUMIFS(Fact_SortedWeights!$E$2:$E$6,Fact_SortedWeights!$C$2:$C$6,$A267,Fact_SortedWeights!$B$2:$B$6,$B267,Fact_SortedWeights!$D$2:$D$6,$C267,Fact_SortedWeights!$L$2:$L$6,"No"))/(SUMIFS(Fact_SortedWeights!$E$2:$E$6,Fact_SortedWeights!$C$2:$C$6,$A267,Fact_SortedWeights!$B$2:$B$6,$B267,Fact_SortedWeights!$L$2:$L$6,"No"))*((SUMIFS(Fact_PreSortWeights!$E$2:$E$15,Fact_PreSortWeights!$C$2:$C$15,$A267,Fact_PreSortWeights!$B$2:$B$15,$B267,Fact_PreSortWeights!$F$2:$F$15,""))-(SUMIFS(Fact_SortedWeights!$E$2:$E$6,Fact_SortedWeights!$C$2:$C$6,$A267,Fact_SortedWeights!$B$2:$B$6,$B267,Fact_SortedWeights!$L$2:$L$6,"Yes")))) -> 0 | G267: =IF(AND(IF($B267="Trash",INDEX('Materials Master'!$F$2:$F$27,MATCH($C267,'Materials Master'!$A$2:$A$27,0)),IF($B267="GMPC Recycling",INDEX('Materials Master'!$G$2:$G$27,MATCH($C267,'Materials Master'!$A$2:$A$27,0)),IF($B267="Organics Recycling",INDEX('Materials Master'!$H$2:$H$27,MATCH($C267,'Materials Master'!$A$2:$A$27,0)),IF($B267="Cardboard Recycling",INDEX('Materials Master'!$I$2:$I$27,MATCH($C267,'Materials Master'!$A$2:$A$27,0)),IF($B267="Paper Recycling",INDEX('Materials Master'!$J$2:$J$27,MATCH($C267,'Materials Master'!$A$2:$A$27,0)),IF($B267="Terracycle",INDEX('Materials Master'!$K$2:$K$27,MATCH($C267,'Materials Master'!$A$2:$A$27,0)),"No"))))))="Yes",INDEX('Materials Master'!$E$2:$E$27,MATCH($C267,'Materials Master'!$A$2:$A$27,0))="Yes",$B267<>"Trash"),1,0) -> 1 | H267: =INDEX('Materials Master'!$E$2:$E$27,MATCH($C267,'Materials Master'!$A$2:$A$27,0)) -> Yes | I267: =IFERROR(INDEX(Areas!$C$2:$C$6,MATCH($A267,Areas!$B$2:$B$6,0)),"") -> BOH | J267: =IF(IF($B267="Trash",INDEX('Materials Master'!$F$2:$F$27,MATCH($C267,'Materials Master'!$A$2:$A$27,0)),IF($B267="GMPC Recycling",INDEX('Materials Master'!$G$2:$G$27,MATCH($C267,'Materials Master'!$A$2:$A$27,0)),IF($B267="Organics Recycling",INDEX('Materials Master'!$H$2:$H$27,MATCH($C267,'Materials Master'!$A$2:$A$27,0)),IF($B267="Cardboard Recycling",INDEX('Materials Master'!$I$2:$I$27,MATCH($C267,'Materials Master'!$A$2:$A$27,0)),IF($B267="Paper Recycling",INDEX('Materials Master'!$J$2:$J$27,MATCH($C267,'Materials Master'!$A$2:$A$27,0)),IF($B267="Terracycle",INDEX('Materials Master'!$K$2:$K$27,MATCH($C267,'Materials Master'!$A$2:$A$27,0)),"No"))))))="Yes",1,0) -> 1
A268: CAFÉ BOH | B268: Paper Recycling | C268: FIB07 | D268: =IFERROR(INDEX('Materials Master'!$B$2:$B$27,MATCH($C268,'Materials Master'!$A$2:$A$27,0)),"") -> Soiled Beverage Cartons | E268: =IFERROR(INDEX('Materials Master'!$C$2:$C$27,MATCH($C268,'Materials Master'!$A$2:$A$27,0)),"") -> Fibers | F268: =(SUMIFS(Fact_PreSortWeights!$E$2:$E$15,Fact_PreSortWeights!$C$2:$C$15,$A268,Fact_PreSortWeights!$B$2:$B$15,$B268,Fact_PreSortWeights!$F$2:$F$15,$C268))+(SUMIFS(Fact_SortedWeights!$E$2:$E$6,Fact_SortedWeights!$C$2:$C$6,$A268,Fact_SortedWeights!$B$2:$B$6,$B268,Fact_SortedWeights!$D$2:$D$6,$C268,Fact_SortedWeights!$L$2:$L$6,"Yes"))+IF((SUMIFS(Fact_SortedWeights!$E$2:$E$6,Fact_SortedWeights!$C$2:$C$6,$A268,Fact_SortedWeights!$B$2:$B$6,$B268,Fact_SortedWeights!$L$2:$L$6,"No"))=0,0,(SUMIFS(Fact_SortedWeights!$E$2:$E$6,Fact_SortedWeights!$C$2:$C$6,$A268,Fact_SortedWeights!$B$2:$B$6,$B268,Fact_SortedWeights!$D$2:$D$6,$C268,Fact_SortedWeights!$L$2:$L$6,"No"))/(SUMIFS(Fact_SortedWeights!$E$2:$E$6,Fact_SortedWeights!$C$2:$C$6,$A268,Fact_SortedWeights!$B$2:$B$6,$B268,Fact_SortedWeights!$L$2:$L$6,"No"))*((SUMIFS(Fact_PreSortWeights!$E$2:$E$15,Fact_PreSortWeights!$C$2:$C$15,$A268,Fact_PreSortWeights!$B$2:$B$15,$B268,Fact_PreSortWeights!$F$2:$F$15,""))-(SUMIFS(Fact_SortedWeights!$E$2:$E$6,Fact_SortedWeights!$C$2:$C$6,$A268,Fact_SortedWeights!$B$2:$B$6,$B268,Fact_SortedWeights!$L$2:$L$6,"Yes")))) -> 0 | G268: =IF(AND(IF($B268="Trash",INDEX('Materials Master'!$F$2:$F$27,MATCH($C268,'Materials Master'!$A$2:$A$27,0)),IF($B268="GMPC Recycling",INDEX('Materials Master'!$G$2:$G$27,MATCH($C268,'Materials Master'!$A$2:$A$27,0)),IF($B268="Organics Recycling",INDEX('Materials Master'!$H$2:$H$27,MATCH($C268,'Materials Master'!$A$2:$A$27,0)),IF($B268="Cardboard Recycling",INDEX('Materials Master'!$I$2:$I$27,MATCH($C268,'Materials Master'!$A$2:$A$27,0)),IF($B268="Paper Recycling",INDEX('Materials Master'!$J$2:$J$27,MATCH($C268,'Materials Master'!$A$2:$A$27,0)),IF($B268="Terracycle",INDEX('Materials Master'!$K$2:$K$27,MATCH($C268,'Materials Master'!$A$2:$A$27,0)),"No"))))))="Yes",INDEX('Materials Master'!$E$2:$E$27,MATCH($C268,'Materials Master'!$A$2:$A$27,0))="Yes",$B268<>"Trash"),1,0) -> 0 | H268: =INDEX('Materials Master'!$E$2:$E$27,MATCH($C268,'Materials Master'!$A$2:$A$27,0)) -> No | I268: =IFERROR(INDEX(Areas!$C$2:$C$6,MATCH($A268,Areas!$B$2:$B$6,0)),"") -> BOH | J268: =IF(IF($B268="Trash",INDEX('Materials Master'!$F$2:$F$27,MATCH($C268,'Materials Master'!$A$2:$A$27,0)),IF($B268="GMPC Recycling",INDEX('Materials Master'!$G$2:$G$27,MATCH($C268,'Materials Master'!$A$2:$A$27,0)),IF($B268="Organics Recycling",INDEX('Materials Master'!$H$2:$H$27,MATCH($C268,'Materials Master'!$A$2:$A$27,0)),IF($B268="Cardboard Recycling",INDEX('Materials Master'!$I$2:$I$27,MATCH($C268,'Materials Master'!$A$2:$A$27,0)),IF($B268="Paper Recycling",INDEX('Materials Master'!$J$2:$J$27,MATCH($C268,'Materials Master'!$A$2:$A$27,0)),IF($B268="Terracycle",INDEX('Materials Master'!$K$2:$K$27,MATCH($C268,'Materials Master'!$A$2:$A$27,0)),"No"))))))="Yes",1,0) -> 0
A269: CAFÉ BOH | B269: Paper Recycling | C269: FIB08 | D269: =IFERROR(INDEX('Materials Master'!$B$2:$B$27,MATCH($C269,'Materials Master'!$A$2:$A$27,0)),"") -> Paper Cups / Other Coated Paper Containers | E269: =IFERROR(INDEX('Materials Master'!$C$2:$C$27,MATCH($C269,'Materials Master'!$A$2:$A$27,0)),"") -> Fibers | F269: =(SUMIFS(Fact_PreSortWeights!$E$2:$E$15,Fact_PreSortWeights!$C$2:$C$15,$A269,Fact_PreSortWeights!$B$2:$B$15,$B269,Fact_PreSortWeights!$F$2:$F$15,$C269))+(SUMIFS(Fact_SortedWeights!$E$2:$E$6,Fact_SortedWeights!$C$2:$C$6,$A269,Fact_SortedWeights!$B$2:$B$6,$B269,Fact_SortedWeights!$D$2:$D$6,$C269,Fact_SortedWeights!$L$2:$L$6,"Yes"))+IF((SUMIFS(Fact_SortedWeights!$E$2:$E$6,Fact_SortedWeights!$C$2:$C$6,$A269,Fact_SortedWeights!$B$2:$B$6,$B269,Fact_SortedWeights!$L$2:$L$6,"No"))=0,0,(SUMIFS(Fact_SortedWeights!$E$2:$E$6,Fact_SortedWeights!$C$2:$C$6,$A269,Fact_SortedWeights!$B$2:$B$6,$B269,Fact_SortedWeights!$D$2:$D$6,$C269,Fact_SortedWeights!$L$2:$L$6,"No"))/(SUMIFS(Fact_SortedWeights!$E$2:$E$6,Fact_SortedWeights!$C$2:$C$6,$A269,Fact_SortedWeights!$B$2:$B$6,$B269,Fact_SortedWeights!$L$2:$L$6,"No"))*((SUMIFS(Fact_PreSortWeights!$E$2:$E$15,Fact_PreSortWeights!$C$2:$C$15,$A269,Fact_PreSortWeights!$B$2:$B$15,$B269,Fact_PreSortWeights!$F$2:$F$15,""))-(SUMIFS(Fact_SortedWeights!$E$2:$E$6,Fact_SortedWeights!$C$2:$C$6,$A269,Fact_SortedWeights!$B$2:$B$6,$B269,Fact_SortedWeights!$L$2:$L$6,"Yes")))) -> 0 | G269: =IF(AND(IF($B269="Trash",INDEX('Materials Master'!$F$2:$F$27,MATCH($C269,'Materials Master'!$A$2:$A$27,0)),IF($B269="GMPC Recycling",INDEX('Materials Master'!$G$2:$G$27,MATCH($C269,'Materials Master'!$A$2:$A$27,0)),IF($B269="Organics Recycling",INDEX('Materials Master'!$H$2:$H$27,MATCH($C269,'Materials Master'!$A$2:$A$27,0)),IF($B269="Cardboard Recycling",INDEX('Materials Master'!$I$2:$I$27,MATCH($C269,'Materials Master'!$A$2:$A$27,0)),IF($B269="Paper Recycling",INDEX('Materials Master'!$J$2:$J$27,MATCH($C269,'Materials Master'!$A$2:$A$27,0)),IF($B269="Terracycle",INDEX('Materials Master'!$K$2:$K$27,MATCH($C269,'Materials Master'!$A$2:$A$27,0)),"No"))))))="Yes",INDEX('Materials Master'!$E$2:$E$27,MATCH($C269,'Materials Master'!$A$2:$A$27,0))="Yes",$B269<>"Trash"),1,0) -> 0 | H269: =INDEX('Materials Master'!$E$2:$E$27,MATCH($C269,'Materials Master'!$A$2:$A$27,0)) -> No | I269: =IFERROR(INDEX(Areas!$C$2:$C$6,MATCH($A269,Areas!$B$2:$B$6,0)),"") -> BOH | J269: =IF(IF($B269="Trash",INDEX('Materials Master'!$F$2:$F$27,MATCH($C269,'Materials Master'!$A$2:$A$27,0)),IF($B269="GMPC Recycling",INDEX('Materials Master'!$G$2:$G$27,MATCH($C269,'Materials Master'!$A$2:$A$27,0)),IF($B269="Organics Recycling",INDEX('Materials Master'!$H$2:$H$27,MATCH($C269,'Materials Master'!$A$2:$A$27,0)),IF($B269="Cardboard Recycling",INDEX('Materials Master'!$I$2:$I$27,MATCH($C269,'Materials Master'!$A$2:$A$27,0)),IF($B269="Paper Recycling",INDEX('Materials Master'!$J$2:$J$27,MATCH($C269,'Materials Master'!$A$2:$A$27,0)),IF($B269="Terracycle",INDEX('Materials Master'!$K$2:$K$27,MATCH($C269,'Materials Master'!$A$2:$A$27,0)),"No"))))))="Yes",1,0) -> 0
A270: CAFÉ BOH | B270: Paper Recycling | C270: GLA01 | D270: =IFERROR(INDEX('Materials Master'!$B$2:$B$27,MATCH($C270,'Materials Master'!$A$2:$A$27,0)),"") -> Glass Bottles & Jars | E270: =IFERROR(INDEX('Materials Master'!$C$2:$C$27,MATCH($C270,'Materials Master'!$A$2:$A$27,0)),"") -> Glass | F270: =(SUMIFS(Fact_PreSortWeights!$E$2:$E$15,Fact_PreSortWeights!$C$2:$C$15,$A270,Fact_PreSortWeights!$B$2:$B$15,$B270,Fact_PreSortWeights!$F$2:$F$15,$C270))+(SUMIFS(Fact_SortedWeights!$E$2:$E$6,Fact_SortedWeights!$C$2:$C$6,$A270,Fact_SortedWeights!$B$2:$B$6,$B270,Fact_SortedWeights!$D$2:$D$6,$C270,Fact_SortedWeights!$L$2:$L$6,"Yes"))+IF((SUMIFS(Fact_SortedWeights!$E$2:$E$6,Fact_SortedWeights!$C$2:$C$6,$A270,Fact_SortedWeights!$B$2:$B$6,$B270,Fact_SortedWeights!$L$2:$L$6,"No"))=0,0,(SUMIFS(Fact_SortedWeights!$E$2:$E$6,Fact_SortedWeights!$C$2:$C$6,$A270,Fact_SortedWeights!$B$2:$B$6,$B270,Fact_SortedWeights!$D$2:$D$6,$C270,Fact_SortedWeights!$L$2:$L$6,"No"))/(SUMIFS(Fact_SortedWeights!$E$2:$E$6,Fact_SortedWeights!$C$2:$C$6,$A270,Fact_SortedWeights!$B$2:$B$6,$B270,Fact_SortedWeights!$L$2:$L$6,"No"))*((SUMIFS(Fact_PreSortWeights!$E$2:$E$15,Fact_PreSortWeights!$C$2:$C$15,$A270,Fact_PreSortWeights!$B$2:$B$15,$B270,Fact_PreSortWeights!$F$2:$F$15,""))-(SUMIFS(Fact_SortedWeights!$E$2:$E$6,Fact_SortedWeights!$C$2:$C$6,$A270,Fact_SortedWeights!$B$2:$B$6,$B270,Fact_SortedWeights!$L$2:$L$6,"Yes")))) -> 0 | G270: =IF(AND(IF($B270="Trash",INDEX('Materials Master'!$F$2:$F$27,MATCH($C270,'Materials Master'!$A$2:$A$27,0)),IF($B270="GMPC Recycling",INDEX('Materials Master'!$G$2:$G$27,MATCH($C270,'Materials Master'!$A$2:$A$27,0)),IF($B270="Organics Recycling",INDEX('Materials Master'!$H$2:$H$27,MATCH($C270,'Materials Master'!$A$2:$A$27,0)),IF($B270="Cardboard Recycling",INDEX('Materials Master'!$I$2:$I$27,MATCH($C270,'Materials Master'!$A$2:$A$27,0)),IF($B270="Paper Recycling",INDEX('Materials Master'!$J$2:$J$27,MATCH($C270,'Materials Master'!$A$2:$A$27,0)),IF($B270="Terracycle",INDEX('Materials Master'!$K$2:$K$27,MATCH($C270,'Materials Master'!$A$2:$A$27,0)),"No"))))))="Yes",INDEX('Materials Master'!$E$2:$E$27,MATCH($C270,'Materials Master'!$A$2:$A$27,0))="Yes",$B270<>"Trash"),1,0) -> 1 | H270: =INDEX('Materials Master'!$E$2:$E$27,MATCH($C270,'Materials Master'!$A$2:$A$27,0)) -> Yes | I270: =IFERROR(INDEX(Areas!$C$2:$C$6,MATCH($A270,Areas!$B$2:$B$6,0)),"") -> BOH | J270: =IF(IF($B270="Trash",INDEX('Materials Master'!$F$2:$F$27,MATCH($C270,'Materials Master'!$A$2:$A$27,0)),IF($B270="GMPC Recycling",INDEX('Materials Master'!$G$2:$G$27,MATCH($C270,'Materials Master'!$A$2:$A$27,0)),IF($B270="Organics Recycling",INDEX('Materials Master'!$H$2:$H$27,MATCH($C270,'Materials Master'!$A$2:$A$27,0)),IF($B270="Cardboard Recycling",INDEX('Materials Master'!$I$2:$I$27,MATCH($C270,'Materials Master'!$A$2:$A$27,0)),IF($B270="Paper Recycling",INDEX('Materials Master'!$J$2:$J$27,MATCH($C270,'Materials Master'!$A$2:$A$27,0)),IF($B270="Terracycle",INDEX('Materials Master'!$K$2:$K$27,MATCH($C270,'Materials Master'!$A$2:$A$27,0)),"No"))))))="Yes",1,0) -> 1
A271: CAFÉ BOH | B271: Paper Recycling | C271: GLA02 | D271: =IFERROR(INDEX('Materials Master'!$B$2:$B$27,MATCH($C271,'Materials Master'!$A$2:$A$27,0)),"") -> Soiled Glass | E271: =IFERROR(INDEX('Materials Master'!$C$2:$C$27,MATCH($C271,'Materials Master'!$A$2:$A$27,0)),"") -> Glass | F271: =(SUMIFS(Fact_PreSortWeights!$E$2:$E$15,Fact_PreSortWeights!$C$2:$C$15,$A271,Fact_PreSortWeights!$B$2:$B$15,$B271,Fact_PreSortWeights!$F$2:$F$15,$C271))+(SUMIFS(Fact_SortedWeights!$E$2:$E$6,Fact_SortedWeights!$C$2:$C$6,$A271,Fact_SortedWeights!$B$2:$B$6,$B271,Fact_SortedWeights!$D$2:$D$6,$C271,Fact_SortedWeights!$L$2:$L$6,"Yes"))+IF((SUMIFS(Fact_SortedWeights!$E$2:$E$6,Fact_SortedWeights!$C$2:$C$6,$A271,Fact_SortedWeights!$B$2:$B$6,$B271,Fact_SortedWeights!$L$2:$L$6,"No"))=0,0,(SUMIFS(Fact_SortedWeights!$E$2:$E$6,Fact_SortedWeights!$C$2:$C$6,$A271,Fact_SortedWeights!$B$2:$B$6,$B271,Fact_SortedWeights!$D$2:$D$6,$C271,Fact_SortedWeights!$L$2:$L$6,"No"))/(SUMIFS(Fact_SortedWeights!$E$2:$E$6,Fact_SortedWeights!$C$2:$C$6,$A271,Fact_SortedWeights!$B$2:$B$6,$B271,Fact_SortedWeights!$L$2:$L$6,"No"))*((SUMIFS(Fact_PreSortWeights!$E$2:$E$15,Fact_PreSortWeights!$C$2:$C$15,$A271,Fact_PreSortWeights!$B$2:$B$15,$B271,Fact_PreSortWeights!$F$2:$F$15,""))-(SUMIFS(Fact_SortedWeights!$E$2:$E$6,Fact_SortedWeights!$C$2:$C$6,$A271,Fact_SortedWeights!$B$2:$B$6,$B271,Fact_SortedWeights!$L$2:$L$6,"Yes")))) -> 0 | G271: =IF(AND(IF($B271="Trash",INDEX('Materials Master'!$F$2:$F$27,MATCH($C271,'Materials Master'!$A$2:$A$27,0)),IF($B271="GMPC Recycling",INDEX('Materials Master'!$G$2:$G$27,MATCH($C271,'Materials Master'!$A$2:$A$27,0)),IF($B271="Organics Recycling",INDEX('Materials Master'!$H$2:$H$27,MATCH($C271,'Materials Master'!$A$2:$A$27,0)),IF($B271="Cardboard Recycling",INDEX('Materials Master'!$I$2:$I$27,MATCH($C271,'Materials Master'!$A$2:$A$27,0)),IF($B271="Paper Recycling",INDEX('Materials Master'!$J$2:$J$27,MATCH($C271,'Materials Master'!$A$2:$A$27,0)),IF($B271="Terracycle",INDEX('Materials Master'!$K$2:$K$27,MATCH($C271,'Materials Master'!$A$2:$A$27,0)),"No"))))))="Yes",INDEX('Materials Master'!$E$2:$E$27,MATCH($C271,'Materials Master'!$A$2:$A$27,0))="Yes",$B271<>"Trash"),1,0) -> 0 | H271: =INDEX('Materials Master'!$E$2:$E$27,MATCH($C271,'Materials Master'!$A$2:$A$27,0)) -> No | I271: =IFERROR(INDEX(Areas!$C$2:$C$6,MATCH($A271,Areas!$B$2:$B$6,0)),"") -> BOH | J271: =IF(IF($B271="Trash",INDEX('Materials Master'!$F$2:$F$27,MATCH($C271,'Materials Master'!$A$2:$A$27,0)),IF($B271="GMPC Recycling",INDEX('Materials Master'!$G$2:$G$27,MATCH($C271,'Materials Master'!$A$2:$A$27,0)),IF($B271="Organics Recycling",INDEX('Materials Master'!$H$2:$H$27,MATCH($C271,'Materials Master'!$A$2:$A$27,0)),IF($B271="Cardboard Recycling",INDEX('Materials Master'!$I$2:$I$27,MATCH($C271,'Materials Master'!$A$2:$A$27,0)),IF($B271="Paper Recycling",INDEX('Materials Master'!$J$2:$J$27,MATCH($C271,'Materials Master'!$A$2:$A$27,0)),IF($B271="Terracycle",INDEX('Materials Master'!$K$2:$K$27,MATCH($C271,'Materials Master'!$A$2:$A$27,0)),"No"))))))="Yes",1,0) -> 0
A272: CAFÉ BOH | B272: Paper Recycling | C272: MET01 | D272: =IFERROR(INDEX('Materials Master'!$B$2:$B$27,MATCH($C272,'Materials Master'!$A$2:$A$27,0)),"") -> Aluminum & Bi-Metal Containers | E272: =IFERROR(INDEX('Materials Master'!$C$2:$C$27,MATCH($C272,'Materials Master'!$A$2:$A$27,0)),"") -> Metals | F272: =(SUMIFS(Fact_PreSortWeights!$E$2:$E$15,Fact_PreSortWeights!$C$2:$C$15,$A272,Fact_PreSortWeights!$B$2:$B$15,$B272,Fact_PreSortWeights!$F$2:$F$15,$C272))+(SUMIFS(Fact_SortedWeights!$E$2:$E$6,Fact_SortedWeights!$C$2:$C$6,$A272,Fact_SortedWeights!$B$2:$B$6,$B272,Fact_SortedWeights!$D$2:$D$6,$C272,Fact_SortedWeights!$L$2:$L$6,"Yes"))+IF((SUMIFS(Fact_SortedWeights!$E$2:$E$6,Fact_SortedWeights!$C$2:$C$6,$A272,Fact_SortedWeights!$B$2:$B$6,$B272,Fact_SortedWeights!$L$2:$L$6,"No"))=0,0,(SUMIFS(Fact_SortedWeights!$E$2:$E$6,Fact_SortedWeights!$C$2:$C$6,$A272,Fact_SortedWeights!$B$2:$B$6,$B272,Fact_SortedWeights!$D$2:$D$6,$C272,Fact_SortedWeights!$L$2:$L$6,"No"))/(SUMIFS(Fact_SortedWeights!$E$2:$E$6,Fact_SortedWeights!$C$2:$C$6,$A272,Fact_SortedWeights!$B$2:$B$6,$B272,Fact_SortedWeights!$L$2:$L$6,"No"))*((SUMIFS(Fact_PreSortWeights!$E$2:$E$15,Fact_PreSortWeights!$C$2:$C$15,$A272,Fact_PreSortWeights!$B$2:$B$15,$B272,Fact_PreSortWeights!$F$2:$F$15,""))-(SUMIFS(Fact_SortedWeights!$E$2:$E$6,Fact_SortedWeights!$C$2:$C$6,$A272,Fact_SortedWeights!$B$2:$B$6,$B272,Fact_SortedWeights!$L$2:$L$6,"Yes")))) -> 0 | G272: =IF(AND(IF($B272="Trash",INDEX('Materials Master'!$F$2:$F$27,MATCH($C272,'Materials Master'!$A$2:$A$27,0)),IF($B272="GMPC Recycling",INDEX('Materials Master'!$G$2:$G$27,MATCH($C272,'Materials Master'!$A$2:$A$27,0)),IF($B272="Organics Recycling",INDEX('Materials Master'!$H$2:$H$27,MATCH($C272,'Materials Master'!$A$2:$A$27,0)),IF($B272="Cardboard Recycling",INDEX('Materials Master'!$I$2:$I$27,MATCH($C272,'Materials Master'!$A$2:$A$27,0)),IF($B272="Paper Recycling",INDEX('Materials Master'!$J$2:$J$27,MATCH($C272,'Materials Master'!$A$2:$A$27,0)),IF($B272="Terracycle",INDEX('Materials Master'!$K$2:$K$27,MATCH($C272,'Materials Master'!$A$2:$A$27,0)),"No"))))))="Yes",INDEX('Materials Master'!$E$2:$E$27,MATCH($C272,'Materials Master'!$A$2:$A$27,0))="Yes",$B272<>"Trash"),1,0) -> 1 | H272: =INDEX('Materials Master'!$E$2:$E$27,MATCH($C272,'Materials Master'!$A$2:$A$27,0)) -> Yes | I272: =IFERROR(INDEX(Areas!$C$2:$C$6,MATCH($A272,Areas!$B$2:$B$6,0)),"") -> BOH | J272: =IF(IF($B272="Trash",INDEX('Materials Master'!$F$2:$F$27,MATCH($C272,'Materials Master'!$A$2:$A$27,0)),IF($B272="GMPC Recycling",INDEX('Materials Master'!$G$2:$G$27,MATCH($C272,'Materials Master'!$A$2:$A$27,0)),IF($B272="Organics Recycling",INDEX('Materials Master'!$H$2:$H$27,MATCH($C272,'Materials Master'!$A$2:$A$27,0)),IF($B272="Cardboard Recycling",INDEX('Materials Master'!$I$2:$I$27,MATCH($C272,'Materials Master'!$A$2:$A$27,0)),IF($B272="Paper Recycling",INDEX('Materials Master'!$J$2:$J$27,MATCH($C272,'Materials Master'!$A$2:$A$27,0)),IF($B272="Terracycle",INDEX('Materials Master'!$K$2:$K$27,MATCH($C272,'Materials Master'!$A$2:$A$27,0)),"No"))))))="Yes",1,0) -> 1
A273: CAFÉ BOH | B273: Paper Recycling | C273: MET02 | D273: =IFERROR(INDEX('Materials Master'!$B$2:$B$27,MATCH($C273,'Materials Master'!$A$2:$A$27,0)),"") -> Soiled Metals | E273: =IFERROR(INDEX('Materials Master'!$C$2:$C$27,MATCH($C273,'Materials Master'!$A$2:$A$27,0)),"") -> Metals | F273: =(SUMIFS(Fact_PreSortWeights!$E$2:$E$15,Fact_PreSortWeights!$C$2:$C$15,$A273,Fact_PreSortWeights!$B$2:$B$15,$B273,Fact_PreSortWeights!$F$2:$F$15,$C273))+(SUMIFS(Fact_SortedWeights!$E$2:$E$6,Fact_SortedWeights!$C$2:$C$6,$A273,Fact_SortedWeights!$B$2:$B$6,$B273,Fact_SortedWeights!$D$2:$D$6,$C273,Fact_SortedWeights!$L$2:$L$6,"Yes"))+IF((SUMIFS(Fact_SortedWeights!$E$2:$E$6,Fact_SortedWeights!$C$2:$C$6,$A273,Fact_SortedWeights!$B$2:$B$6,$B273,Fact_SortedWeights!$L$2:$L$6,"No"))=0,0,(SUMIFS(Fact_SortedWeights!$E$2:$E$6,Fact_SortedWeights!$C$2:$C$6,$A273,Fact_SortedWeights!$B$2:$B$6,$B273,Fact_SortedWeights!$D$2:$D$6,$C273,Fact_SortedWeights!$L$2:$L$6,"No"))/(SUMIFS(Fact_SortedWeights!$E$2:$E$6,Fact_SortedWeights!$C$2:$C$6,$A273,Fact_SortedWeights!$B$2:$B$6,$B273,Fact_SortedWeights!$L$2:$L$6,"No"))*((SUMIFS(Fact_PreSortWeights!$E$2:$E$15,Fact_PreSortWeights!$C$2:$C$15,$A273,Fact_PreSortWeights!$B$2:$B$15,$B273,Fact_PreSortWeights!$F$2:$F$15,""))-(SUMIFS(Fact_SortedWeights!$E$2:$E$6,Fact_SortedWeights!$C$2:$C$6,$A273,Fact_SortedWeights!$B$2:$B$6,$B273,Fact_SortedWeights!$L$2:$L$6,"Yes")))) -> 0 | G273: =IF(AND(IF($B273="Trash",INDEX('Materials Master'!$F$2:$F$27,MATCH($C273,'Materials Master'!$A$2:$A$27,0)),IF($B273="GMPC Recycling",INDEX('Materials Master'!$G$2:$G$27,MATCH($C273,'Materials Master'!$A$2:$A$27,0)),IF($B273="Organics Recycling",INDEX('Materials Master'!$H$2:$H$27,MATCH($C273,'Materials Master'!$A$2:$A$27,0)),IF($B273="Cardboard Recycling",INDEX('Materials Master'!$I$2:$I$27,MATCH($C273,'Materials Master'!$A$2:$A$27,0)),IF($B273="Paper Recycling",INDEX('Materials Master'!$J$2:$J$27,MATCH($C273,'Materials Master'!$A$2:$A$27,0)),IF($B273="Terracycle",INDEX('Materials Master'!$K$2:$K$27,MATCH($C273,'Materials Master'!$A$2:$A$27,0)),"No"))))))="Yes",INDEX('Materials Master'!$E$2:$E$27,MATCH($C273,'Materials Master'!$A$2:$A$27,0))="Yes",$B273<>"Trash"),1,0) -> 0 | H273: =INDEX('Materials Master'!$E$2:$E$27,MATCH($C273,'Materials Master'!$A$2:$A$27,0)) -> No | I273: =IFERROR(INDEX(Areas!$C$2:$C$6,MATCH($A273,Areas!$B$2:$B$6,0)),"") -> BOH | J273: =IF(IF($B273="Trash",INDEX('Materials Master'!$F$2:$F$27,MATCH($C273,'Materials Master'!$A$2:$A$27,0)),IF($B273="GMPC Recycling",INDEX('Materials Master'!$G$2:$G$27,MATCH($C273,'Materials Master'!$A$2:$A$27,0)),IF($B273="Organics Recycling",INDEX('Materials Master'!$H$2:$H$27,MATCH($C273,'Materials Master'!$A$2:$A$27,0)),IF($B273="Cardboard Recycling",INDEX('Materials Master'!$I$2:$I$27,MATCH($C273,'Materials Master'!$A$2:$A$27,0)),IF($B273="Paper Recycling",INDEX('Materials Master'!$J$2:$J$27,MATCH($C273,'Materials Master'!$A$2:$A$27,0)),IF($B273="Terracycle",INDEX('Materials Master'!$K$2:$K$27,MATCH($C273,'Materials Master'!$A$2:$A$27,0)),"No"))))))="Yes",1,0) -> 0
... A391: LOCATION C | B391: Organics Recycling | C391: OTH02 | D391: =IFERROR(INDEX('Materials Master'!$B$2:$B$27,MATCH($C391,'Materials Master'!$A$2:$A$27,0)),"") -> Other/Residual Materials | E391: =IFERROR(INDEX('Materials Master'!$C$2:$C$27,MATCH($C391,'Materials Master'!$A$2:$A$27,0)),"") -> Other | F391: =(SUMIFS(Fact_PreSortWeights!$E$2:$E$15,Fact_PreSortWeights!$C$2:$C$15,$A391,Fact_PreSortWeights!$B$2:$B$15,$B391,Fact_PreSortWeights!$F$2:$F$15,$C391))+(SUMIFS(Fact_SortedWeights!$E$2:$E$6,Fact_SortedWeights!$C$2:$C$6,$A391,Fact_SortedWeights!$B$2:$B$6,$B391,Fact_SortedWeights!$D$2:$D$6,$C391,Fact_SortedWeights!$L$2:$L$6,"Yes"))+IF((SUMIFS(Fact_SortedWeights!$E$2:$E$6,Fact_SortedWeights!$C$2:$C$6,$A391,Fact_SortedWeights!$B$2:$B$6,$B391,Fact_SortedWeights!$L$2:$L$6,"No"))=0,0,(SUMIFS(Fact_SortedWeights!$E$2:$E$6,Fact_SortedWeights!$C$2:$C$6,$A391,Fact_SortedWeights!$B$2:$B$6,$B391,Fact_SortedWeights!$D$2:$D$6,$C391,Fact_SortedWeights!$L$2:$L$6,"No"))/(SUMIFS(Fact_SortedWeights!$E$2:$E$6,Fact_SortedWeights!$C$2:$C$6,$A391,Fact_SortedWeights!$B$2:$B$6,$B391,Fact_SortedWeights!$L$2:$L$6,"No"))*((SUMIFS(Fact_PreSortWeights!$E$2:$E$15,Fact_PreSortWeights!$C$2:$C$15,$A391,Fact_PreSortWeights!$B$2:$B$15,$B391,Fact_PreSortWeights!$F$2:$F$15,""))-(SUMIFS(Fact_SortedWeights!$E$2:$E$6,Fact_SortedWeights!$C$2:$C$6,$A391,Fact_SortedWeights!$B$2:$B$6,$B391,Fact_SortedWeights!$L$2:$L$6,"Yes")))) -> 0 | G391: =IF(AND(IF($B391="Trash",INDEX('Materials Master'!$F$2:$F$27,MATCH($C391,'Materials Master'!$A$2:$A$27,0)),IF($B391="GMPC Recycling",INDEX('Materials Master'!$G$2:$G$27,MATCH($C391,'Materials Master'!$A$2:$A$27,0)),IF($B391="Organics Recycling",INDEX('Materials Master'!$H$2:$H$27,MATCH($C391,'Materials Master'!$A$2:$A$27,0)),IF($B391="Cardboard Recycling",INDEX('Materials Master'!$I$2:$I$27,MATCH($C391,'Materials Master'!$A$2:$A$27,0)),IF($B391="Paper Recycling",INDEX('Materials Master'!$J$2:$J$27,MATCH($C391,'Materials Master'!$A$2:$A$27,0)),IF($B391="Terracycle",INDEX('Materials Master'!$K$2:$K$27,MATCH($C391,'Materials Master'!$A$2:$A$27,0)),"No"))))))="Yes",INDEX('Materials Master'!$E$2:$E$27,MATCH($C391,'Materials Master'!$A$2:$A$27,0))="Yes",$B391<>"Trash"),1,0) -> 0 | H391: =INDEX('Materials Master'!$E$2:$E$27,MATCH($C391,'Materials Master'!$A$2:$A$27,0)) -> No | I391: =IFERROR(INDEX(Areas!$C$2:$C$6,MATCH($A391,Areas!$B$2:$B$6,0)),"") -> Rest of Building | J391: =IF(IF($B391="Trash",INDEX('Materials Master'!$F$2:$F$27,MATCH($C391,'Materials Master'!$A$2:$A$27,0)),IF($B391="GMPC Recycling",INDEX('Materials Master'!$G$2:$G$27,MATCH($C391,'Materials Master'!$A$2:$A$27,0)),IF($B391="Organics Recycling",INDEX('Materials Master'!$H$2:$H$27,MATCH($C391,'Materials Master'!$A$2:$A$27,0)),IF($B391="Cardboard Recycling",INDEX('Materials Master'!$I$2:$I$27,MATCH($C391,'Materials Master'!$A$2:$A$27,0)),IF($B391="Paper Recycling",INDEX('Materials Master'!$J$2:$J$27,MATCH($C391,'Materials Master'!$A$2:$A$27,0)),IF($B391="Terracycle",INDEX('Materials Master'!$K$2:$K$27,MATCH($C391,'Materials Master'!$A$2:$A$27,0)),"No"))))))="Yes",1,0) -> 0
A392: LOCATION C | B392: Cardboard Recycling | C392: FIB01 | D392: =IFERROR(INDEX('Materials Master'!$B$2:$B$27,MATCH($C392,'Materials Master'!$A$2:$A$27,0)),"") -> Corrugated Cardboard | E392: =IFERROR(INDEX('Materials Master'!$C$2:$C$27,MATCH($C392,'Materials Master'!$A$2:$A$27,0)),"") -> Fibers | F392: =SUMIFS(Fact_SortedWeights!$E$2:$E$6,Fact_SortedWeights!$C$2:$C$6,$A392,Fact_SortedWeights!$B$2:$B$6,$B392,Fact_SortedWeights!$D$2:$D$6,$C392) -> 0 | G392: =IF(AND(IF($B392="Trash",INDEX('Materials Master'!$F$2:$F$27,MATCH($C392,'Materials Master'!$A$2:$A$27,0)),IF($B392="GMPC Recycling",INDEX('Materials Master'!$G$2:$G$27,MATCH($C392,'Materials Master'!$A$2:$A$27,0)),IF($B392="Organics Recycling",INDEX('Materials Master'!$H$2:$H$27,MATCH($C392,'Materials Master'!$A$2:$A$27,0)),IF($B392="Cardboard Recycling",INDEX('Materials Master'!$I$2:$I$27,MATCH($C392,'Materials Master'!$A$2:$A$27,0)),IF($B392="Paper Recycling",INDEX('Materials Master'!$J$2:$J$27,MATCH($C392,'Materials Master'!$A$2:$A$27,0)),IF($B392="Terracycle",INDEX('Materials Master'!$K$2:$K$27,MATCH($C392,'Materials Master'!$A$2:$A$27,0)),"No"))))))="Yes",INDEX('Materials Master'!$E$2:$E$27,MATCH($C392,'Materials Master'!$A$2:$A$27,0))="Yes",$B392<>"Trash"),1,0) -> 1 | H392: =INDEX('Materials Master'!$E$2:$E$27,MATCH($C392,'Materials Master'!$A$2:$A$27,0)) -> Yes | I392: =IFERROR(INDEX(Areas!$C$2:$C$6,MATCH($A392,Areas!$B$2:$B$6,0)),"") -> Rest of Building | J392: =IF(IF($B392="Trash",INDEX('Materials Master'!$F$2:$F$27,MATCH($C392,'Materials Master'!$A$2:$A$27,0)),IF($B392="GMPC Recycling",INDEX('Materials Master'!$G$2:$G$27,MATCH($C392,'Materials Master'!$A$2:$A$27,0)),IF($B392="Organics Recycling",INDEX('Materials Master'!$H$2:$H$27,MATCH($C392,'Materials Master'!$A$2:$A$27,0)),IF($B392="Cardboard Recycling",INDEX('Materials Master'!$I$2:$I$27,MATCH($C392,'Materials Master'!$A$2:$A$27,0)),IF($B392="Paper Recycling",INDEX('Materials Master'!$J$2:$J$27,MATCH($C392,'Materials Master'!$A$2:$A$27,0)),IF($B392="Terracycle",INDEX('Materials Master'!$K$2:$K$27,MATCH($C392,'Materials Master'!$A$2:$A$27,0)),"No"))))))="Yes",1,0) -> 1
A393: LOCATION C | B393: Cardboard Recycling | C393: FIB02 | D393: =IFERROR(INDEX('Materials Master'!$B$2:$B$27,MATCH($C393,'Materials Master'!$A$2:$A$27,0)),"") -> Soiled Cardboard | E393: =IFERROR(INDEX('Materials Master'!$C$2:$C$27,MATCH($C393,'Materials Master'!$A$2:$A$27,0)),"") -> Fibers | F393: =SUMIFS(Fact_SortedWeights!$E$2:$E$6,Fact_SortedWeights!$C$2:$C$6,$A393,Fact_SortedWeights!$B$2:$B$6,$B393,Fact_SortedWeights!$D$2:$D$6,$C393) -> 0 | G393: =IF(AND(IF($B393="Trash",INDEX('Materials Master'!$F$2:$F$27,MATCH($C393,'Materials Master'!$A$2:$A$27,0)),IF($B393="GMPC Recycling",INDEX('Materials Master'!$G$2:$G$27,MATCH($C393,'Materials Master'!$A$2:$A$27,0)),IF($B393="Organics Recycling",INDEX('Materials Master'!$H$2:$H$27,MATCH($C393,'Materials Master'!$A$2:$A$27,0)),IF($B393="Cardboard Recycling",INDEX('Materials Master'!$I$2:$I$27,MATCH($C393,'Materials Master'!$A$2:$A$27,0)),IF($B393="Paper Recycling",INDEX('Materials Master'!$J$2:$J$27,MATCH($C393,'Materials Master'!$A$2:$A$27,0)),IF($B393="Terracycle",INDEX('Materials Master'!$K$2:$K$27,MATCH($C393,'Materials Master'!$A$2:$A$27,0)),"No"))))))="Yes",INDEX('Materials Master'!$E$2:$E$27,MATCH($C393,'Materials Master'!$A$2:$A$27,0))="Yes",$B393<>"Trash"),1,0) -> 0 | H393: =INDEX('Materials Master'!$E$2:$E$27,MATCH($C393,'Materials Master'!$A$2:$A$27,0)) -> No | I393: =IFERROR(INDEX(Areas!$C$2:$C$6,MATCH($A393,Areas!$B$2:$B$6,0)),"") -> Rest of Building | J393: =IF(IF($B393="Trash",INDEX('Materials Master'!$F$2:$F$27,MATCH($C393,'Materials Master'!$A$2:$A$27,0)),IF($B393="GMPC Recycling",INDEX('Materials Master'!$G$2:$G$27,MATCH($C393,'Materials Master'!$A$2:$A$27,0)),IF($B393="Organics Recycling",INDEX('Materials Master'!$H$2:$H$27,MATCH($C393,'Materials Master'!$A$2:$A$27,0)),IF($B393="Cardboard Recycling",INDEX('Materials Master'!$I$2:$I$27,MATCH($C393,'Materials Master'!$A$2:$A$27,0)),IF($B393="Paper Recycling",INDEX('Materials Master'!$J$2:$J$27,MATCH($C393,'Materials Master'!$A$2:$A$27,0)),IF($B393="Terracycle",INDEX('Materials Master'!$K$2:$K$27,MATCH($C393,'Materials Master'!$A$2:$A$27,0)),"No"))))))="Yes",1,0) -> 0
A394: LOCATION C | B394: Cardboard Recycling | C394: FIB03 | D394: =IFERROR(INDEX('Materials Master'!$B$2:$B$27,MATCH($C394,'Materials Master'!$A$2:$A$27,0)),"") -> Waxed Cardboard | E394: =IFERROR(INDEX('Materials Master'!$C$2:$C$27,MATCH($C394,'Materials Master'!$A$2:$A$27,0)),"") -> Fibers | F394: =SUMIFS(Fact_SortedWeights!$E$2:$E$6,Fact_SortedWeights!$C$2:$C$6,$A394,Fact_SortedWeights!$B$2:$B$6,$B394,Fact_SortedWeights!$D$2:$D$6,$C394) -> 0 | G394: =IF(AND(IF($B394="Trash",INDEX('Materials Master'!$F$2:$F$27,MATCH($C394,'Materials Master'!$A$2:$A$27,0)),IF($B394="GMPC Recycling",INDEX('Materials Master'!$G$2:$G$27,MATCH($C394,'Materials Master'!$A$2:$A$27,0)),IF($B394="Organics Recycling",INDEX('Materials Master'!$H$2:$H$27,MATCH($C394,'Materials Master'!$A$2:$A$27,0)),IF($B394="Cardboard Recycling",INDEX('Materials Master'!$I$2:$I$27,MATCH($C394,'Materials Master'!$A$2:$A$27,0)),IF($B394="Paper Recycling",INDEX('Materials Master'!$J$2:$J$27,MATCH($C394,'Materials Master'!$A$2:$A$27,0)),IF($B394="Terracycle",INDEX('Materials Master'!$K$2:$K$27,MATCH($C394,'Materials Master'!$A$2:$A$27,0)),"No"))))))="Yes",INDEX('Materials Master'!$E$2:$E$27,MATCH($C394,'Materials Master'!$A$2:$A$27,0))="Yes",$B394<>"Trash"),1,0) -> 0 | H394: =INDEX('Materials Master'!$E$2:$E$27,MATCH($C394,'Materials Master'!$A$2:$A$27,0)) -> No | I394: =IFERROR(INDEX(Areas!$C$2:$C$6,MATCH($A394,Areas!$B$2:$B$6,0)),"") -> Rest of Building | J394: =IF(IF($B394="Trash",INDEX('Materials Master'!$F$2:$F$27,MATCH($C394,'Materials Master'!$A$2:$A$27,0)),IF($B394="GMPC Recycling",INDEX('Materials Master'!$G$2:$G$27,MATCH($C394,'Materials Master'!$A$2:$A$27,0)),IF($B394="Organics Recycling",INDEX('Materials Master'!$H$2:$H$27,MATCH($C394,'Materials Master'!$A$2:$A$27,0)),IF($B394="Cardboard Recycling",INDEX('Materials Master'!$I$2:$I$27,MATCH($C394,'Materials Master'!$A$2:$A$27,0)),IF($B394="Paper Recycling",INDEX('Materials Master'!$J$2:$J$27,MATCH($C394,'Materials Master'!$A$2:$A$27,0)),IF($B394="Terracycle",INDEX('Materials Master'!$K$2:$K$27,MATCH($C394,'Materials Master'!$A$2:$A$27,0)),"No"))))))="Yes",1,0) -> 0
A395: LOCATION C | B395: Cardboard Recycling | C395: FIB04 | D395: =IFERROR(INDEX('Materials Master'!$B$2:$B$27,MATCH($C395,'Materials Master'!$A$2:$A$27,0)),"") -> Mixed Paper | E395: =IFERROR(INDEX('Materials Master'!$C$2:$C$27,MATCH($C395,'Materials Master'!$A$2:$A$27,0)),"") -> Fibers | F395: =SUMIFS(Fact_SortedWeights!$E$2:$E$6,Fact_SortedWeights!$C$2:$C$6,$A395,Fact_SortedWeights!$B$2:$B$6,$B395,Fact_SortedWeights!$D$2:$D$6,$C395) -> 0 | G395: =IF(AND(IF($B395="Trash",INDEX('Materials Master'!$F$2:$F$27,MATCH($C395,'Materials Master'!$A$2:$A$27,0)),IF($B395="GMPC Recycling",INDEX('Materials Master'!$G$2:$G$27,MATCH($C395,'Materials Master'!$A$2:$A$27,0)),IF($B395="Organics Recycling",INDEX('Materials Master'!$H$2:$H$27,MATCH($C395,'Materials Master'!$A$2:$A$27,0)),IF($B395="Cardboard Recycling",INDEX('Materials Master'!$I$2:$I$27,MATCH($C395,'Materials Master'!$A$2:$A$27,0)),IF($B395="Paper Recycling",INDEX('Materials Master'!$J$2:$J$27,MATCH($C395,'Materials Master'!$A$2:$A$27,0)),IF($B395="Terracycle",INDEX('Materials Master'!$K$2:$K$27,MATCH($C395,'Materials Master'!$A$2:$A$27,0)),"No"))))))="Yes",INDEX('Materials Master'!$E$2:$E$27,MATCH($C395,'Materials Master'!$A$2:$A$27,0))="Yes",$B395<>"Trash"),1,0) -> 0 | H395: =INDEX('Materials Master'!$E$2:$E$27,MATCH($C395,'Materials Master'!$A$2:$A$27,0)) -> Yes | I395: =IFERROR(INDEX(Areas!$C$2:$C$6,MATCH($A395,Areas!$B$2:$B$6,0)),"") -> Rest of Building | J395: =IF(IF($B395="Trash",INDEX('Materials Master'!$F$2:$F$27,MATCH($C395,'Materials Master'!$A$2:$A$27,0)),IF($B395="GMPC Recycling",INDEX('Materials Master'!$G$2:$G$27,MATCH($C395,'Materials Master'!$A$2:$A$27,0)),IF($B395="Organics Recycling",INDEX('Materials Master'!$H$2:$H$27,MATCH($C395,'Materials Master'!$A$2:$A$27,0)),IF($B395="Cardboard Recycling",INDEX('Materials Master'!$I$2:$I$27,MATCH($C395,'Materials Master'!$A$2:$A$27,0)),IF($B395="Paper Recycling",INDEX('Materials Master'!$J$2:$J$27,MATCH($C395,'Materials Master'!$A$2:$A$27,0)),IF($B395="Terracycle",INDEX('Materials Master'!$K$2:$K$27,MATCH($C395,'Materials Master'!$A$2:$A$27,0)),"No"))))))="Yes",1,0) -> 0
A396: LOCATION C | B396: Cardboard Recycling | C396: FIB05 | D396: =IFERROR(INDEX('Materials Master'!$B$2:$B$27,MATCH($C396,'Materials Master'!$A$2:$A$27,0)),"") -> Soiled Paper | E396: =IFERROR(INDEX('Materials Master'!$C$2:$C$27,MATCH($C396,'Materials Master'!$A$2:$A$27,0)),"") -> Fibers | F396: =SUMIFS(Fact_SortedWeights!$E$2:$E$6,Fact_SortedWeights!$C$2:$C$6,$A396,Fact_SortedWeights!$B$2:$B$6,$B396,Fact_SortedWeights!$D$2:$D$6,$C396) -> 0 | G396: =IF(AND(IF($B396="Trash",INDEX('Materials Master'!$F$2:$F$27,MATCH($C396,'Materials Master'!$A$2:$A$27,0)),IF($B396="GMPC Recycling",INDEX('Materials Master'!$G$2:$G$27,MATCH($C396,'Materials Master'!$A$2:$A$27,0)),IF($B396="Organics Recycling",INDEX('Materials Master'!$H$2:$H$27,MATCH($C396,'Materials Master'!$A$2:$A$27,0)),IF($B396="Cardboard Recycling",INDEX('Materials Master'!$I$2:$I$27,MATCH($C396,'Materials Master'!$A$2:$A$27,0)),IF($B396="Paper Recycling",INDEX('Materials Master'!$J$2:$J$27,MATCH($C396,'Materials Master'!$A$2:$A$27,0)),IF($B396="Terracycle",INDEX('Materials Master'!$K$2:$K$27,MATCH($C396,'Materials Master'!$A$2:$A$27,0)),"No"))))))="Yes",INDEX('Materials Master'!$E$2:$E$27,MATCH($C396,'Materials Master'!$A$2:$A$27,0))="Yes",$B396<>"Trash"),1,0) -> 0 | H396: =INDEX('Materials Master'!$E$2:$E$27,MATCH($C396,'Materials Master'!$A$2:$A$27,0)) -> No | I396: =IFERROR(INDEX(Areas!$C$2:$C$6,MATCH($A396,Areas!$B$2:$B$6,0)),"") -> Rest of Building | J396: =IF(IF($B396="Trash",INDEX('Materials Master'!$F$2:$F$27,MATCH($C396,'Materials Master'!$A$2:$A$27,0)),IF($B396="GMPC Recycling",INDEX('Materials Master'!$G$2:$G$27,MATCH($C396,'Materials Master'!$A$2:$A$27,0)),IF($B396="Organics Recycling",INDEX('Materials Master'!$H$2:$H$27,MATCH($C396,'Materials Master'!$A$2:$A$27,0)),IF($B396="Cardboard Recycling",INDEX('Materials Master'!$I$2:$I$27,MATCH($C396,'Materials Master'!$A$2:$A$27,0)),IF($B396="Paper Recycling",INDEX('Materials Master'!$J$2:$J$27,MATCH($C396,'Materials Master'!$A$2:$A$27,0)),IF($B396="Terracycle",INDEX('Materials Master'!$K$2:$K$27,MATCH($C396,'Materials Master'!$A$2:$A$27,0)),"No"))))))="Yes",1,0) -> 0
A397: LOCATION C | B397: Cardboard Recycling | C397: FIB06 | D397: =IFERROR(INDEX('Materials Master'!$B$2:$B$27,MATCH($C397,'Materials Master'!$A$2:$A$27,0)),"") -> Beverage Cartons | E397: =IFERROR(INDEX('Materials Master'!$C$2:$C$27,MATCH($C397,'Materials Master'!$A$2:$A$27,0)),"") -> Fibers | F397: =SUMIFS(Fact_SortedWeights!$E$2:$E$6,Fact_SortedWeights!$C$2:$C$6,$A397,Fact_SortedWeights!$B$2:$B$6,$B397,Fact_SortedWeights!$D$2:$D$6,$C397) -> 0 | G397: =IF(AND(IF($B397="Trash",INDEX('Materials Master'!$F$2:$F$27,MATCH($C397,'Materials Master'!$A$2:$A$27,0)),IF($B397="GMPC Recycling",INDEX('Materials Master'!$G$2:$G$27,MATCH($C397,'Materials Master'!$A$2:$A$27,0)),IF($B397="Organics Recycling",INDEX('Materials Master'!$H$2:$H$27,MATCH($C397,'Materials Master'!$A$2:$A$27,0)),IF($B397="Cardboard Recycling",INDEX('Materials Master'!$I$2:$I$27,MATCH($C397,'Materials Master'!$A$2:$A$27,0)),IF($B397="Paper Recycling",INDEX('Materials Master'!$J$2:$J$27,MATCH($C397,'Materials Master'!$A$2:$A$27,0)),IF($B397="Terracycle",INDEX('Materials Master'!$K$2:$K$27,MATCH($C397,'Materials Master'!$A$2:$A$27,0)),"No"))))))="Yes",INDEX('Materials Master'!$E$2:$E$27,MATCH($C397,'Materials Master'!$A$2:$A$27,0))="Yes",$B397<>"Trash"),1,0) -> 1 | H397: =INDEX('Materials Master'!$E$2:$E$27,MATCH($C397,'Materials Master'!$A$2:$A$27,0)) -> Yes | I397: =IFERROR(INDEX(Areas!$C$2:$C$6,MATCH($A397,Areas!$B$2:$B$6,0)),"") -> Rest of Building | J397: =IF(IF($B397="Trash",INDEX('Materials Master'!$F$2:$F$27,MATCH($C397,'Materials Master'!$A$2:$A$27,0)),IF($B397="GMPC Recycling",INDEX('Materials Master'!$G$2:$G$27,MATCH($C397,'Materials Master'!$A$2:$A$27,0)),IF($B397="Organics Recycling",INDEX('Materials Master'!$H$2:$H$27,MATCH($C397,'Materials Master'!$A$2:$A$27,0)),IF($B397="Cardboard Recycling",INDEX('Materials Master'!$I$2:$I$27,MATCH($C397,'Materials Master'!$A$2:$A$27,0)),IF($B397="Paper Recycling",INDEX('Materials Master'!$J$2:$J$27,MATCH($C397,'Materials Master'!$A$2:$A$27,0)),IF($B397="Terracycle",INDEX('Materials Master'!$K$2:$K$27,MATCH($C397,'Materials Master'!$A$2:$A$27,0)),"No"))))))="Yes",1,0) -> 1
A398: LOCATION C | B398: Cardboard Recycling | C398: FIB07 | D398: =IFERROR(INDEX('Materials Master'!$B$2:$B$27,MATCH($C398,'Materials Master'!$A$2:$A$27,0)),"") -> Soiled Beverage Cartons | E398: =IFERROR(INDEX('Materials Master'!$C$2:$C$27,MATCH($C398,'Materials Master'!$A$2:$A$27,0)),"") -> Fibers | F398: =SUMIFS(Fact_SortedWeights!$E$2:$E$6,Fact_SortedWeights!$C$2:$C$6,$A398,Fact_SortedWeights!$B$2:$B$6,$B398,Fact_SortedWeights!$D$2:$D$6,$C398) -> 0 | G398: =IF(AND(IF($B398="Trash",INDEX('Materials Master'!$F$2:$F$27,MATCH($C398,'Materials Master'!$A$2:$A$27,0)),IF($B398="GMPC Recycling",INDEX('Materials Master'!$G$2:$G$27,MATCH($C398,'Materials Master'!$A$2:$A$27,0)),IF($B398="Organics Recycling",INDEX('Materials Master'!$H$2:$H$27,MATCH($C398,'Materials Master'!$A$2:$A$27,0)),IF($B398="Cardboard Recycling",INDEX('Materials Master'!$I$2:$I$27,MATCH($C398,'Materials Master'!$A$2:$A$27,0)),IF($B398="Paper Recycling",INDEX('Materials Master'!$J$2:$J$27,MATCH($C398,'Materials Master'!$A$2:$A$27,0)),IF($B398="Terracycle",INDEX('Materials Master'!$K$2:$K$27,MATCH($C398,'Materials Master'!$A$2:$A$27,0)),"No"))))))="Yes",INDEX('Materials Master'!$E$2:$E$27,MATCH($C398,'Materials Master'!$A$2:$A$27,0))="Yes",$B398<>"Trash"),1,0) -> 0 | H398: =INDEX('Materials Master'!$E$2:$E$27,MATCH($C398,'Materials Master'!$A$2:$A$27,0)) -> No | I398: =IFERROR(INDEX(Areas!$C$2:$C$6,MATCH($A398,Areas!$B$2:$B$6,0)),"") -> Rest of Building | J398: =IF(IF($B398="Trash",INDEX('Materials Master'!$F$2:$F$27,MATCH($C398,'Materials Master'!$A$2:$A$27,0)),IF($B398="GMPC Recycling",INDEX('Materials Master'!$G$2:$G$27,MATCH($C398,'Materials Master'!$A$2:$A$27,0)),IF($B398="Organics Recycling",INDEX('Materials Master'!$H$2:$H$27,MATCH($C398,'Materials Master'!$A$2:$A$27,0)),IF($B398="Cardboard Recycling",INDEX('Materials Master'!$I$2:$I$27,MATCH($C398,'Materials Master'!$A$2:$A$27,0)),IF($B398="Paper Recycling",INDEX('Materials Master'!$J$2:$J$27,MATCH($C398,'Materials Master'!$A$2:$A$27,0)),IF($B398="Terracycle",INDEX('Materials Master'!$K$2:$K$27,MATCH($C398,'Materials Master'!$A$2:$A$27,0)),"No"))))))="Yes",1,0) -> 0
